"building_id","filename","archive","size_bytes","sha256"
"SD0001_T001_1hao","SD0001_T001_1hao.xlsx","hourly-data-01.zip","988350","08dd6303c7775ed3190b44a6e1b49d9f635fc1440d62cc862185317d0f868da0"
"SD0001_T002_2hao","SD0001_T002_2hao.xlsx","hourly-data-01.zip","1009817","940ec83cc9d5d2308c8426a1ab07f9eee44250bbfb962bc3d96e34be444ced05"
"SD0001_T003_3hao","SD0001_T003_3hao.xlsx","hourly-data-01.zip","993491","3a141ea3129e10366cdf2da0d678bc60a65c10cdfa20341eee84fd0c05a8cece"
"SD0001_T004_4hao","SD0001_T004_4hao.xlsx","hourly-data-01.zip","1001632","8b00ef496eed9dcac1a84578ac23b16be8b51ee51e5e7524df2689ac1b22ba2f"
"SD0001_T005_5hao","SD0001_T005_5hao.xlsx","hourly-data-01.zip","995753","ceafb9523dbd985ae33f10c96e2d394a418aee421b881a223b927e59ef4477eb"
"SD0001_T006_6hao","SD0001_T006_6hao.xlsx","hourly-data-01.zip","995517","0e97350dba48926ccf2d842096afb288a8587d3d047ba0654dd5f911ab9bc4b3"
"SD0001_T007_7hao","SD0001_T007_7hao.xlsx","hourly-data-01.zip","1013098","f9e695d733a1babed41baabc75ce96c0897a249309874309b800172aa918776e"
"SD0001_T008_8hao","SD0001_T008_8hao.xlsx","hourly-data-01.zip","992937","9c3de722ba51e89b213413a408eb5e2ca43fb87441616d4aa2e923b446bcadf1"
"SD0001_T009_9hao","SD0001_T009_9hao.xlsx","hourly-data-01.zip","1007819","70a77d09a2eb43f136fe4930b9114245eff4f648b83d33e4073635f56d0fe30a"
"SD0001_T010_10hao","SD0001_T010_10hao.xlsx","hourly-data-01.zip","1011326","e645e0609d7ee844504bd4b22f3eb584f8dac98ff20a08e6b2524ce427a426c8"
"SD0001_T011_11hao","SD0001_T011_11hao.xlsx","hourly-data-01.zip","1010182","b56b884adf897ed909ef56f25a67d479eed5969967b380d551d5ecb73ab8793b"
"SD0002_T001_1hao","SD0002_T001_1hao.xlsx","hourly-data-01.zip","984360","0eddb8c99c93f0336871a3b35dc0e1b7ab16236054de1e9c1bec282020eeabd4"
"SD0002_T002_2hao","SD0002_T002_2hao.xlsx","hourly-data-01.zip","996114","16059399e12f728b24b8a733725d780bb0ba94e5e135e8db07a76ae13741ffef"
"SD0003_T001_1hao","SD0003_T001_1hao.xlsx","hourly-data-01.zip","1021714","bbdf7a55e94088c6d09450ac4a98e5b9193e5d5583ed49dcae92c50a036a0928"
"SD0004_T001_1hao","SD0004_T001_1hao.xlsx","hourly-data-01.zip","993621","da2a426b900f9f145ad76e1d3c09496c841b88ffdcd4f92fd7bf315f4380a4a6"
"SD0005_T001_1hao","SD0005_T001_1hao.xlsx","hourly-data-01.zip","977236","0475de8734e309533a58f5a9329f9fb7f4427fcbe9f4c80fe2ed35d09e440429"
"SD0005_T002_2hao","SD0005_T002_2hao.xlsx","hourly-data-01.zip","997142","da9cd555ff399ec1a11c69a2ca8c850ade62ce26233412061e1016e7825fa5da"
"SD0006_T001_1hao","SD0006_T001_1hao.xlsx","hourly-data-01.zip","1019066","9ce793ebbfcf9d2b3b5363114c8aefab1960b9ee361fea0294f3856d8b8d512a"
"SD0007_T001_1hao","SD0007_T001_1hao.xlsx","hourly-data-01.zip","994994","23cd89b722faf606ee64c0e59856941ff52511de7f4843cacb024ac84150bd97"
"SD0008_T001_1hao","SD0008_T001_1hao.xlsx","hourly-data-01.zip","998078","b6d0e3551bdac283ff5eaad8eef45f26b0dc54ba3bd38bb2c74d3f96a0c674cc"
"SD0008_T002_2hao","SD0008_T002_2hao.xlsx","hourly-data-01.zip","1007579","f2cec49a8edc6cc3595cff4ff24b4d2977bbe555f5b625508972fa494e93196d"
"SD0008_T003_3hao","SD0008_T003_3hao.xlsx","hourly-data-01.zip","1000094","ffb559ae719b944eec386923902dfcb5df30c5d1b618b5da27a52da94cc74530"
"SD0008_T004_4hao","SD0008_T004_4hao.xlsx","hourly-data-01.zip","1004283","9e32f3893240299b9a7c0e1e81cab1d613ca50afb8887af8af7135e223f08004"
"SD0009_T001_1hao","SD0009_T001_1hao.xlsx","hourly-data-01.zip","1014207","6debd8fccfce511b5c27b271dff82deb247701b06bb602d8a28b969256f52a9a"
"SD0010_T001_1hao","SD0010_T001_1hao.xlsx","hourly-data-01.zip","1003189","5dc6f8b5050a231c7b6184824aa07d0700ffdbe392b60be7ebcbbfc365dc5fe1"
"SD0011_T001_1hao","SD0011_T001_1hao.xlsx","hourly-data-01.zip","1018958","9ad96db1924ad3ace697f4e78018bcc71a50679962832871e72e923cdf605259"
"SD0012_T001_1hao","SD0012_T001_1hao.xlsx","hourly-data-01.zip","1009371","87cb7da122f5745fd7f376ccea8de8e2ef676aed64f47a8548a5f6516346aeeb"
"SD0013_T001_1hao","SD0013_T001_1hao.xlsx","hourly-data-01.zip","1008086","09153d2348ff5f1fc8902cec1308fb49c60c8df9a82824cae6cb96e9b3b8e434"
"SD0014_T001_1hao","SD0014_T001_1hao.xlsx","hourly-data-01.zip","995204","d2e75982386b7fd1842193de0f0f90a5ec164b6a9e666a2bd1a5094d2ff99e9a"
"SD0015_T001_1hao","SD0015_T001_1hao.xlsx","hourly-data-01.zip","1005213","5e274fea5c4ffcefd0243fb2ed867a60bdd61661179ec444f5cbda8f851ce8d8"
"SD0016_T001_1hao","SD0016_T001_1hao.xlsx","hourly-data-01.zip","996983","8bacc5524b17afd22ca6a50c091869c02ed36f50d3c1db79795ac0bf61182830"
"SD0017_T001_1hao","SD0017_T001_1hao.xlsx","hourly-data-01.zip","987845","fb273a17d2137b708dbb1c0be184181a4e9b5a754ed0b0246aa9a798036a305b"
"SD0018_T001_1hao","SD0018_T001_1hao.xlsx","hourly-data-01.zip","994644","c2b6c87cd878eb40a9b9179e28b7e82edcfe85557b61e666baddfb21d850987f"
"SD0019_T001_1hao","SD0019_T001_1hao.xlsx","hourly-data-01.zip","1002902","1f78f900e7e3ea022c38b817854af9d6a584650d28de91bf3006417e7a54f1e9"
"SD0020_T001_1hao","SD0020_T001_1hao.xlsx","hourly-data-01.zip","990512","464ed2a63e4216cc808f80b69f02fb36b0e81d117ae981d74b5e9bc797605010"
"SD0020_T002_2hao","SD0020_T002_2hao.xlsx","hourly-data-01.zip","978174","ffce070e0dc7d3b135a6381c41875163c3228bd6d7a6d8f04d7179bbe352e5bc"
"SD0020_T003_3hao","SD0020_T003_3hao.xlsx","hourly-data-01.zip","979141","c72fc5b04f53482b2071cbdf5973af63fc3ec05c93289a49cf97cf3612a3fd0e"
"SD0020_T004_4hao","SD0020_T004_4hao.xlsx","hourly-data-01.zip","990823","3b0356e2694c0d760fcf8cf4e906460e9b3988b08679b1fa6684b9c19ce40fc1"
"SD0021_T001_1hao","SD0021_T001_1hao.xlsx","hourly-data-01.zip","1002034","1e2e6e9aa0b1fdc5d2b4441c31a3ed9e909ef61f675bc5ba671d969c18e413c7"
"SD0022_T001_1hao","SD0022_T001_1hao.xlsx","hourly-data-01.zip","1016863","ae5730ba5f1ebbfbf528fbc7a58f8002894e9803b6459d280339cfb9d335b13d"
"SD0022_T002_2hao","SD0022_T002_2hao.xlsx","hourly-data-01.zip","1017390","a1898de1686ec71a82f1b05511b0086e0a711bc491b7066139d369aadb56b7f1"
"SD0022_T003_3hao","SD0022_T003_3hao.xlsx","hourly-data-01.zip","1002345","cacd387fe4e2089e35227cccd3d04f0d1c62a65bfeb64f88cd8020e2a3bc9b9d"
"SD0023_T001_1hao","SD0023_T001_1hao.xlsx","hourly-data-01.zip","986391","31e9feb2f42428f91405e771bbaa129e4c1c76a3bc34d053f8ac6f80791dab67"
"SD0023_T002_2hao","SD0023_T002_2hao.xlsx","hourly-data-01.zip","992986","677d604a250b37d6856614e16aae4232795de8da8e942515bab0c0cedb694b38"
"SD0023_T003_3hao","SD0023_T003_3hao.xlsx","hourly-data-01.zip","1006811","beb92e92366405f7cf4acdce25d2f5c2df7f79913023cd3c929772d103500cbb"
"SD0023_T004_4hao","SD0023_T004_4hao.xlsx","hourly-data-01.zip","1002998","c76d80c71db738a66c0a6e87ab0d147d5b3eac97a6a22ea2f74ec857563446b0"
"SD0023_T005_5hao","SD0023_T005_5hao.xlsx","hourly-data-01.zip","1011666","d0159a90e826e1c18fa8e33bff82eb58117b7362b61a1a1e97dd3781f61142a4"
"SD0023_T006_6hao","SD0023_T006_6hao.xlsx","hourly-data-01.zip","996171","c9dbd4b7976acfc64bc287fcda92a90cc562642cfdc7dfc3e58fabd61e9d66aa"
"SD0023_T007_7hao","SD0023_T007_7hao.xlsx","hourly-data-01.zip","982682","846e91731a8db94de149eba9fa05d91dd77bc6503d84e01d68af719f89cfb052"
"SD0023_T008_8hao","SD0023_T008_8hao.xlsx","hourly-data-01.zip","1002226","5c05193c3eccc7535ed9d4ac441d3aeabb8531298e04b98b1441e06df4e9b162"
"SD0023_T009_9hao","SD0023_T009_9hao.xlsx","hourly-data-01.zip","982456","9f0bfcdb8be61439e215a033d505b4bc04cc58907c867f25982a57ce677274c8"
"SD0023_T010_10hao","SD0023_T010_10hao.xlsx","hourly-data-01.zip","991655","a7fa9f8f8a6d25bba14a1b2e8eb59a9c385444f99e1ecc00aefc6388b43301d5"
"SD0023_T011_11hao","SD0023_T011_11hao.xlsx","hourly-data-01.zip","987672","772c4aab38cd7b1635498ad653fbf8dfa78c08eac0b8b1074a66d3248b7abc45"
"SD0024_T001_1hao","SD0024_T001_1hao.xlsx","hourly-data-01.zip","988476","ce4c3cd0833b01a8979da6c2a1a58ef1ffc22b129702291ebf2f9cae1e6b9f9c"
"SD0024_T002_2hao","SD0024_T002_2hao.xlsx","hourly-data-01.zip","992492","6d0a794189bd11798043b39a1076bac5a0eec35bd0d7d6323e33e66b50d4802a"
"SD0024_T003_3hao","SD0024_T003_3hao.xlsx","hourly-data-01.zip","997022","6ebe6f2c13fa2ef8e4c6d395a2818aad15ae947839ec9f8b19aff1f29b0cb55f"
"SD0025_T001_1hao","SD0025_T001_1hao.xlsx","hourly-data-01.zip","1009899","db979a508375763b0200fecfe15381f79a4e28a197150f43d48004603aa56046"
"SD0026_T001_1hao","SD0026_T001_1hao.xlsx","hourly-data-01.zip","1020073","b106594da3e0b15d40515375d01c3d3cfb324cc69cd9c2a57e11d546bac71795"
"SD0026_T002_2hao","SD0026_T002_2hao.xlsx","hourly-data-01.zip","1007816","a6d39e977908019c041028b94925e9af1bbccba12d078b993ed4ff003efe0e83"
"SD0026_T003_3hao","SD0026_T003_3hao.xlsx","hourly-data-01.zip","1016680","c7bece5490a786344fb7aff826f434f622f6f041e5eae85aa0c62a8346e046c8"
"SD0026_T004_4hao","SD0026_T004_4hao.xlsx","hourly-data-01.zip","1021283","a937ea59f29726107ff190544af163bf6bf66803b70eabdd5d4302d539619e22"
"SD0026_T005_5hao","SD0026_T005_5hao.xlsx","hourly-data-01.zip","1010152","b3314a8d832aae047db8b9e6055e9371a6e189a42fe7f93e4c916dc7c4486929"
"SD0027_T001_1hao","SD0027_T001_1hao.xlsx","hourly-data-01.zip","1014919","be5acba9b7c3d825ec51d4b620f6bf6fa2b97c30ac6b3afd892c6aa6bfdf0b18"
"SD0027_T002_2hao","SD0027_T002_2hao.xlsx","hourly-data-01.zip","1015742","dcfb48ebde9cfdf213619c1fea5e56bad55ed39bed8de556eba97763ebd56f02"
"SD0027_T003_3hao","SD0027_T003_3hao.xlsx","hourly-data-01.zip","1019186","b79836fbed42868b6d2868f16e77f23caf0a616028de61f22f54b4d2280d9791"
"SD0027_T004_4hao","SD0027_T004_4hao.xlsx","hourly-data-01.zip","1015119","7c7572a9686728a08123a4c829d759227c7f53385794da25323c7377bd0a7a15"
"SD0027_T005_5hao","SD0027_T005_5hao.xlsx","hourly-data-01.zip","1014278","aaec390b2110577791c9cb6adaab50fa7a32d534258087fb064b5e26ebbd89f2"
"SD0028_T001_1hao","SD0028_T001_1hao.xlsx","hourly-data-01.zip","1002466","ae16ff8cf5dea03919857bfdabfef9db0a3c143d938f1f28bc165ed76feacf9d"
"SD0028_T002_2hao","SD0028_T002_2hao.xlsx","hourly-data-01.zip","1014107","a8835a219ee10a4dfdc569e172cc5fa88dd58d3d6eb18b8250f887c6e8ac07e6"
"SD0029_T001_1hao","SD0029_T001_1hao.xlsx","hourly-data-01.zip","1010371","751a8d90ee6d7c8975fe8d2c7b44a184082b5653ee3e177a245cd12f85ea61b1"
"SD0029_T002_2hao","SD0029_T002_2hao.xlsx","hourly-data-01.zip","1009983","534cdaa7c35a100047f0dded4ad678149d377fe505dd6e0133fbafce2cf8df5d"
"SD0029_T003_3hao","SD0029_T003_3hao.xlsx","hourly-data-01.zip","1011544","458a7fe3b274b249d8c3133cc02351611b734683e2e8592797dc3987afa1453e"
"SD0030_T001_1hao","SD0030_T001_1hao.xlsx","hourly-data-01.zip","1002365","afa1e69254b4031886b9c24ceb06a0a36fa6f25f88cef1b30b7165c6669d5037"
"SD0031_T001_1hao","SD0031_T001_1hao.xlsx","hourly-data-01.zip","1004694","b97b318a35e19cf967b04f0728eada5c2cf958dd63972ceb28759c7b5db4c0c1"
"SD0032_T001_1hao","SD0032_T001_1hao.xlsx","hourly-data-01.zip","991783","8a5e6d450ed406e14f10f191f67accd71564b14075b37ca4326898f0f77c7acf"
"SD0032_T002_2hao","SD0032_T002_2hao.xlsx","hourly-data-01.zip","989429","b23cca4b4b10b68d70bcc42c86514f5ed5c80bfa85eeb98ad33c5774d5050434"
"SD0032_T003_3hao","SD0032_T003_3hao.xlsx","hourly-data-01.zip","989586","41f4b09de75c92132603d574c01dcf320de37fbffa3c181916599bd70c5a69a8"
"SD0032_T004_4hao","SD0032_T004_4hao.xlsx","hourly-data-01.zip","988614","960370fc235d524b20eb0cf808257eff3095768cdc2d99544776816fbea03d85"
"SD0032_T005_5hao","SD0032_T005_5hao.xlsx","hourly-data-01.zip","987412","37aaddce8d1c19e94bbbf20f7dbc141f837c0782fec4b12f3f846549ca493a86"
"SD0034_T001_1hao","SD0034_T001_1hao.xlsx","hourly-data-01.zip","996750","e5582776415e27b0d1bf70253ca99efff2b460e30c58e5d5613fcb5b187387f3"
"SD0034_T002_2hao","SD0034_T002_2hao.xlsx","hourly-data-01.zip","1009539","7f7bed80dd761dd18916a6939b5ac06d0e8a288e55592207fe142917fc850ccd"
"SD0034_T003_3hao","SD0034_T003_3hao.xlsx","hourly-data-01.zip","997748","ea55251243e5ae4338655540e4219681d59e9c1488b77b096e50561e310842fd"
"SD0034_T004_4hao","SD0034_T004_4hao.xlsx","hourly-data-01.zip","999329","e8b543b59ae949787012d4eeea6619d74cbf0dce93e27f5e9e145e1759faf9af"
"SD0034_T005_5hao","SD0034_T005_5hao.xlsx","hourly-data-01.zip","998564","08371eb2d44a22009105ed8fa45b302d5515696db4b1692ed9fd1999c53dac63"
"SD0034_T006_6hao","SD0034_T006_6hao.xlsx","hourly-data-01.zip","988952","994d512b9db6d96099b456503b782b924857b95a57750cb43bbd6d0777ff9726"
"SD0035_T001_1hao","SD0035_T001_1hao.xlsx","hourly-data-01.zip","990698","aafbfc9677a7d303d62dbf3889b89b6592dca3f7b5b9504abd8ceca33e1ed248"
"SD0035_T002_2hao","SD0035_T002_2hao.xlsx","hourly-data-01.zip","993438","fc8d12428ee20889f0fb652749c2edb0a1f4b70754f7574776be74da0c567cb1"
"SD0035_T003_3hao","SD0035_T003_3hao.xlsx","hourly-data-01.zip","999323","3f623a1e98cab8ec03c00f0eb5acfdef6e455f11e0cc99e992e21fac8f037811"
"SD0035_T004_4hao","SD0035_T004_4hao.xlsx","hourly-data-01.zip","988219","b44e8fc1f3d81f47df3e946773152337fbff9aec70f45a73c3a04f2bb72a4d5a"
"SD0035_T005_5hao","SD0035_T005_5hao.xlsx","hourly-data-01.zip","986208","9fc85e17d15a9252cc25daa94c31574abc1cc9cfddccd058c188be13b4767748"
"SD0035_T006_6hao","SD0035_T006_6hao.xlsx","hourly-data-01.zip","995678","da2c7a53cb0a06bf2f2051c757838f2874aaf83730a005a7655026e722315f4c"
"SD0035_T007_7hao","SD0035_T007_7hao.xlsx","hourly-data-01.zip","995846","fbc90c27f30a8be6663f0dec7b9508064a36dcf1a4ec17132d500bf9c4e0f754"
"SD0035_T008_8hao","SD0035_T008_8hao.xlsx","hourly-data-01.zip","1007577","f8957cc3d7f28eb5f7ffec5cb6f44c9982fa5554ba443cdca8422fbbfd6ace86"
"SD0035_T009_9hao","SD0035_T009_9hao.xlsx","hourly-data-01.zip","826984","0584dab30e3a4e1823b93532f53a55650a61d79e13e2ef9ab024155955f70a64"
"SD0035_T010_10hao","SD0035_T010_10hao.xlsx","hourly-data-01.zip","993154","0e9d55f3f5055ac2695aea082299a80f1d923147969f9dfa776fed02fa553d28"
"SD0036_T001_1hao","SD0036_T001_1hao.xlsx","hourly-data-01.zip","999967","22903ef024bb1d51603572d8ad285fbd02cbf6a4cbb01176fc73e095e3d72adb"
"SD0036_T002_2hao","SD0036_T002_2hao.xlsx","hourly-data-01.zip","999695","f8ba356a65c0929f22e7d9b4b8aff9db325e9a33757d47a4772bfdfe315d8bcb"
"SD0036_T003_3hao","SD0036_T003_3hao.xlsx","hourly-data-01.zip","988981","998d6537dc1966e6d4f8511bcff07846329ede48304fe8126bd24540e7409e8d"
"SD0036_T004_4hao","SD0036_T004_4hao.xlsx","hourly-data-01.zip","997346","4e3edf4b58e94835761153de9e3426bf883dbf0c95adb7e43537658fe78561df"
"SD0036_T005_5hao","SD0036_T005_5hao.xlsx","hourly-data-01.zip","1008021","a4117d402d5adb56f0d4c0d880febe88962425dfb545210fed45ea70e066f8bc"
"SD0036_T006_6hao","SD0036_T006_6hao.xlsx","hourly-data-01.zip","1009739","43227e284baf3cf22cd2aa9830e12674d735f90d2400a160fc15bb454e2d0eef"
"SD0036_T007_7hao","SD0036_T007_7hao.xlsx","hourly-data-01.zip","1006247","cf6419a56c4b6ed6e32635cce8bd49b32078c98419b0add170141558453da48d"
"SD0036_T008_8hao","SD0036_T008_8hao.xlsx","hourly-data-01.zip","1007664","0da8a4328cf10b57f263a6987df9f3ba7b1fd267da334efa62f9aec051f31a5c"
"SD0036_T009_9hao","SD0036_T009_9hao.xlsx","hourly-data-01.zip","1004752","08efac24faf3b9887a4b7ead7732f1888962bb0e51da58cdd6502496b8ecbca4"
"SD0036_T010_10hao","SD0036_T010_10hao.xlsx","hourly-data-01.zip","1006271","fb3722a5f4b6d49e98f3a0397def255da9863ff02c6f9ec61718b50ffce784dd"
"SD0037_T001_1hao","SD0037_T001_1hao.xlsx","hourly-data-01.zip","1002587","c9f64a10cedeb294e8ad1b26de67f997d89375b27275010913cbe7aa9153401b"
"SD0038_T001_1hao","SD0038_T001_1hao.xlsx","hourly-data-01.zip","1006412","f0a3f19292c0542e2654ea7866f8945ac25e38a117c41de1c5c2909889a6d60f"
"SD0038_T002_2hao","SD0038_T002_2hao.xlsx","hourly-data-01.zip","998648","cf610d61cd78220f68dd92e67070708b05b6c726e96811a07e205736cf05082e"
"SD0039_T001_1hao","SD0039_T001_1hao.xlsx","hourly-data-01.zip","1017982","8746e2a5f4207a0875456645f2ea62a476051f7da81628dd640f0e04741d8d71"
"SD0039_T002_2hao","SD0039_T002_2hao.xlsx","hourly-data-01.zip","1007393","fef43bc4a5ecf99cc94972ce3e93b4598be1ae1093a533118fae80aa03c003a1"
"SD0039_T003_3hao","SD0039_T003_3hao.xlsx","hourly-data-01.zip","1021082","599e506510e1347e6e6268a3b57883889087aca2fae6a94b05be9389b2977087"
"SD0039_T004_4hao","SD0039_T004_4hao.xlsx","hourly-data-01.zip","1006866","c5d5ea0a2711e973ec71c529b02fa2756808cfcf4186dcb952a253f152a510ca"
"SD0039_T005_5hao","SD0039_T005_5hao.xlsx","hourly-data-01.zip","1007644","dafd1a5022b0fbe4782693aeeb35f6245c3d0de221128e6f7870f8f178e76362"
"SD0039_T006_6hao","SD0039_T006_6hao.xlsx","hourly-data-01.zip","1005535","9ba6cd28f9761460a6b63432e5972e80ab84835503c3b31d49b2d381956b8e2b"
"SD0039_T007_7hao","SD0039_T007_7hao.xlsx","hourly-data-01.zip","1019648","39961eb2f4ed66de2f6ea16c95761dd99a56e348e53cb59f00d9db8e05282b50"
"SD0040_T001_1hao","SD0040_T001_1hao.xlsx","hourly-data-01.zip","1006573","d2eb9fcc98a1a963406cb9c6a9e0962a5aeec391ee4f28037d88a11d30a96032"
"SD0040_T002_2hao","SD0040_T002_2hao.xlsx","hourly-data-01.zip","1005414","6ae8e2c0e887cd652507db53d69344689c0f5bbc040a3e912938a3fa09a86fb5"
"SD0040_T003_3hao","SD0040_T003_3hao.xlsx","hourly-data-01.zip","1004287","84f91d286ff4c70ac5c4dbb3da2fb919d3c9b44a4f0e4a6b685574b7c4ab9f3b"
"SD0040_T004_4hao","SD0040_T004_4hao.xlsx","hourly-data-01.zip","1020862","42c502db14a5402757f151cfd19c0c90e8e209b59830ea7d6b587e116789e15b"
"SD0040_T005_5hao","SD0040_T005_5hao.xlsx","hourly-data-01.zip","1007467","434e3814339d6e20976d37c30e55166ccbefb2dc84727ae8ff4d96d9673799ef"
"SD0040_T006_6hao","SD0040_T006_6hao.xlsx","hourly-data-01.zip","1020166","ea6035bb035560c99f4876c60c3dea3fba35f34b5cf7f7ed10800a55da51a4a9"
"SD0040_T007_7hao","SD0040_T007_7hao.xlsx","hourly-data-01.zip","1008730","18d340cc59d3ab7d7128f24cb17995ed2cdada3045457fdc854dd53495b202c5"
"SD0040_T008_8hao","SD0040_T008_8hao.xlsx","hourly-data-01.zip","1008916","379de394a1438fe32e3c549236d3484351317dc9cd2c7a5044c29d52a697965f"
"SD0041_T001_1hao","SD0041_T001_1hao.xlsx","hourly-data-01.zip","1006890","0db863f746bf547369473e043a46bfac48b13ea2afa5db3e7de3c0dbcfe16147"
"SD0041_T002_2hao","SD0041_T002_2hao.xlsx","hourly-data-01.zip","1014445","b49f05a8172df1deea99e37cc3388c4e032be0fd34c66de6b7dd1ee5ca3ea802"
"SD0041_T003_3hao","SD0041_T003_3hao.xlsx","hourly-data-01.zip","827204","f44f22e3620fee3fa83bdb049c796855a4fc06e575ab0120cea823bc317315ef"
"SD0041_T004_4hao","SD0041_T004_4hao.xlsx","hourly-data-01.zip","1011243","a7087b5b16ce1b87174d0da7a0a4eb99a139a9b4786128737fe94fee98410c78"
"SD0042_T001_1hao","SD0042_T001_1hao.xlsx","hourly-data-01.zip","1017447","06b77a777f64ad4c93f76b12f5ce747f24ced55720dcb13e0daafd7021408a42"
"SD0043_T001_1hao","SD0043_T001_1hao.xlsx","hourly-data-01.zip","983308","64b58b0fe91a3ed31efc71e8f580e3998f84bc021d8a32ce16ee199677cfc36d"
"SD0043_T002_2hao","SD0043_T002_2hao.xlsx","hourly-data-01.zip","990552","31d63783901c2d05ef1fca84547021fc0dfdd2e268dd95ba82dfbeef8a71eae7"
"SD0043_T003_3hao","SD0043_T003_3hao.xlsx","hourly-data-01.zip","983536","7f4b5359743eb6a6dd8e4c6d3f3a5bcc0d49878a7211bc0d77c42bb18628fcd1"
"SD0043_T004_4hao","SD0043_T004_4hao.xlsx","hourly-data-01.zip","991823","902e88e2d81b3252bae34875c403ddeb42232b67807c31d252619044da996dcf"
"SD0043_T005_5hao","SD0043_T005_5hao.xlsx","hourly-data-01.zip","979000","c7c9256569f6004a1431b80687eba208f28eb3d47ed0f541e6afa4bb6c74a6ad"
"SD0043_T006_6hao","SD0043_T006_6hao.xlsx","hourly-data-01.zip","982794","813f4ab182680e2329f80f7da65801f291f58d7e41e8e279a314561392d5bc04"
"SD0043_T007_7hao","SD0043_T007_7hao.xlsx","hourly-data-01.zip","979816","534180315e63a989c0d9478aa2dfd285c0e3cb7d734e6f4e982ec69b7198804a"
"SD0043_T008_8hao","SD0043_T008_8hao.xlsx","hourly-data-01.zip","984453","e86018d386031e497a0a26ac038af392e33d551825df9b3a68be54db9c6133b0"
"SD0043_T009_9hao","SD0043_T009_9hao.xlsx","hourly-data-01.zip","984393","095b0877e749434dbfd11ea7a435ffc9f7bf5048ba5a2b93a1f8c664b243b014"
"SD0043_T010_10hao","SD0043_T010_10hao.xlsx","hourly-data-01.zip","979158","f094570a8d480cc73a0ce27599ef0f707951538391c45b3bc32e988d68705f54"
"SD0043_T011_11hao","SD0043_T011_11hao.xlsx","hourly-data-01.zip","989836","1f437c16c329aa4ac5c3f97c872c5650068c654464a92203ec0e98739e836759"
"SD0043_T012_12hao","SD0043_T012_12hao.xlsx","hourly-data-01.zip","985455","c57fc4ea9d547078af995f3b77cf7e9319ad4b813133287ba6151e0b4a79fee7"
"SD0043_T013_13hao","SD0043_T013_13hao.xlsx","hourly-data-01.zip","989363","a7cbf88f51813f462a20a1f5e92271b25f94d469f961f967963c9cfc3fadea8b"
"SD0043_T014_14hao","SD0043_T014_14hao.xlsx","hourly-data-01.zip","989350","96d38635c357ab0064f94bdfcb643160829cea1b5dfdd0dc2a39cabefb9bfc07"
"SD0043_T015_15hao","SD0043_T015_15hao.xlsx","hourly-data-01.zip","980695","dd55823d31a58901d0d925e1c285b58e760f4404b7f99536888cbc23251d5728"
"SD0043_T016_16hao","SD0043_T016_16hao.xlsx","hourly-data-01.zip","822682","f235dd254177abee535e33efc7b709aee43a4608c6ab0aecc3bd1111505747fe"
"SD0043_T017_17hao","SD0043_T017_17hao.xlsx","hourly-data-01.zip","994388","7fa8011f009442131506fc2293d645edd54d1f42a45a133432211e01250aba93"
"SD0043_T018_18hao","SD0043_T018_18hao.xlsx","hourly-data-01.zip","992788","51dfa9bcf437fb5e86b022902fd0f6b32d04cf332237a2f040b1b9b23fe03c3c"
"SD0043_T019_19hao","SD0043_T019_19hao.xlsx","hourly-data-01.zip","985747","c2abaaf486f9de036179d951140749004d619b90d690335ad15b17312d391403"
"SD0043_T020_20hao","SD0043_T020_20hao.xlsx","hourly-data-01.zip","987482","f385e4cf8846c95f7f896a5511216e24b127b0ff6784ab49437480baae69b4df"
"SD0043_T021_21hao","SD0043_T021_21hao.xlsx","hourly-data-01.zip","996682","10223ff183c6043ffae689e094f597a1222e834faa1fd6f599803a6a94b60aa4"
"SD0043_T022_22hao","SD0043_T022_22hao.xlsx","hourly-data-01.zip","987033","7a6a9d9e23f3144813acccb5896be1c4731739a186ead97639c8a2ec5d402897"
"SD0043_T023_23hao","SD0043_T023_23hao.xlsx","hourly-data-01.zip","987258","fef910947b5f85163b7ae5769f3d4cd4ec2b10ada9865a1ea37d11a477fe8e7d"
"SD0043_T024_24hao","SD0043_T024_24hao.xlsx","hourly-data-01.zip","986332","758c2907eac77fcb4384df67f0aafcd57a6f895b39e22eca84d2ab30351adcf7"
"SD0043_T025_25hao","SD0043_T025_25hao.xlsx","hourly-data-01.zip","983542","a5ad681c37b532c0bcac1c4d74d9db33e5d80732488a1f7f918460ba40251022"
"SD0043_T026_26hao","SD0043_T026_26hao.xlsx","hourly-data-01.zip","984378","7cb52b23affcf7ae6def6b21f6ee99d1d25e589e3d1cf11cbd16c4eb25eb17d8"
"SD0043_T027_27hao","SD0043_T027_27hao.xlsx","hourly-data-01.zip","980023","b912c0886cfb46dfb1c5080cc8cce9d00661e1932580d91a45b7bd5166f520ff"
"SD0043_T028_28hao","SD0043_T028_28hao.xlsx","hourly-data-01.zip","979490","6f64e66b710eede38d32aec70f0b3386cb3727e3f3e3ea579082b9518a792b63"
"SD0043_T029_29hao","SD0043_T029_29hao.xlsx","hourly-data-01.zip","830394","2d7bb05bb442c3bd25cc09b6be680bb9330f953b76aae24f2f05f13456725026"
"SD0043_T030_30hao","SD0043_T030_30hao.xlsx","hourly-data-01.zip","983155","3b3739eabde4c1acc57384003959c8272ea50e34c03e51f49b067a427ab794a0"
"SD0043_T031_31hao","SD0043_T031_31hao.xlsx","hourly-data-01.zip","982282","fe4321b6e8ced23dd30997bc3f0278719713c8cd1bfdc9fc22bb3d53d946f423"
"SD0043_T032_32hao","SD0043_T032_32hao.xlsx","hourly-data-01.zip","983150","ff5f66baf2aa9c735a371e8546d80996f850577fcc655ea4606055f026e74f02"
"SD0044_T001_1hao","SD0044_T001_1hao.xlsx","hourly-data-01.zip","1002530","94006013ab31571bd656bcf38fb3858f6a8e4b17c60cfafe915b82a7af7ced36"
"SD0044_T002_2hao","SD0044_T002_2hao.xlsx","hourly-data-01.zip","1013616","cb89e8b5b916c648190d27051a5a5c79c90157c875ca10d2871c38f645e57499"
"SD0045_T001_1hao","SD0045_T001_1hao.xlsx","hourly-data-01.zip","1008776","3b1cdc4025f34b80a7acbffc571d999496a6fd3c08949816fa67eb37ceac7287"
"SD0046_T001_1hao","SD0046_T001_1hao.xlsx","hourly-data-01.zip","1004945","4d697aedf3c7b12e7e4b9dc31e22e0e03ad4a8e629cf8b824929125c08d25474"
"SD0046_T002_2hao","SD0046_T002_2hao.xlsx","hourly-data-01.zip","1007868","acb72b24a2036e4f71eaa696b59dc4a88d55dcbe2f0cabcec8fbc57df794e4c5"
"SD0046_T003_3hao","SD0046_T003_3hao.xlsx","hourly-data-01.zip","985977","dceaa2d9317942555e374ec45f842f7e1ad0f78a47bfdd7bfeb6b08c2069a04a"
"SD0047_T001_1hao","SD0047_T001_1hao.xlsx","hourly-data-01.zip","1005548","c998f4d21d7bb6eed4dc732b599a95dcd7b5a050fda02e7f89f717f2d25bc6b2"
"SD0047_T002_2hao","SD0047_T002_2hao.xlsx","hourly-data-01.zip","1008494","2dbc626008c22d6ae6687180b7943857d6255f3321ce0c7806e716a5971e6e68"
"SD0048_T001_1hao","SD0048_T001_1hao.xlsx","hourly-data-01.zip","1003418","e7671d82248a3c5cbe516f25f159ac346513287d20dd627d6419207ae11e4431"
"SD0048_T002_2hao","SD0048_T002_2hao.xlsx","hourly-data-01.zip","1006117","03f64a74d1ea175255ab6b2a3e72648653d6e90890de96f4a3dfc729ad042b96"
"SD0048_T003_3hao","SD0048_T003_3hao.xlsx","hourly-data-01.zip","1008280","669540195e738a007a0025ab7183bd7bdb1bd0342183c7967debddc543b7848d"
"SD0048_T004_4hao","SD0048_T004_4hao.xlsx","hourly-data-01.zip","1009561","85cdd2b42e94b45d34ed464001dd3bc442a8f1b811126bc8021784ad6017f2bf"
"SD0049_T001_1hao","SD0049_T001_1hao.xlsx","hourly-data-01.zip","1019977","6bb6477c301fa6ed9417f06f725260f46c20bb97eb329b920ff5cb3d323b72de"
"SD0049_T002_2hao","SD0049_T002_2hao.xlsx","hourly-data-01.zip","1008424","263c49785db9e6a6fae2025e260f11838ccb2268508c2a0038662f0a7ad175e0"
"SD0049_T003_3hao","SD0049_T003_3hao.xlsx","hourly-data-01.zip","1004273","da4ade83afb25c8139bf1f96e1977fc458e8738e2fbac6ef13bad7c4d8cef655"
"SD0049_T004_4hao","SD0049_T004_4hao.xlsx","hourly-data-01.zip","1003869","1c1ae4707a218e43dad35493cc178b2445680978fdc9f2c83c86de4f67e8b741"
"SD0049_T005_5hao","SD0049_T005_5hao.xlsx","hourly-data-01.zip","999782","7b91df75cde971d9fb146aed3c7e4af72f91291c277a2280516501218a45f646"
"SD0049_T006_6hao","SD0049_T006_6hao.xlsx","hourly-data-01.zip","1003330","cc6bf04dd115e4c69de12fbe89f8b30f3f1e8c9c768cbf362f63b23b8562d2e0"
"SD0050_T001_1hao","SD0050_T001_1hao.xlsx","hourly-data-01.zip","994216","9594f30c66b537e8ceca8cfb0c41c1b4452a4babe80ce23f123bbd470cceaa5e"
"SD0050_T002_2hao","SD0050_T002_2hao.xlsx","hourly-data-01.zip","994328","e138b5e3a5631b3c149eed4de9367cf466dd43fc1c9b63515a47a7efe529ac68"
"SD0050_T003_3hao","SD0050_T003_3hao.xlsx","hourly-data-01.zip","987099","426faab46e4758b18a744a4c349109cfe5edf51d4f6ec20c59fe5794b68c31c6"
"SD0051_T001_1hao","SD0051_T001_1hao.xlsx","hourly-data-01.zip","1014621","238e7d013add2544df293f52f095c432589815479ddc16368291411a6d6bbd90"
"SD0053_T001_1hao","SD0053_T001_1hao.xlsx","hourly-data-01.zip","1012573","d4caeb817ab8b541540832a8c64c33afc0f5eb2118c6bba7fd097178797a673d"
"SD0053_T002_2hao","SD0053_T002_2hao.xlsx","hourly-data-01.zip","1012330","5f01a1ed69d5e2a57c426fdb4b2930860e09f7fcbe46bb1a14c195b444232f42"
"SD0054_T001_1hao","SD0054_T001_1hao.xlsx","hourly-data-01.zip","1002257","40e1e4725534b4d167853175bda329b21d23d7025388fb1199ea842a36b38775"
"SD0054_T002_2hao","SD0054_T002_2hao.xlsx","hourly-data-01.zip","992066","479d673383f2015f0460d17096477ba5a523a03a365432bc258094c55b885d58"
"SD0054_T003_3hao","SD0054_T003_3hao.xlsx","hourly-data-01.zip","1026404","2f8ed757125fffa52251e658a9bf2fc12f3d8afb59c8cbc16256cbaaa57d9d59"
"SD0055_T001_1hao","SD0055_T001_1hao.xlsx","hourly-data-01.zip","990741","7ca2e06aeb9c2cdd1297b48d60979eec7371c18870f83bc4a73901852a53ee33"
"SD0055_T002_2hao","SD0055_T002_2hao.xlsx","hourly-data-01.zip","997229","5cf0e38a1caaa1edf9cf3bb78aa503bd63e1c459a169a33ba4ab1124a2f94bd6"
"SD0055_T003_3hao","SD0055_T003_3hao.xlsx","hourly-data-01.zip","994328","532bb886c3c60bf5a4308b5293147a547cec780423319564e6ab79631d68e53b"
"SD0055_T004_4hao","SD0055_T004_4hao.xlsx","hourly-data-01.zip","996348","59a21c3b6d60da467ddea9a3e233573dd1c2f811eab03fba43d06b8c21547581"
"SD0055_T005_5hao","SD0055_T005_5hao.xlsx","hourly-data-01.zip","993061","62731f94c959ae17b874886a9595dff2b6646d6cb70891e2b2abbaa15cac6238"
"SD0056_T001_1hao","SD0056_T001_1hao.xlsx","hourly-data-01.zip","1020400","3126a3a6cedb1f6bb5ad318e75e44716af0b7fe68734345b7e28f949a24e4f4a"
"SD0057_T001_1hao","SD0057_T001_1hao.xlsx","hourly-data-01.zip","1009073","88186561e6e3fbb0f8c5b4aeb252f967404a78e912ec35af9fcc48171cd4f406"
"SD0058_T001_1hao","SD0058_T001_1hao.xlsx","hourly-data-01.zip","1014333","83c10434fdddce0555b6e41500f820cb8e4f57585ea1ff93e03728d3d3dbaeae"
"SD0058_T002_2hao","SD0058_T002_2hao.xlsx","hourly-data-01.zip","1008780","ae65d3a37f9006d8b0694d89124da3ff9909fadcae0a002f3652495d7decabd8"
"SD0058_T003_3hao","SD0058_T003_3hao.xlsx","hourly-data-01.zip","999579","982149b0ac2b074225ffdee3c37e65e007c346a6179d91f7713c9b71d80566cc"
"SD0058_T004_4hao","SD0058_T004_4hao.xlsx","hourly-data-01.zip","1023381","b3ef3595cacf94b00d497b12ab2ec100ae82b4c57e138a4ff6d14bc35208cfcb"
"SD0058_T005_5hao","SD0058_T005_5hao.xlsx","hourly-data-01.zip","1022569","3d357bef0a7df31c625f0871b4d8674b4326a00e5ec8d3c942802b02e0238028"
"SD0058_T006_6hao","SD0058_T006_6hao.xlsx","hourly-data-01.zip","1020587","10a7ddd12b7c5562e044a99901c5751a3aaac791ca063e6c9a098ba5f645ec20"
"SD0059_T001_1hao","SD0059_T001_1hao.xlsx","hourly-data-01.zip","1005724","886c7e1cb14af50163e3e027e96d7b1f603d0834eba3fc5200f3f7fac998cf75"
"SD0059_T002_2hao","SD0059_T002_2hao.xlsx","hourly-data-01.zip","989919","96e9e010f8af966bd0a8bd60eebdd42d848073e6d17dd91f01b6103d14e06b96"
"SD0059_T003_3hao","SD0059_T003_3hao.xlsx","hourly-data-01.zip","986912","c7957e4ee1b872d06632495b913de3380bacdccf6912c93aa21fc2b5458c5612"
"SD0059_T004_4hao","SD0059_T004_4hao.xlsx","hourly-data-01.zip","998091","e4c11e937f04ec7e4672727fea7a99bc23813ad5a586f706e9957bb246630d66"
"SD0059_T005_5hao","SD0059_T005_5hao.xlsx","hourly-data-01.zip","1005592","9a79584479e87f8e3eb459b0f9abfc9b035795f3d813615cc75476f63ec40ef0"
"SD0059_T006_6hao","SD0059_T006_6hao.xlsx","hourly-data-01.zip","1001567","c2808a40ec5bc9223b5dfc54b6781192f2213021adaf73df45a277adbde32075"
"SD0059_T007_7hao","SD0059_T007_7hao.xlsx","hourly-data-01.zip","1004516","8ac1f07332076597f8f9fbcac870153f81f2993fb0750fe10c465fe754c3d6af"
"SD0060_T001_1hao","SD0060_T001_1hao.xlsx","hourly-data-01.zip","1004234","5f6522e978b797071f0f709783175553aaf88a45c1c8e63c1cdcfb2d4c37e8d6"
"SD0061_T001_1hao","SD0061_T001_1hao.xlsx","hourly-data-01.zip","978056","7a7fdadc21c9f3f902e6dca7c99d8384281faea0ef391cfffe136ae2f46846f6"
"SD0061_T002_2hao","SD0061_T002_2hao.xlsx","hourly-data-01.zip","979325","a662bbf152d24c77196aa319a035a36a826378dc6356304e6d25af622b2bac85"
"SD0061_T003_3hao","SD0061_T003_3hao.xlsx","hourly-data-01.zip","988395","343db6a7888b1b83d65f7ff078e352a8b15ee5cefa3eb2d7b7b013d96d79bb45"
"SD0062_T001_1hao","SD0062_T001_1hao.xlsx","hourly-data-01.zip","987577","421281b2fe99db5419e29ba527a9737eb6e29bc4ba811449b9f51a4997973406"
"SD0062_T002_2hao","SD0062_T002_2hao.xlsx","hourly-data-01.zip","984818","6ccafc094544c7087448539797ceaf67729ff1635e458174385a97f5aaa9f659"
"SD0063_T001_1hao","SD0063_T001_1hao.xlsx","hourly-data-01.zip","1001508","77899fe77903102b0aff6f4835a18593d8d9254a4f082676d509befd3eb0d574"
"SD0064_T001_1hao","SD0064_T001_1hao.xlsx","hourly-data-01.zip","1004329","200d8c3f054e488f8ff7655616728696c7c0290e5305506a616824b674872581"
"SD0065_T001_1hao","SD0065_T001_1hao.xlsx","hourly-data-01.zip","1001163","806c98336d91a1381117d576216526fa6aae2959c19e4540d671255d8ca8e405"
"SD0065_T002_2hao","SD0065_T002_2hao.xlsx","hourly-data-01.zip","988156","47eddcf1943faea9d039147fb68c8804ee34f343aacece78a91e0305e49338ca"
"SD0065_T003_3hao","SD0065_T003_3hao.xlsx","hourly-data-01.zip","995529","0ea01b92f8d199a5c09d7aee965dc561bf16d678c3c54b328dbc138892ff0c5a"
"SD0065_T004_4hao","SD0065_T004_4hao.xlsx","hourly-data-01.zip","997210","46fc692eda9a668eb3933f14596fb3cf2c99fce236ae32df9bba61c468c98487"
"SD0065_T005_5hao","SD0065_T005_5hao.xlsx","hourly-data-01.zip","992088","52baa7245b5e07b51e81b8959f3a9897bf811740f038ea87c5a8a589ad4d267e"
"SD0065_T006_6hao","SD0065_T006_6hao.xlsx","hourly-data-01.zip","1003277","fbc068bfbab75ce59285f3f8f5d32e9b6a1b0f762a1740d7686ea159360c9571"
"SD0065_T007_7hao","SD0065_T007_7hao.xlsx","hourly-data-01.zip","1000841","ee32869f7b7137297102c5239cef410007a20a7e789ad237ac1db6c8a6b8a864"
"SD0065_T008_8hao","SD0065_T008_8hao.xlsx","hourly-data-01.zip","985216","ed481d85421daef60dc45901a8e311e0abb8bc420a2f5319592f9c0399e12d48"
"SD0065_T009_9hao","SD0065_T009_9hao.xlsx","hourly-data-01.zip","983799","62b916e5b672833881e0df712fc207960d36108bbee2d93808816083519182a7"
"SD0066_T001_1hao","SD0066_T001_1hao.xlsx","hourly-data-01.zip","994622","9adcb46e77c9227899cfd61ee1b31307a82f957edfb7b9da158bcf1ed0285b24"
"SD0067_T001_1hao","SD0067_T001_1hao.xlsx","hourly-data-01.zip","997687","2c9dc32b4dee9f68bc3105d861a0bc8e613308de2dbd269c8dc4a0c506453f89"
"SD0068_T001_1hao","SD0068_T001_1hao.xlsx","hourly-data-01.zip","998391","48576f01c87f2060954d084562e9336e8a0cf02b39eeec4b087b1ff9eef234a1"
"SD0068_T002_2hao","SD0068_T002_2hao.xlsx","hourly-data-01.zip","831950","cecc2e76adb43d95635476d0097d3173f1f5ffc08054282a0d4517dfdbc0129f"
"SD0068_T003_3hao","SD0068_T003_3hao.xlsx","hourly-data-01.zip","997916","394ae4f32f5eab86f89fb2c742ce0b3549559825de899d84e42581ac77e3830c"
"SD0068_T004_4hao","SD0068_T004_4hao.xlsx","hourly-data-01.zip","1005074","aa70cc789442b67c456ec4f3e89866850c995371c012dea87e3c235c018eb7dd"
"SD0069_T001_1hao","SD0069_T001_1hao.xlsx","hourly-data-01.zip","1008088","0d0b13463da9d419fbf0e4d654a0ecb23e2970100285c75e2676833296d2f1c2"
"SD0070_T001_1hao","SD0070_T001_1hao.xlsx","hourly-data-01.zip","999350","73ef72674ba391a667d126b10ee9af277a0a09a2da465083ff01bf985d7a0ae5"
"SD0071_T001_1hao","SD0071_T001_1hao.xlsx","hourly-data-01.zip","1009710","a208ceee83d06c09952351b12df4853f0835ab431f8c1e0da7840d1650295fd0"
"SD0071_T002_2hao","SD0071_T002_2hao.xlsx","hourly-data-01.zip","1016192","540f22ddcc9f1de97b340caee6d5dba73b1beee7fced384ee4f3af6ec71acc1c"
"SD0071_T003_3hao","SD0071_T003_3hao.xlsx","hourly-data-01.zip","1006073","626a5fde11c19b73623ee80bc76408f481f0c1ede50bb4c69e4013b8f3c34a27"
"SD0071_T004_4hao","SD0071_T004_4hao.xlsx","hourly-data-01.zip","1012927","b150b1bcc00b4f944d7a6f983c8dad00968053c3174df63f7bc481a58c4ce3e0"
"SD0071_T005_5hao","SD0071_T005_5hao.xlsx","hourly-data-01.zip","1007995","d98715077556e9989c300bcce1848deb88b5b02d11f8349e519590d953157abc"
"SD0072_T001_1hao","SD0072_T001_1hao.xlsx","hourly-data-01.zip","1012290","accb1c6670c4165e14058e0ea88541eeb15ba1d60987677e3209ecfdedbaaa74"
"SD0073_T001_1hao","SD0073_T001_1hao.xlsx","hourly-data-01.zip","986676","031134a75327f0a4dbe73e0acd49662e0b5fefc2ee80c0b049d98197e588c964"
"SD0073_T002_2hao","SD0073_T002_2hao.xlsx","hourly-data-01.zip","994117","b3ea19b6e4da408f9eb96a99b029635a1c73f007457d50e28080000cb16b895d"
"SD0074_T001_1hao","SD0074_T001_1hao.xlsx","hourly-data-01.zip","983477","f467da3fa2e8031a8d5025010264705bd684556fef0baeae7bc39e3c1d5e6cfb"
"SD0074_T002_2hao","SD0074_T002_2hao.xlsx","hourly-data-01.zip","992231","a8c0c208be3da167aa848b93d19257a477a60df70b51a29a34d526d07bc05d59"
"SD0075_T001_1hao","SD0075_T001_1hao.xlsx","hourly-data-01.zip","1004855","7218d9342e47f4481df7dbf5e2110638bdb42cc6181b6920308d7ee6c1eb05ff"
"SD0075_T002_2hao","SD0075_T002_2hao.xlsx","hourly-data-01.zip","1016286","55bd9ab2af04c0494a202efdef4b6d2fcc6741660dd788b2fdbe553da19ae3ba"
"SD0075_T003_3hao","SD0075_T003_3hao.xlsx","hourly-data-01.zip","1012747","34ad26c76fc1377e02dbeda9c6478d0f1aba2a335fdb584af36d22c680870026"
"SD0076_T001_1hao","SD0076_T001_1hao.xlsx","hourly-data-01.zip","1000464","70d35bc1fca299ce1472a6cad3341be934aae00451bda1f9d2c9cb8024f0d84f"
"SD0076_T002_2hao","SD0076_T002_2hao.xlsx","hourly-data-01.zip","1016633","5dc5c8a95cd192e43fc4202c09bd12901193bf134b0fbca6139e782507b5aae9"
"SD0076_T003_3hao","SD0076_T003_3hao.xlsx","hourly-data-01.zip","1004362","b19a04c2110186ba6e1490ff9d01d63583bac3ad98ad21bf415d1828b69ca876"
"SD0077_T001_1hao","SD0077_T001_1hao.xlsx","hourly-data-01.zip","1008361","51bf8da92865401b58b6cdb1e4c334cf7df25922a01f19bf13e74156a1e38fc3"
"SD0077_T002_2hao","SD0077_T002_2hao.xlsx","hourly-data-01.zip","1006065","d75ad984511522ce101cdef953b5c35a35a4d29d9e1ec80604048a632dc14c05"
"SD0078_T001_1hao","SD0078_T001_1hao.xlsx","hourly-data-01.zip","989855","ed16a2665b36e78a3bb51ec65cefe05e6bbd7de39c2df83328d63b0d6beb400c"
"SD0079_T001_1hao","SD0079_T001_1hao.xlsx","hourly-data-01.zip","997287","63fde7bff4e9ae3bdeecbfe201d2c25ba6db99e8cce43cb5a2fd618325282d77"
"SD0079_T002_2hao","SD0079_T002_2hao.xlsx","hourly-data-01.zip","1000079","7734c33ee2b6754bdd3d8f0f7ad5d6e7ac95ac974d1af41a1ef94695925d713f"
"SD0079_T003_3hao","SD0079_T003_3hao.xlsx","hourly-data-01.zip","994113","6b3c1849fd6d9bc387acc192505dfc005bd0f9651dd4623ccae1f3ebf97ad97b"
"SD0079_T004_4hao","SD0079_T004_4hao.xlsx","hourly-data-01.zip","994776","450d33dbd22750e7b7bef5b5dca71a034fc71810155f7a7e08a10c177b50a18a"
"SD0079_T005_5hao","SD0079_T005_5hao.xlsx","hourly-data-01.zip","995520","b1be953473d4c921bc0f69db7b8a15b98ffd9ab3c88cdb1750a4dceb52a6aad7"
"SD0079_T006_6hao","SD0079_T006_6hao.xlsx","hourly-data-01.zip","991809","0e9913718925f414659250a863734dd7547b413d1ce5aa06682a08ac17fbb4c7"
"SD0080_T001_1hao","SD0080_T001_1hao.xlsx","hourly-data-01.zip","1002531","fbda57659d2fa5cdb9ed66c6c6843587f41b75f51d849bf38a4423e9fcc12c07"
"SD0081_T001_1hao","SD0081_T001_1hao.xlsx","hourly-data-01.zip","1011042","3913e51b1cad8f651fa9b24ad6049cc3139b29fa7cea465950285d90266c94dc"
"SD0082_T001_1hao","SD0082_T001_1hao.xlsx","hourly-data-01.zip","986487","e2b372f39106b94b04c9b34b211d48d5d39ddc8995b994d0fc3e0521118a58ca"
"SD0082_T002_2hao","SD0082_T002_2hao.xlsx","hourly-data-01.zip","825652","9a238856fa4cf2ab6307e31ae762ccc0efffdfd84d302207aaa47e6a6790b34a"
"SD0082_T003_3hao","SD0082_T003_3hao.xlsx","hourly-data-01.zip","1002691","4c8ee23d04d59e4decc5de167442e89cd69cb26687bf62ed8b8eb3a2df82c393"
"SD0083_T001_1hao","SD0083_T001_1hao.xlsx","hourly-data-01.zip","1006359","fe8be64fa028311c6667263632e48d888bc1e665a8f50c621eaf8b4d940cd6c1"
"SD0084_T001_1hao","SD0084_T001_1hao.xlsx","hourly-data-01.zip","1010701","f2a790d44e5f04b92fb458e599b1cff7a3bc700c0b900c939b24c4f2bed63102"
"SD0085_T001_1hao","SD0085_T001_1hao.xlsx","hourly-data-01.zip","995489","b66043ffabf9c14b87b223dad0aa566e097a9376c9bdca110ad8faf1bb74496d"
"SD0085_T002_2hao","SD0085_T002_2hao.xlsx","hourly-data-01.zip","987957","95bf94fb7cffa4f45dfd4141e47679fe8697255743d661e3d1a3b9bd37b4eb7d"
"SD0085_T003_3hao","SD0085_T003_3hao.xlsx","hourly-data-01.zip","826832","81e63cd21d9d671cbd0db0f05a41fde240bd8df10a12a3d8ac695cacc3eac1e6"
"SD0086_T001_1hao","SD0086_T001_1hao.xlsx","hourly-data-01.zip","1019100","ddd5df08c5a99890e6caed65755d4175b8176637fb50e08c24a00b6b85839dc1"
"SD0087_T001_1hao","SD0087_T001_1hao.xlsx","hourly-data-01.zip","1004019","dc5d3849c0666b7ddcf88d03e9c1caa060f9d02b880df54a64470f2ee3976f9f"
"SD0087_T002_2hao","SD0087_T002_2hao.xlsx","hourly-data-01.zip","1003616","afcb40345d1f45b431d90bf2b97cae4a7c4bfafd4570e3b22add0a7070a16a5e"
"SD0088_T001_1hao","SD0088_T001_1hao.xlsx","hourly-data-01.zip","1003002","aeab67c0b42117920ede8a3402f2a2c447b3d30095018bd4cecfb16487a40f30"
"SD0088_T002_2hao","SD0088_T002_2hao.xlsx","hourly-data-01.zip","996385","ff7af15aadb324ca81dd91dbe1cee36cc22f66a4756c82f5bdfd5d49020dbe60"
"SD0088_T003_3hao","SD0088_T003_3hao.xlsx","hourly-data-01.zip","990632","7e92c3ba0d4de1bad1636cc84301d86f01285458c39f35273edc99c6b525ad13"
"SD0089_T001_1hao","SD0089_T001_1hao.xlsx","hourly-data-01.zip","839230","1c7ad0cf64e40c09bfc44744157d3b4b9aae7e8ebdaaf9d5948d470713151e71"
"SD0089_T002_2hao","SD0089_T002_2hao.xlsx","hourly-data-01.zip","1007457","eb3fe37f69b2ebfa829b419f96f3788c77e0586a9ed538ca7f36c8a720931b09"
"SD0090_T001_1hao","SD0090_T001_1hao.xlsx","hourly-data-01.zip","821296","c34a953b2b2814df286c34b920b8bb8bc8bb2dfe65e8ae19e4f49eb347bbcc3e"
"SD0091_T001_1hao","SD0091_T001_1hao.xlsx","hourly-data-01.zip","997398","436907592f63cdbd4362c6a677acb5ac1404fb137debeb0a27eee2940ab08860"
"SD0092_T001_1hao","SD0092_T001_1hao.xlsx","hourly-data-01.zip","1023246","adb229b64c66f88f57ded286fe447d537134b994bea9240bea27888572451644"
"SD0093_T001_1hao","SD0093_T001_1hao.xlsx","hourly-data-01.zip","993212","ff8a738c2b2a3cc1132781fc2b4692055a0bda76cde988170a93c2b633c4c79b"
"SD0093_T002_2hao","SD0093_T002_2hao.xlsx","hourly-data-01.zip","987186","98370cb99f6e4a2632ea5d8e43ccd58195ef2560f29821e84f9852e03d070bd2"
"SD0093_T003_3hao","SD0093_T003_3hao.xlsx","hourly-data-01.zip","999650","db5a97db6aa2add1c63934814609b09f36cef2a00310c41290ff665e5c4f9bf0"
"SD0093_T004_4hao","SD0093_T004_4hao.xlsx","hourly-data-01.zip","987949","56304bc88267ca16fa7e46b9dd8c2a520d736b6f902ae23f6d271810ec446051"
"SD0093_T005_5hao","SD0093_T005_5hao.xlsx","hourly-data-01.zip","993572","823148aa486f44adaab2441b250c7351f436dac9431358efb6c3d27b8d7c013b"
"SD0093_T006_6hao","SD0093_T006_6hao.xlsx","hourly-data-01.zip","996276","aa77be5c346236c5d25d524edd3a76c144063dcf4b21744b77cac4aa1f578894"
"SD0093_T007_7hao","SD0093_T007_7hao.xlsx","hourly-data-01.zip","992001","657c72127173bfaa4ba0e0d7e01cdd43ee2dc142dea7b52298fe2d49246abd7e"
"SD0093_T008_8hao","SD0093_T008_8hao.xlsx","hourly-data-01.zip","1009759","de39e645c9430b00dfd483154c032545889ec4526dd89dc4827a1e49c32b9171"
"SD0093_T009_9hao","SD0093_T009_9hao.xlsx","hourly-data-01.zip","1010269","a055146dab55ed885f8e5a601996825de735e305c829496a78c861d6d649ca31"
"SD0093_T010_10hao","SD0093_T010_10hao.xlsx","hourly-data-01.zip","1008119","f0a33122fd37c4c66e092a6dc7b8f74b16dbdccc1331a1cd20c35ba5e625d8af"
"SD0093_T011_11hao","SD0093_T011_11hao.xlsx","hourly-data-01.zip","1008006","bfe710c798d9a6c39b4e11cde1c1405c6a0d19a89daf5e10a3bc286180cc0e32"
"SD0093_T012_12hao","SD0093_T012_12hao.xlsx","hourly-data-01.zip","985919","47b7650a3ba0053d0612832c59f51a607cc49d4246b07a514891b7344d8cbc51"
"SD0093_T013_13hao","SD0093_T013_13hao.xlsx","hourly-data-01.zip","1008705","40d04b1c3527fc9407ccd62233da631d086c051da2c7fad024cc0bd7b36d1982"
"SD0094_T001_1hao","SD0094_T001_1hao.xlsx","hourly-data-01.zip","1001066","3d85f7849a224dd8da83a85e48e9de7d97f130de920c0a9f6ab0b968a0e751d5"
"SD0095_T001_1hao","SD0095_T001_1hao.xlsx","hourly-data-01.zip","984145","2880df7dcd0c2fefd2786976a316edb7af2c0439a0358d243f2cce648f2e6f14"
"SD0096_T001_1hao","SD0096_T001_1hao.xlsx","hourly-data-01.zip","1011515","46ff096b99b845d08a077d46d2b9acdb373a5c6200215ec8baf133e7aebc78bf"
"SD0097_T001_1hao","SD0097_T001_1hao.xlsx","hourly-data-01.zip","993383","c7a3d023e76a9e69cec43dda1c0b2e6198376434f463c6509597091d21e45bd4"
"SD0098_T001_1hao","SD0098_T001_1hao.xlsx","hourly-data-01.zip","1011551","9ae20125fe596a6431db8f426540f02761fc6879c8927cc9403530fceeeb72f2"
"SD0099_T001_1hao","SD0099_T001_1hao.xlsx","hourly-data-01.zip","1011679","9485d09bf48b8cb4be3241500720cfa0c73f86e3e48944a7da3872491ecc9bb9"
"SD0100_T001_1hao","SD0100_T001_1hao.xlsx","hourly-data-01.zip","998781","94dc1100a5b101cae6aaaab82dde9a7f7e2471c362fca5ba80a18b1f17601ee1"
"SD0100_T002_2hao","SD0100_T002_2hao.xlsx","hourly-data-01.zip","989170","50e1105816ef1ae0596f13fff6cc618d6ca6d44b1412b8c287ba1e1474047b26"
"SD0101_T001_1hao","SD0101_T001_1hao.xlsx","hourly-data-01.zip","999224","d91cd7a56efdb3a54208324286466447ebfdaea1c285b8d07fd80f6de543f119"
"SD0101_T002_2hao","SD0101_T002_2hao.xlsx","hourly-data-01.zip","997812","c7821725b5380c45652347f7a27ef4dd8db059bbd5d45c5a516c4bda30de2d3d"
"SD0101_T003_3hao","SD0101_T003_3hao.xlsx","hourly-data-01.zip","997065","cfab5e00b605f209d82ff2b304dab1b4a4d7a5801e8fc5f6cf71be5cba07e1d8"
"SD0101_T004_4hao","SD0101_T004_4hao.xlsx","hourly-data-01.zip","1004706","7313c0a6befb74b91c992f6a591585e7678242e0ea4175c35576a1404d37d9df"
"SD0102_T001_1hao","SD0102_T001_1hao.xlsx","hourly-data-01.zip","985890","b2d832ec70839a21c147603f0b4b8223a5fad84a8cb677bdeaffbc24747d5ece"
"SD0102_T002_2hao","SD0102_T002_2hao.xlsx","hourly-data-01.zip","987781","e56053748df061724347432bbe528cb5715793cc7fcc73aab97afd19513757b6"
"SD0102_T003_3hao","SD0102_T003_3hao.xlsx","hourly-data-01.zip","1000424","eba5f378f55b17d190adcf14ba20561db23efbf0a07da254f1af3f7e96ebe625"
"SD0103_T001_1hao","SD0103_T001_1hao.xlsx","hourly-data-01.zip","987575","985ac77073e2790170a23fc298b749a39bb67038a0bf9446a6c9e974852a7c3a"
"SD0103_T002_2hao","SD0103_T002_2hao.xlsx","hourly-data-01.zip","1003755","0b290cf5b786803a4587c8a503f6966b7f4551a99dfbe8ed72f5bed78bc35815"
"SD0103_T003_3hao","SD0103_T003_3hao.xlsx","hourly-data-01.zip","993202","2a6490962e4c644a25a723d34edde053dff81bfca34b524be6fc066fee184d5c"
"SD0103_T004_4hao","SD0103_T004_4hao.xlsx","hourly-data-01.zip","998691","6cf68daeb0cb978bc6826156c908c6b72c1e1055742b5ff1819a1334581217a3"
"SD0104_T001_1hao","SD0104_T001_1hao.xlsx","hourly-data-01.zip","990580","33ae8a8aea7f2fb7499ab3c60eb58a1f7a93781e2677190783439e192e95956e"
"SD0104_T002_2hao","SD0104_T002_2hao.xlsx","hourly-data-01.zip","984722","552d885bb5b6a2cd6d02cb8a489c78aaf37ef5fb3b5bc07e9dd3d00fe337861f"
"SD0104_T003_3hao","SD0104_T003_3hao.xlsx","hourly-data-01.zip","986248","63e3bed3a392b52af4638a85a5a7579d836b052a4664dc9cca2469d97e2ad6c5"
"SD0104_T004_4hao","SD0104_T004_4hao.xlsx","hourly-data-01.zip","993096","939a7e9a7dbfd34c7d0b612ae60c9932104c95dfa3de9c25e3c96f7a39c510b5"
"SD0104_T005_5hao","SD0104_T005_5hao.xlsx","hourly-data-01.zip","995530","5c27a9d8934eb422a66748d2b997077cdbb50fc29a32afaeca4580cb86da7708"
"SD0104_T006_6hao","SD0104_T006_6hao.xlsx","hourly-data-01.zip","820080","75ff47b457ac47cdf168d5b2346519d43ee50f7ed5fe195761a529b5e596ca77"
"SD0104_T007_7hao","SD0104_T007_7hao.xlsx","hourly-data-01.zip","987908","a65e78c54ea5dd8d26e51633d0988556dd8f75b5696565b0828c4a83c8ce9e5c"
"SD0104_T008_8hao","SD0104_T008_8hao.xlsx","hourly-data-01.zip","998580","bed4ac627c2b57da7330b86240336bf1fcead3decb93b8167082f515de9158fd"
"SD0104_T009_9hao","SD0104_T009_9hao.xlsx","hourly-data-01.zip","978834","fed4cb880429dd4a9a9bb09a8fb70b5ce6007ef36ddfec8791f644507758493f"
"SD0104_T010_10hao","SD0104_T010_10hao.xlsx","hourly-data-01.zip","988133","c051ddd6fea0c326b4a360f67d37751449a97644fe9577514ded315b71457dc1"
"SD0104_T011_11hao","SD0104_T011_11hao.xlsx","hourly-data-01.zip","990705","3cb9e473d67869f5f059898b38b45632d46fbe0cbd8d0ce73036fc39040e11ac"
"SD0104_T012_12hao","SD0104_T012_12hao.xlsx","hourly-data-01.zip","994586","c392ce2033e0532e97c1282907e2109191f404159729cfde296a7f2bacffe698"
"SD0104_T013_13hao","SD0104_T013_13hao.xlsx","hourly-data-01.zip","998517","bc56241e101f497d8bd0560646d445d3a58bc9770f988d79ea3c03a6f6f335a2"
"SD0104_T014_14hao","SD0104_T014_14hao.xlsx","hourly-data-01.zip","1000285","c0e1d51fc0a70adf8b1b961bb18d57c3251bb0c045bc0bf6b130bd640cbb7afa"
"SD0105_T001_1hao","SD0105_T001_1hao.xlsx","hourly-data-01.zip","994875","5d0965eaf271b99b63074a958821b0c8bb9e264926287ff4a105111da0a5b833"
"SD0106_T001_1hao","SD0106_T001_1hao.xlsx","hourly-data-01.zip","1007007","55343c7bbeb63da64f07296929c24d3ef433d49ca6523dad5a55df605e9a1fff"
"SD0107_T001_1hao","SD0107_T001_1hao.xlsx","hourly-data-01.zip","1004216","8c58a213c169c5ecd775edb6573cc5ae1431960c789ebabbe66b25aaba66bee1"
"SD0108_T001_1hao","SD0108_T001_1hao.xlsx","hourly-data-01.zip","832961","8d289744ec81af5ce2b71b881c882635df9cc37da145fe5386cb2e10ea706fae"
"SD0108_T002_2hao","SD0108_T002_2hao.xlsx","hourly-data-01.zip","991377","2ae38b43f374e18a3930290d99900c1025803ec87f3284a5cd66bd31c6eb70fb"
"SD0108_T003_3hao","SD0108_T003_3hao.xlsx","hourly-data-01.zip","990549","368e634814e97e7fe58e05f23e61d2d0459b6b5d3a0e2eebd3753ba142eb5f70"
"SD0108_T004_4hao","SD0108_T004_4hao.xlsx","hourly-data-01.zip","991601","7438ead7f37518f808b22fa3d433ffe1231dc36a84aa73383753ddee0b16a42c"
"SD0109_T001_1hao","SD0109_T001_1hao.xlsx","hourly-data-01.zip","1006765","b9619cab1c2a568c89619f048c41ff047d5589ddf4cda2d346dd56eebcea4d92"
"SD0109_T002_2hao","SD0109_T002_2hao.xlsx","hourly-data-01.zip","992134","af74de7b8d890bab369ebad47da77dcfbf2253d78a62d81f4b210eb355846023"
"SD0109_T003_3hao","SD0109_T003_3hao.xlsx","hourly-data-01.zip","1008313","76f818e4a560244686b22c89a0a97990608676eb9ebd4ace2610b06bd48406c5"
"SD0110_T001_1hao","SD0110_T001_1hao.xlsx","hourly-data-01.zip","1000024","6e37dc3fead7e3957ea567dc6e89f102420e85b3b07c10d8c44cb612215438d6"
"SD0111_T001_1hao","SD0111_T001_1hao.xlsx","hourly-data-01.zip","1013401","de27b6866d2ad0317f00499a22b99f122d487cd089ccfcb42b54967b08aa1953"
"SD0111_T002_2hao","SD0111_T002_2hao.xlsx","hourly-data-01.zip","1012064","7408c8ef0f5238a5c0fcf475bd4b9ca101631b1f277d92e1f0dcf01273283c58"
"SD0111_T003_3hao","SD0111_T003_3hao.xlsx","hourly-data-01.zip","1019199","23722707de50a664cf53a3d8d17f7c9a8f9d4feca5d830a2b92337988ffb483c"
"SD0111_T004_4hao","SD0111_T004_4hao.xlsx","hourly-data-01.zip","1008234","3a2c64ac1dbe6d4bc4173c7d334e8df983a39bc59e1599b286a6c4d89155d162"
"SD0111_T005_5hao","SD0111_T005_5hao.xlsx","hourly-data-01.zip","1016143","512bdbb66c25801e7e7816fe5e3f09b1d350615ae9387a46f18cf129245d969b"
"SD0111_T006_6hao","SD0111_T006_6hao.xlsx","hourly-data-01.zip","1015292","e64a0c48115bab5886a62fd3cd55de33219cd2343fd80c9342cc1c2c24a99c6a"
"SD0112_T001_1hao","SD0112_T001_1hao.xlsx","hourly-data-01.zip","1008293","e0c705dbb0769f87a54be26294f5795b9a65b984f699ccbe9f303b6f52efce8f"
"SD0112_T002_2hao","SD0112_T002_2hao.xlsx","hourly-data-01.zip","999186","274638234a642b687951cbcd07b91bbd8dd3340917d35c558162241e3c0fe104"
"SD0112_T003_3hao","SD0112_T003_3hao.xlsx","hourly-data-01.zip","995441","60479ebc3d2abb50e75fe82775d0cdc9f74177181e72f96b8362a1e08b2082e5"
"SD0112_T004_4hao","SD0112_T004_4hao.xlsx","hourly-data-01.zip","1007247","e2da7387acd0a96b255f3bb83e75cedfddd5bd669b52ac87f30ecd466f98b1c1"
"SD0112_T005_5hao","SD0112_T005_5hao.xlsx","hourly-data-01.zip","1000607","c62c583a1552120095dcb21588dc558baa7bb40792b2ddbfa78afcb3f8985e94"
"SD0112_T006_6hao","SD0112_T006_6hao.xlsx","hourly-data-01.zip","1008219","670cb1a52736d53d48320c184220ae607a423489c34232302887448120184428"
"SD0112_T007_7hao","SD0112_T007_7hao.xlsx","hourly-data-01.zip","991876","7a026d969ae37814c62b3d7982c3e11b51337434a60941c329d7d28f387b8e4e"
"SD0112_T008_8hao","SD0112_T008_8hao.xlsx","hourly-data-01.zip","1014421","82765527159127fdc1310c5a08c2f04541a8602c1ef6ccee79b0cfdf802c5e53"
"SD0112_T009_9hao","SD0112_T009_9hao.xlsx","hourly-data-01.zip","1002617","cb0241a623a7fdf842e92b72c4f67bd0f066967084f5e07d85590e00998b29f8"
"SD0112_T010_10hao","SD0112_T010_10hao.xlsx","hourly-data-01.zip","992037","c2a3771f35a82582b61af75c1c23b6d5f40f42b0b28b9a3f5220fa448d718f49"
"SD0112_T011_11hao","SD0112_T011_11hao.xlsx","hourly-data-01.zip","1001565","4c9122552f838f650c9121d98f38416c5c92d8564142e3b31dd9fdcc345dcb32"
"SD0112_T012_12hao","SD0112_T012_12hao.xlsx","hourly-data-01.zip","997226","c77129e20b2f8096f6a5a2669daef27f6f8438b954faec6a19bfe567964d83b2"
"SD0112_T013_13hao","SD0112_T013_13hao.xlsx","hourly-data-01.zip","995665","18b5d4a48d790bfb1223b939ab8563cd1408578e2d659f1d5b66c6ab071aab23"
"SD0112_T014_14hao","SD0112_T014_14hao.xlsx","hourly-data-01.zip","1003450","f2eee1515d4059f973289dee956b3bd6021fce2ca05661685c9e2bfaf8e59ae5"
"SD0112_T015_15hao","SD0112_T015_15hao.xlsx","hourly-data-01.zip","998194","5ae9bbdcb4352f400695a49de90d409d52ba53f282a5a64284227aea049e9197"
"SD0112_T016_16hao","SD0112_T016_16hao.xlsx","hourly-data-01.zip","997628","213726a3dbdd966e36b6556e2c23e6296e91531bf124465a0c2087e86b3d9171"
"SD0112_T017_17hao","SD0112_T017_17hao.xlsx","hourly-data-01.zip","991688","125126451499292b4a0920fa2cdef68b36cba20598410e8ed2bff0feef264f18"
"SD0113_T001_1hao","SD0113_T001_1hao.xlsx","hourly-data-01.zip","987475","b87f35293db951a89e307cef992cc6b5e01504796f89b43f8e53526d314aad88"
"SD0113_T002_2hao","SD0113_T002_2hao.xlsx","hourly-data-01.zip","992377","17c0942c2303330a567d5276bcd125677d00fb6e8b43bdfb3dbb4d7bb0066922"
"SD0113_T003_3hao","SD0113_T003_3hao.xlsx","hourly-data-01.zip","986722","28a1f01c84eb7c6efe91cb2207b6f5ab7479f1fcc50b2f66dc217f5e740acdc7"
"SD0113_T004_4hao","SD0113_T004_4hao.xlsx","hourly-data-01.zip","1000860","625bd5fb11bbc7b20a13f2c28de2e55dbdce261042780e8d7ec2e5c5a8513bd9"
"SD0113_T005_5hao","SD0113_T005_5hao.xlsx","hourly-data-01.zip","1005833","91ae9f69464156fd53b280644256687b7123f9677983076e6fed1c0761448da5"
"SD0113_T006_6hao","SD0113_T006_6hao.xlsx","hourly-data-01.zip","1006603","ad3438670cc9c7e33c1461be80a1e7e50d9e07ab9f65a7bb40212f074111fc17"
"SD0113_T007_7hao","SD0113_T007_7hao.xlsx","hourly-data-01.zip","1005652","1726f84d227f8e301d5223f211d5352657f9cb0ac7f4e98646b6f576fb1828fe"
"SD0113_T008_8hao","SD0113_T008_8hao.xlsx","hourly-data-01.zip","1001015","3b6e0c97a1c2658d5c44a1c7c0297bea7ed85fe547a695b0a610e76437b3f00c"
"SD0113_T009_9hao","SD0113_T009_9hao.xlsx","hourly-data-01.zip","985684","119a341c63e15cb77fe536516b1bc98db67a014f4bd955e6f2d49d9cd263cd0f"
"SD0114_T001_1hao","SD0114_T001_1hao.xlsx","hourly-data-01.zip","989969","46ba0166687c44bc5900354a889a6363f6193b962bd3b557908053b40ebfab92"
"SD0115_T001_1hao","SD0115_T001_1hao.xlsx","hourly-data-01.zip","992016","a9bda8234d0892c2ee81f0dc726cea3d68a0efe4118cdd5e1f54a4bc6c72780a"
"SD0115_T002_2hao","SD0115_T002_2hao.xlsx","hourly-data-01.zip","997175","125f47951b1142af479abe339e8ad44bcc278ceea38020c3e7c74c6d2c14fad0"
"SD0116_T001_1hao","SD0116_T001_1hao.xlsx","hourly-data-01.zip","830642","1e1c272008ed40afe05f62dc3fee1dbbd91d2bbe20abe3d43ebb17b37a1d4d95"
"SD0117_T001_1hao","SD0117_T001_1hao.xlsx","hourly-data-01.zip","990088","bc330fb58a7af54ed3e3eeddbb0d4ca496a6276f2c9707b5465e3f5e8a2547ec"
"SD0117_T002_2hao","SD0117_T002_2hao.xlsx","hourly-data-01.zip","1005073","6ae443b45256dafc99f768367e5b83e4f81dacd465b64e1880c3dc568487aaa0"
"SD0118_T001_1hao","SD0118_T001_1hao.xlsx","hourly-data-01.zip","1004190","9b8d888df09111a03ca2aa05bc3c0c061c93334f179338d316834e6769ae5db1"
"SD0119_T001_1hao","SD0119_T001_1hao.xlsx","hourly-data-01.zip","1008663","bbf61ba9736be8d46f7a3f3ec7f10d2d243196a0e8e92e15b86e2cf14edc01ce"
"SD0119_T002_2hao","SD0119_T002_2hao.xlsx","hourly-data-01.zip","996675","47e8752d8576b66075676cab6d0533c4601968838f1623e403b692cf27555f5b"
"SD0119_T003_3hao","SD0119_T003_3hao.xlsx","hourly-data-01.zip","991591","aee88b9a34cb67827e9dbb0bf02acab49b59f03586015b8485141e785fe39f09"
"SD0119_T004_4hao","SD0119_T004_4hao.xlsx","hourly-data-01.zip","999492","9670f1efa7a3f26cda18f9d0cc99433cf8378f53edb6f78182d6df71819f4dc8"
"SD0119_T005_5hao","SD0119_T005_5hao.xlsx","hourly-data-01.zip","1002219","cef49e65129c53e0939da50f5bf06968407935c18690312cf7c7476e89da5eef"
"SD0119_T006_6hao","SD0119_T006_6hao.xlsx","hourly-data-01.zip","995411","a1c32bb69938f63ad924174284ed969d62fc583eed7006469a33a7119165ec25"
"SD0120_T001_1hao","SD0120_T001_1hao.xlsx","hourly-data-01.zip","823080","555174173119e752be0a835a035ecb9bb56a335e55c51e4ebc0fc44078ec3158"
"SD0121_T001_1hao","SD0121_T001_1hao.xlsx","hourly-data-01.zip","998290","f17e5ea7b468573cf873a61ca9c3d3f7e4dbd8d2a7635faac6407f0ce6721ab2"
"SD0121_T002_2hao","SD0121_T002_2hao.xlsx","hourly-data-01.zip","1002783","1889304ed9b82e3ec64b7836a219cf756642516b0a9675b1c7abba69e07f46fa"
"SD0121_T003_3hao","SD0121_T003_3hao.xlsx","hourly-data-01.zip","1000460","7fd29729f7c628d797e89c3a0856fe8d28650f1c66dc4e611aae6cae4fa0fc74"
"SD0122_T001_1hao","SD0122_T001_1hao.xlsx","hourly-data-01.zip","995726","d15ac974b4ab79d674fe8dc579212a063150ea4e3cb32754801eb7907641d8a7"
"SD0122_T002_2hao","SD0122_T002_2hao.xlsx","hourly-data-01.zip","996088","dfed5341a4f41dfd335eae89e1d09c283e473501d7e8e22173904d372a5a918b"
"SD0122_T003_3hao","SD0122_T003_3hao.xlsx","hourly-data-01.zip","992014","1867a88e74a1348debf4b5ac80ecf84aeb72607c950d6d083f9d87b65a1f076d"
"SD0122_T004_4hao","SD0122_T004_4hao.xlsx","hourly-data-01.zip","993731","36d98000e6682a3df5ae258c59345836931d68eac47e9594e8179628f8e6a9b7"
"SD0123_T001_1hao","SD0123_T001_1hao.xlsx","hourly-data-01.zip","1010958","2dacd416911418441c8220b4405d06e5125d8a9c05e6f070c47e94e4c2999853"
"SD0123_T002_2hao","SD0123_T002_2hao.xlsx","hourly-data-01.zip","1005104","ceea34c6e0847815c38019af5f8dcb72170696c9d3d54540658226e8b2718c04"
"SD0123_T003_3hao","SD0123_T003_3hao.xlsx","hourly-data-01.zip","977796","cb5f0c45dead3e427bbc3c81695233fb28a2469685d8f052fe944ffc21ada0da"
"SD0124_T001_1hao","SD0124_T001_1hao.xlsx","hourly-data-01.zip","981394","98e2257e2f81445d5a0f3cd625de0626078a66a81e0597a58d02bd6a5b64dc1b"
"SD0124_T002_2hao","SD0124_T002_2hao.xlsx","hourly-data-01.zip","984767","95e0270c8416379e62ac1baf96f465da613ec991c10355c66b3e213cb6481aed"
"SD0125_T001_1hao","SD0125_T001_1hao.xlsx","hourly-data-01.zip","988451","f7862e6a0e5495b463d00a9fbfa6a49b14de1339c1bc4066e8545ddfbf74edfa"
"SD0126_T001_1hao","SD0126_T001_1hao.xlsx","hourly-data-01.zip","1000748","3d1a51d11173ec68c868fa2dc2f778bc3adaf6bba246bbdfe9b1b7073f9a5f2f"
"SD0126_T002_2hao","SD0126_T002_2hao.xlsx","hourly-data-01.zip","993588","c659184b02f221e89d2c19ffb2c073bdf6f8422e903a24dc810af940110451b6"
"SD0127_T001_1hao","SD0127_T001_1hao.xlsx","hourly-data-01.zip","988228","774047c7fd8be49b0826eaa8551c67dd5201cc9c17a6e52b0acfe2db8e3e8f51"
"SD0127_T002_2hao","SD0127_T002_2hao.xlsx","hourly-data-01.zip","996747","8759b1184df734486cbc5be7c39dfef61fc75ec20ee2055a09b3333d10ebd6e0"
"SD0127_T003_3hao","SD0127_T003_3hao.xlsx","hourly-data-01.zip","998018","210455362b5c7223fe94d38015397fac325ba1f8310ca8dc5cfce477b5d2a01a"
"SD0127_T004_4hao","SD0127_T004_4hao.xlsx","hourly-data-01.zip","997993","cafb7f9ec74f8cbd9f10ab6be90edf9e3c6ccd980014b22cc3033721e1c19b41"
"SD0127_T005_5hao","SD0127_T005_5hao.xlsx","hourly-data-01.zip","1002205","fb6a071d106b2b1ed3b4954a752084b59b2017485d7468dc026f2dd1d50c893b"
"SD0127_T006_6hao","SD0127_T006_6hao.xlsx","hourly-data-01.zip","993391","ffcb545b76f6c79ff6bf505a1476054a377dd9e36750a5d72b48e13d91d28d16"
"SD0127_T007_7hao","SD0127_T007_7hao.xlsx","hourly-data-01.zip","992739","485268020c43f79ce36b8f7632683497e5d3a6ec7de0c92c9c02ed8c1d090560"
"SD0127_T008_8hao","SD0127_T008_8hao.xlsx","hourly-data-01.zip","993144","f91d4ffe3fd8d06b37294fb5ee12f9832f51512874cdc7f8a7081ae900b3569a"
"SD0127_T009_9hao","SD0127_T009_9hao.xlsx","hourly-data-01.zip","1003912","54d2f409d163a07b9d8e9573c79a00f42aeed9ff8bb12c68f334661a9120a7af"
"SD0127_T010_10hao","SD0127_T010_10hao.xlsx","hourly-data-01.zip","986883","550fbe62213a6f3dea570864b3be576d38c6763818157bb4739fd723ccfb5ff2"
"SD0127_T011_11hao","SD0127_T011_11hao.xlsx","hourly-data-01.zip","996694","d522e3c0eeb54311e31412bd5767b813f316a2dcfebb1a0504c4ad6d0f680673"
"SD0127_T012_12hao","SD0127_T012_12hao.xlsx","hourly-data-01.zip","992049","8461d742b47c097196973cc99771c10ea2e2e7807de8c4007c20e684e0a261c1"
"SD0127_T013_13hao","SD0127_T013_13hao.xlsx","hourly-data-01.zip","988157","f843bb76e1bb3ed8cb628a5cd4abd3eaaafda57adcc3ac059f878af2a680c3aa"
"SD0127_T014_14hao","SD0127_T014_14hao.xlsx","hourly-data-01.zip","983139","e9b67cae2f538c0124e924f0eb447ac68ca81ce12cea99ed7d64db9c4c10e293"
"SD0127_T015_15hao","SD0127_T015_15hao.xlsx","hourly-data-01.zip","987106","12aaadeda4ce5e42e282c1e31c264a33057f1653438601a4dac3b0d4c7929b3c"
"SD0128_T001_1hao","SD0128_T001_1hao.xlsx","hourly-data-01.zip","988644","a4c90ea621048ad9e3614045f96e2fb8414d813c8fbccba9feda9c0bc36e3691"
"SD0128_T002_2hao","SD0128_T002_2hao.xlsx","hourly-data-01.zip","825065","6ff333aee92aef61623660a0532f8fe2268785e0f278f73a6cba46a039445301"
"SD0128_T003_3hao","SD0128_T003_3hao.xlsx","hourly-data-01.zip","987897","005f02e269b127aa08e3cee67968edbe20fed3092823d3783ee054513db70918"
"SD0128_T004_4hao","SD0128_T004_4hao.xlsx","hourly-data-01.zip","988570","2ac1746afab9794d349f70d688deab0f8eab172c32058233da91de81e781d5dc"
"SD0128_T005_5hao","SD0128_T005_5hao.xlsx","hourly-data-01.zip","988573","e2698d318dd23daffdf59012cdbb71f8a8a310a2dc9ac96e8c4536c7699b07ad"
"SD0128_T006_6hao","SD0128_T006_6hao.xlsx","hourly-data-01.zip","981925","ab5ffaea4e23b474fac2c90944e1f83e4517f6717b4e3a409b76d7d50b5fb5f7"
"SD0128_T007_7hao","SD0128_T007_7hao.xlsx","hourly-data-01.zip","988732","62234947701214edc5596c685d8f9f2a3c52db7e0d9c8a4862ef99a4765c3f21"
"SD0128_T008_8hao","SD0128_T008_8hao.xlsx","hourly-data-01.zip","991914","12b99704796384367ff321f08e66280cef5a13994665bd02c22d780f57047c7c"
"SD0128_T009_9hao","SD0128_T009_9hao.xlsx","hourly-data-01.zip","991039","5847b988c15e36a96bf52ba2fd03a72e90d5347e5566976a1e213f6efc25a324"
"SD0128_T010_10hao","SD0128_T010_10hao.xlsx","hourly-data-01.zip","1002785","708f3523d99231b68d09b45ece29f9443db031910f9294eeaf95c011333914bd"
"SD0128_T011_11hao","SD0128_T011_11hao.xlsx","hourly-data-01.zip","992535","da40ae0209e6284d778d5d98f84ff18f80f119d0dfe6ede2994ad549037ad3d6"
"SD0128_T012_12hao","SD0128_T012_12hao.xlsx","hourly-data-01.zip","991118","887be0f3f04ed0502d7d277ba32a622a013a1bdd09942ec553abb73eaca890ee"
"SD0128_T013_13hao","SD0128_T013_13hao.xlsx","hourly-data-01.zip","1003540","82c6110f99f13f34f93163309daba6bc9993d87860e4abd42cd600025f573911"
"SD0128_T014_14hao","SD0128_T014_14hao.xlsx","hourly-data-01.zip","988520","c25ee72979d72dde9189d8812a62ee7f7b2d647ce02f83089950103e64cb9115"
"SD0129_T001_1hao","SD0129_T001_1hao.xlsx","hourly-data-01.zip","1008030","a859137a54b1e17d2a25f5667c08a56f8dce373dede433ade190f8ef0f3d803d"
"SD0130_T001_1hao","SD0130_T001_1hao.xlsx","hourly-data-01.zip","997759","638cc7a58fe98b79761dde45cfceca2da3f516b8903d4726e619cbfb123890b3"
"SD0131_T001_1hao","SD0131_T001_1hao.xlsx","hourly-data-01.zip","991848","915c55181893cd2416c35e5e5ad150bccb846c02e9996f91fc6b89895c811bc0"
"SD0131_T002_2hao","SD0131_T002_2hao.xlsx","hourly-data-01.zip","988399","4365a36a17b00c87a6c54d32d81b70541bf38752b77a3c69b753d1da2cc31ef3"
"SD0131_T003_3hao","SD0131_T003_3hao.xlsx","hourly-data-01.zip","995471","c515105f5264e1873779aefc9e45bcc15c140e7b218abb74e9c488f27944abec"
"SD0132_T001_1hao","SD0132_T001_1hao.xlsx","hourly-data-01.zip","828175","39712a024760a618382f4b8d631ee1983b1573646b52d2e32e84db75f65ff02f"
"SD0133_T001_1hao","SD0133_T001_1hao.xlsx","hourly-data-01.zip","1005204","69e06f374c15a4a18fa1da3a4b411bcc4c9108e30dcb2739762c11caffed6ace"
"SD0134_T001_1hao","SD0134_T001_1hao.xlsx","hourly-data-01.zip","991662","b52eae9a7a888538fdbcdd667ed778e6d8f58b43aa07f4276c389ec3eb93176c"
"SD0136_T001_1hao","SD0136_T001_1hao.xlsx","hourly-data-01.zip","983337","f10fdbd5a2a9329a2fd5770005027b0a48ab31c4611bc30de3307e1b781eb559"
"SD0136_T002_2hao","SD0136_T002_2hao.xlsx","hourly-data-01.zip","985503","b184dc62ff526ec6aa10935b21de70594f1c5a32a66f0588bfcd475f16103874"
"SD0136_T003_3hao","SD0136_T003_3hao.xlsx","hourly-data-01.zip","991148","5cfbb2ad06467830e6348e4b4c4d2d38800ba99b5db094c7038eaec267704cd0"
"SD0136_T004_4hao","SD0136_T004_4hao.xlsx","hourly-data-01.zip","984349","146e28c88c63a042afbdfb3b0809ef58ce5befeb7877dfc04db6aa20a655dbfa"
"SD0136_T005_5hao","SD0136_T005_5hao.xlsx","hourly-data-01.zip","821140","80de79bd426a73280121ececdb7d449038fcb28669edfec58a1f980f64ff712b"
"SD0136_T006_6hao","SD0136_T006_6hao.xlsx","hourly-data-01.zip","1003408","912ff37f44b1c5ea5a5e17d290cdd2c04aa07f45d6ad6f3e609e8f31243a5245"
"SD0136_T007_7hao","SD0136_T007_7hao.xlsx","hourly-data-01.zip","999379","7ecac074326c0bc6e0522ddd434948b38a4d082b6a77a8499782fd4e726d2786"
"SD0137_T001_1hao","SD0137_T001_1hao.xlsx","hourly-data-01.zip","1001168","9c7cbc90c2566c751641b967f3b99ebc4825c3397e8966ffd2251628c685d86d"
"SD0138_T001_1hao","SD0138_T001_1hao.xlsx","hourly-data-01.zip","1000031","0e34f73a23daa80cc793334ab19d7cb385cc8915c8a18864c3a8bbd19e59d8b7"
"SD0138_T002_2hao","SD0138_T002_2hao.xlsx","hourly-data-01.zip","978445","4b365a8d7ee31d2be7f5274a6419b2dd9f8c8180739d0002c387fcfa16230fd5"
"SD0138_T003_3hao","SD0138_T003_3hao.xlsx","hourly-data-01.zip","990814","a4dc8ccf0173d5d5a0e140483c1501893365e88d4839a1680585f3057b2126d6"
"SD0139_T001_1hao","SD0139_T001_1hao.xlsx","hourly-data-01.zip","987008","cf3b5925ae08a87c735b384b697406da708461cbacbe4bb3be84d00c3f746478"
"SD0140_T001_1hao","SD0140_T001_1hao.xlsx","hourly-data-01.zip","1010690","779c3667248ba413b2098f990772eba82a75b6347c7e4a65820d561ef45fffee"
"SD0141_T001_1hao","SD0141_T001_1hao.xlsx","hourly-data-01.zip","1013362","13a648668e88817f3ec2f09a3f52f6a5185e39cf44b6ee396d279830d29472a0"
"SD0141_T002_2hao","SD0141_T002_2hao.xlsx","hourly-data-01.zip","1014547","e1dc96b0bf6b0cd9cf092af0732a686fd3cbbe7709d5a48a3944c6c48283b677"
"SD0142_T001_1hao","SD0142_T001_1hao.xlsx","hourly-data-01.zip","982493","92a2f6a16c0c465fd247cb85974a593107cd4488812883abe3c60d0ae984a068"
"SD0142_T002_2hao","SD0142_T002_2hao.xlsx","hourly-data-01.zip","825306","bc53f544377c9ebcb239c2f95b2792bf33d28ebf049ccfa30ee0d26942b4a325"
"SD0143_T001_1hao","SD0143_T001_1hao.xlsx","hourly-data-01.zip","1001721","31e631f3db7ab2f49a0da9a144ccf34de808701bc45f7ad13cd89b83f4b02b1d"
"SD0143_T002_2hao","SD0143_T002_2hao.xlsx","hourly-data-01.zip","1007196","ee1f5cc8c751af28a03ec2eb28d24ddce7e7fafaea1468ffd90d0574b8f4a879"
"SD0143_T003_3hao","SD0143_T003_3hao.xlsx","hourly-data-01.zip","1001942","75dd31b9ecf11f49c49b8ad0908f11050910012d2e4c0bcd19121eec66c074ef"
"SD0143_T004_4hao","SD0143_T004_4hao.xlsx","hourly-data-01.zip","998821","df887bf0f8bf10c641c6af65a0851bdb982bfe2527f5c40f808e26a3f0784320"
"SD0143_T005_5hao","SD0143_T005_5hao.xlsx","hourly-data-01.zip","991294","450653960ce1c950587641efaea2256990614925303496beb49b287c40347686"
"SD0143_T006_6hao","SD0143_T006_6hao.xlsx","hourly-data-01.zip","992972","89fb48824bb696fb76e7f08db7e5d75f3be543005f024384691e38e7fba926e7"
"SD0143_T007_7hao","SD0143_T007_7hao.xlsx","hourly-data-01.zip","1008730","e0f3f2be2e9718065ca099790fccee8fbd272fbd6fda3d83bc74c8034c5f2181"
"SD0143_T008_8hao","SD0143_T008_8hao.xlsx","hourly-data-01.zip","999045","29ef6d9e7be6126075fe82b160c4d3a44f05ba29b2c416de52d4412af6f51421"
"SD0143_T009_9hao","SD0143_T009_9hao.xlsx","hourly-data-01.zip","994217","4e8bf99a2d3717f5e2b79fa7ddfc5084017bbe3a6bea575d19bab449ea62ef8a"
"SD0144_T001_1hao","SD0144_T001_1hao.xlsx","hourly-data-01.zip","990095","87bd77d5e7732a9fbd4f55a3ef2569cade950d1a8d324cb113c7e4ba38187c47"
"SD0145_T001_1hao","SD0145_T001_1hao.xlsx","hourly-data-01.zip","993249","41de797c0fe6ea454bc75d1b99c92dc271737708ccc8380bfef97cf8e0ca4fe6"
"SD0146_T001_1hao","SD0146_T001_1hao.xlsx","hourly-data-01.zip","1007424","23312bbb341f2c9c8d04cb9fc238896fd6fefc72f292f1d631e6454c38b4d054"
"SD0147_T001_1hao","SD0147_T001_1hao.xlsx","hourly-data-01.zip","999597","947a95f0ba2647b7f358caa4878fb701c986dff85446c2cb08e74e34a1bb289f"
"SD0148_T001_1hao","SD0148_T001_1hao.xlsx","hourly-data-01.zip","1010463","da6f4f02edd123940f9a4175dfa37b93742b44ca654c5029f19de02848311e2e"
"SD0149_T001_1hao","SD0149_T001_1hao.xlsx","hourly-data-01.zip","1012697","4007e7a7305114659b51f6f348b0f75f008238d709012980f950259bc2ad8740"
"SD0150_T001_1hao","SD0150_T001_1hao.xlsx","hourly-data-01.zip","1001529","8cc93c6913a53c60f60cf6be5313e87850da6754a76695b417046afba4490b7b"
"SD0150_T002_2hao","SD0150_T002_2hao.xlsx","hourly-data-01.zip","994218","c0c93558d9ff328f88c5acf62134e93e627c05a67b720cdd8f9d6d215359bc8a"
"SD0151_T001_1hao","SD0151_T001_1hao.xlsx","hourly-data-01.zip","984911","fe06591f52da5b644b3cbe800167454484f9a39c08795efcb0d3259cb1a55e2d"
"SD0151_T002_2hao","SD0151_T002_2hao.xlsx","hourly-data-01.zip","985676","37b0fa1ba6efcf056749ff834856fe5e187788b7ac1f75ac7228088bd1c6578a"
"SD0151_T003_3hao","SD0151_T003_3hao.xlsx","hourly-data-01.zip","990201","461b49b7b9bbe47a494807396bf0c0766b2f96862fe61845396e24ed3e694770"
"SD0151_T004_4hao","SD0151_T004_4hao.xlsx","hourly-data-01.zip","994503","3d96267eac269251ceef06e4c66411b31c96db2ce0b6ab873f3eaaa2a640b498"
"SD0151_T005_5hao","SD0151_T005_5hao.xlsx","hourly-data-01.zip","976855","6354f5e6d001d6f446b4164779d4aabc09f7c2a97899b9bc46ded0c90606b7be"
"SD0151_T006_6hao","SD0151_T006_6hao.xlsx","hourly-data-01.zip","987677","6520299421f8d1b9557a0da5319f864ce0da36f03d5901cfb4fffd29c138a35a"
"SD0151_T007_7hao","SD0151_T007_7hao.xlsx","hourly-data-01.zip","829307","710c3c9e48e50c2c713e5558f71284abbb7bda6c8e4e307687a0900d24c9c943"
"SD0152_T001_1hao","SD0152_T001_1hao.xlsx","hourly-data-01.zip","990754","991ee45f32d525315db9856a0d3a63088d307dd47a9da8234738e543c59da33f"
"SD0152_T002_2hao","SD0152_T002_2hao.xlsx","hourly-data-01.zip","995463","e5763f33f948dc183a69645f7d9a148082f2ac8276b5e09715ff4ca265528b0c"
"SD0153_T001_1hao","SD0153_T001_1hao.xlsx","hourly-data-01.zip","1011377","9147f5478fc4db8ccc307d05438fe7cdb95723243bddeaa8778b7c0d37b2a866"
"SD0154_T001_1hao","SD0154_T001_1hao.xlsx","hourly-data-01.zip","1000086","2e87002145dce47c73a2091906c07074e1331320c6d73ed70950e5acb20698c1"
"SD0155_T001_1hao","SD0155_T001_1hao.xlsx","hourly-data-01.zip","1016370","f461862dd1fb55dc1bebe810086e257eecc7f1a6dca09c642ca2b46c25533a1d"
"SD0156_T001_1hao","SD0156_T001_1hao.xlsx","hourly-data-01.zip","1004998","5c5372dc39fa65372601377f38756acd42cbcb222d6d1aeb7ebae767b34422f3"
"SD0157_T001_1hao","SD0157_T001_1hao.xlsx","hourly-data-01.zip","1015828","f5ef44847764810db9eb33c97b57b310122f1970dd7f6a879cf799c98af230d6"
"SD0158_T001_1hao","SD0158_T001_1hao.xlsx","hourly-data-01.zip","1007989","db3e69297c7fc0d26f42dc5d928d5f90aced207c366c15f2cf06b33f25280686"
"SD0159_T001_1hao","SD0159_T001_1hao.xlsx","hourly-data-01.zip","1001994","263472e298f5a0858821bd32f2fa9766cc66ce7dc06bae07d9bf09001ad24d83"
"SD0160_T001_1hao","SD0160_T001_1hao.xlsx","hourly-data-01.zip","989924","b8ee1304542a31aa8268b7c715428c12a75465e9a5e1c352bd6ee405affa5486"
"SD0160_T002_2hao","SD0160_T002_2hao.xlsx","hourly-data-01.zip","1001008","87031ea03ef4138efd5c95fe5a3b38e9c48796395f2debf58f8d8e51dfca7285"
"SD0160_T003_3hao","SD0160_T003_3hao.xlsx","hourly-data-01.zip","986602","e02538828bf60aebd99836b4fc142292a620464532ac3089aff847e851176a75"
"SD0161_T001_1hao","SD0161_T001_1hao.xlsx","hourly-data-01.zip","1005398","6a278ce94265bac76c782cb7aff66ad26e60dd060eaec2074722fa176a68b32a"
"SD0161_T002_2hao","SD0161_T002_2hao.xlsx","hourly-data-01.zip","994862","68291a6398da9397d9db6f90fcc2a4dac40ead0466e629d7e5674343e9a05ba6"
"SD0161_T003_3hao","SD0161_T003_3hao.xlsx","hourly-data-01.zip","990279","edac6f8c07b71a19b334b0e460d3f33df8d0e080436d232b3b7d7e79849dc2e4"
"SD0162_T001_1hao","SD0162_T001_1hao.xlsx","hourly-data-01.zip","1006191","7c39a4e74959521556995df05c6c0c62f9a47da848b4888c63d017f36a9d2900"
"SD0162_T002_2hao","SD0162_T002_2hao.xlsx","hourly-data-01.zip","999378","fcc89dc25f633ac6d0daed2781112a9f40675701d6fc41ad321b330fb98db5b8"
"SD0162_T003_3hao","SD0162_T003_3hao.xlsx","hourly-data-01.zip","996269","25a817eb28e033df8c00f285a696e340c8e07b50aa6fd5f82779ec9cb9e99880"
"SD0162_T004_4hao","SD0162_T004_4hao.xlsx","hourly-data-01.zip","1000779","bcfd677d679c37d74de3b60a7193f65751758abf1f8f073e9e56bc4804c30a53"
"SD0162_T005_5hao","SD0162_T005_5hao.xlsx","hourly-data-01.zip","1000849","fca69785baa83fe44e1714e93d31cdc4efe60d85609c9237dfd90d9a2c488413"
"SD0162_T006_6hao","SD0162_T006_6hao.xlsx","hourly-data-01.zip","999742","f4bc4cb5d89d1aa0dd3ce6d1a6cf4a091570588f22232f5ce9f62d6c21935dd7"
"SD0162_T007_7hao","SD0162_T007_7hao.xlsx","hourly-data-01.zip","1003845","de90fd51a7ca4448c6abb41c7523d8a7b5af991ee7cadcbc9a10637c0a9d08c9"
"SD0162_T008_8hao","SD0162_T008_8hao.xlsx","hourly-data-01.zip","989618","4288d6d84f693653bbbcea38f944d04c1e0aafe83f9249d1dc215bc4cd8aa62a"
"SD0163_T001_1hao","SD0163_T001_1hao.xlsx","hourly-data-01.zip","1002196","2af4fec16e4898dd3fa7000965d81ee2e101669e0823dff83742d17f343458b1"
"SD0164_T001_1hao","SD0164_T001_1hao.xlsx","hourly-data-01.zip","1004245","053929c78598f585230c0404988483f4651e55593afeb26646dc95bdc5837811"
"SD0164_T002_2hao","SD0164_T002_2hao.xlsx","hourly-data-01.zip","1009825","113b49113af3fd94afc74c4703355a60341a6f6980682a5e85934882e85414b2"
"SD0165_T001_1hao","SD0165_T001_1hao.xlsx","hourly-data-02.zip","1003292","0e635537140b0ca45dea925049e94324d77f290e239be26032559ee0b6649c6c"
"SD0166_T001_1hao","SD0166_T001_1hao.xlsx","hourly-data-02.zip","1012182","c35f6fd313ff1ade3a14a5402efc88ce07a624ad62876d3168a44124191b78a4"
"SD0167_T001_1hao","SD0167_T001_1hao.xlsx","hourly-data-02.zip","1002789","db398a43d503d93f6d346e15a26e9a78a46f5e052783c16b75149bb6cca93590"
"SD0167_T002_2hao","SD0167_T002_2hao.xlsx","hourly-data-02.zip","1001811","e99b443bcd1191a7dee14528c8f7a56aa3e8241c762dc93a723a60395ee66fe2"
"SD0167_T003_3hao","SD0167_T003_3hao.xlsx","hourly-data-02.zip","980552","c1a50fc9f8df472adb45ce9e679a55036503a937fd242de4251c18dd2dded5a9"
"SD0168_T001_1hao","SD0168_T001_1hao.xlsx","hourly-data-02.zip","980507","bed0c3222689666f4763bdbc4d10225f0d9542d7c0ce8007db86cc617ff8886c"
"SD0168_T002_2hao","SD0168_T002_2hao.xlsx","hourly-data-02.zip","1012393","c51d949028f5839b758607b0024b1cbc028e11dc66f9da0dc87bdf05c628ce1e"
"SD0169_T001_1hao","SD0169_T001_1hao.xlsx","hourly-data-02.zip","1000316","e36390f22979ae65e0a44b906afaec56540258f46dce3e75fa0d26c4798719a8"
"SD0169_T002_2hao","SD0169_T002_2hao.xlsx","hourly-data-02.zip","1006174","e2b927a9c3b3095c3a3ea24cbe8daaa9452da34002cdfade8ff6144df21deb57"
"SD0169_T003_3hao","SD0169_T003_3hao.xlsx","hourly-data-02.zip","1008672","748a890802367187fe2f158d67e10812eeca458de9fd236340e1242546d6b5a8"
"SD0170_T001_1hao","SD0170_T001_1hao.xlsx","hourly-data-02.zip","1002803","28f7cbfc452346d3e6a4898b7983c0647b4860762a33593d14dbe1e201070219"
"SD0170_T002_2hao","SD0170_T002_2hao.xlsx","hourly-data-02.zip","1011936","112686aadd96c79dbcffc18f2beb02e7684d16349da23dc5e3e8998ee0724f48"
"SD0171_T001_1hao","SD0171_T001_1hao.xlsx","hourly-data-02.zip","1000906","5292c51270653b3fe9668f7670ee436d6cb8b7ac333d623fab8c324493e96c83"
"SD0171_T002_2hao","SD0171_T002_2hao.xlsx","hourly-data-02.zip","994694","1da741bbf43b510911080694867a40212f7199e71155bfefaa00de373f41682a"
"SD0171_T003_3hao","SD0171_T003_3hao.xlsx","hourly-data-02.zip","999837","7c660970d6ee5fa2f5cb50421ddbffb9d8f446ccabefb585f91cee3556a945f6"
"SD0171_T004_4hao","SD0171_T004_4hao.xlsx","hourly-data-02.zip","997917","286b5b5b8d2951527728f11f269d1647e6e0fe70b1e7fa9d4b8a6867fb537673"
"SD0171_T005_5hao","SD0171_T005_5hao.xlsx","hourly-data-02.zip","991477","43770089113aa60cf34071a76867466ddb67b476f75a31c75ed648e35dd23b58"
"SD0171_T006_6hao","SD0171_T006_6hao.xlsx","hourly-data-02.zip","990918","e6605abf943a3c8fef6a7389f8161f05e06637f172a67ad485aa5de90ea7a35b"
"SD0171_T007_7hao","SD0171_T007_7hao.xlsx","hourly-data-02.zip","989889","ab1aaade02115c9c0b374e38d56fb1b093e266abaa681760db989b6db9379c6f"
"SD0171_T008_8hao","SD0171_T008_8hao.xlsx","hourly-data-02.zip","996482","413e8b67dd6c7b88d7cdb59012f9164081d3b1161e64530b210dfc2a5f49a27d"
"SD0171_T009_9hao","SD0171_T009_9hao.xlsx","hourly-data-02.zip","986750","d244f53cc9322146a4bc1b9bce45423f6243b53099b889efddf224e580c059d1"
"SD0171_T010_10hao","SD0171_T010_10hao.xlsx","hourly-data-02.zip","997837","8662fdbe61a2f99438c385b4779129935a46bb8744780972ef22324532e17129"
"SD0171_T011_11hao","SD0171_T011_11hao.xlsx","hourly-data-02.zip","998648","3963303cc84234d601b22a7f699a55b11c58b9c323b7cc3f70c5ea5f72ce1055"
"SD0171_T012_12hao","SD0171_T012_12hao.xlsx","hourly-data-02.zip","1010417","3904f867f27d3ff606252ceaec384d904ae4a1e3498c84d4fde4cf06da55d4f3"
"SD0171_T013_13hao","SD0171_T013_13hao.xlsx","hourly-data-02.zip","1005364","b04d7d8c6452d9f99d5842e9c9552706c3a755c34ec980ac711672aad2056e70"
"SD0171_T014_14hao","SD0171_T014_14hao.xlsx","hourly-data-02.zip","986785","458f81c49b7a22de81f7e8a4dd477dbe1c4dd20ef3459df82e4ff7385866bad5"
"SD0171_T015_15hao","SD0171_T015_15hao.xlsx","hourly-data-02.zip","1007363","bce7e636dd3464814f30ef33a0be686fe4b425ff0977723538c1ff3ca42636cd"
"SD0171_T016_16hao","SD0171_T016_16hao.xlsx","hourly-data-02.zip","1004524","3929747514ee8489b363e8c74e7c191535c21401de830e50bc6fdcdc65ccf713"
"SD0171_T017_17hao","SD0171_T017_17hao.xlsx","hourly-data-02.zip","1006266","4d1c4b0059baa05222c5d6b0d0178048874060d8519c190a060797bcb3cb6002"
"SD0171_T018_18hao","SD0171_T018_18hao.xlsx","hourly-data-02.zip","1004006","b3b93f0e1b91adb899c29b4b3b8adee0cab549832a86f868096feed418e5306c"
"SD0171_T019_19hao","SD0171_T019_19hao.xlsx","hourly-data-02.zip","1005687","67fb789aa9e2bba6188e5139209e356674f739a1cb9f5e6f2b8c271a49a9939c"
"SD0171_T020_20hao","SD0171_T020_20hao.xlsx","hourly-data-02.zip","1011841","b7c01ae7a82cf6f24c23f181de6567c2fc666ccaf6e0535334b438337a131659"
"SD0171_T021_21hao","SD0171_T021_21hao.xlsx","hourly-data-02.zip","1007511","f1f24eda3d1f0c505856716d7288db7f9d82e5a6f348e68aed0c3ff634a2cf2b"
"SD0171_T022_22hao","SD0171_T022_22hao.xlsx","hourly-data-02.zip","995231","ce2c73289d6758dfc685eaef433012b1f63da5cec55625cb5bc726890bcd6dcb"
"SD0171_T023_23hao","SD0171_T023_23hao.xlsx","hourly-data-02.zip","995122","5a8cfa3c7e595501da5056fea9c913a533a54de5d1173236b19816dee37353cf"
"SD0172_T001_1hao","SD0172_T001_1hao.xlsx","hourly-data-02.zip","1002767","f599669fa3e1c14d07ecb0752992e6a26eb2dd7cc8e664f13cfae2843dd6e3b6"
"SD0172_T002_2hao","SD0172_T002_2hao.xlsx","hourly-data-02.zip","995787","b17b4d8fe81c586ae98a4b00e5bc83703b53bf6a9603a1846fc246cd2129e811"
"SD0172_T003_3hao","SD0172_T003_3hao.xlsx","hourly-data-02.zip","987008","73a6cc9187c72b9bc8317668bde31d1e3e2ff3f2b64fc7be9ac0c59e94ecd547"
"SD0172_T004_4hao","SD0172_T004_4hao.xlsx","hourly-data-02.zip","989077","a249dfa10177fae5f8986f06c5a797cb8defaf65bb4700dd0c1dfd11578ea211"
"SD0173_T001_1hao","SD0173_T001_1hao.xlsx","hourly-data-02.zip","989620","2c09534c1b508efe95b35ea74357985fd6c6398988933835cba73daa966c4be7"
"SD0173_T002_2hao","SD0173_T002_2hao.xlsx","hourly-data-02.zip","993525","f0e6050aad7c1ca2a940969a3f4ec6cb21e3f65be9a0651254ac2bf4095bf83e"
"SD0173_T003_3hao","SD0173_T003_3hao.xlsx","hourly-data-02.zip","990809","2716b918b82c25c1402caca42193946d99f3c59fa9b31386366b4fad5526d21e"
"SD0173_T004_4hao","SD0173_T004_4hao.xlsx","hourly-data-02.zip","978191","5cee8abe4b3d5eabbe6b52a408410a67563fb7b424aa683964e6f59d260b1913"
"SD0174_T001_1hao","SD0174_T001_1hao.xlsx","hourly-data-02.zip","828184","cf2a738a279b96f32668cb1762231e1126f493aad46a9f1bcba89d9b260f9a8c"
"SD0174_T002_2hao","SD0174_T002_2hao.xlsx","hourly-data-02.zip","988794","1facc8682c68ab57df411de28d961c8e0be3b83094d05128f7ad003a92166b33"
"SD0174_T003_3hao","SD0174_T003_3hao.xlsx","hourly-data-02.zip","978587","f68f5836ffaaa9450b175a4973ccee612956035b2aaadc79b44253015a02e343"
"SD0174_T004_4hao","SD0174_T004_4hao.xlsx","hourly-data-02.zip","995326","4bfd1a5f43fb0da0531a24af5e6b1c866bb9743f37986f06d8fcacb6f7c6b808"
"SD0175_T001_1hao","SD0175_T001_1hao.xlsx","hourly-data-02.zip","988557","2069a9b2476bd91d5482b485de3e1e22f83fea0134c232d44bcd483e72956a9e"
"SD0175_T002_2hao","SD0175_T002_2hao.xlsx","hourly-data-02.zip","990658","a35b3f2dd44806dba9c396be167e1b949467d7c5b76ff19fad562773d82f2d95"
"SD0176_T001_1hao","SD0176_T001_1hao.xlsx","hourly-data-02.zip","1000182","8275240e528cf099b0be6d1acb88ac4bc10e8410dcc52f4ce184f5845e21cdf4"
"SD0176_T002_2hao","SD0176_T002_2hao.xlsx","hourly-data-02.zip","1007386","351385a6ae4efeed8f5d9fb7a49977fda41112a29f4164965db39105120c1f37"
"SD0176_T003_3hao","SD0176_T003_3hao.xlsx","hourly-data-02.zip","1007519","e3823664558c13e129de6d8ed9849d810d1ef24cd76b7b3105ffb37581159bba"
"SD0177_T001_1hao","SD0177_T001_1hao.xlsx","hourly-data-02.zip","1004695","127ad674fe36ba4622e7afba0069ddfc68ed236ba6d0a2c33b13a9d9ba950ff6"
"SD0177_T002_2hao","SD0177_T002_2hao.xlsx","hourly-data-02.zip","993285","120669733bb4d6cb54844e779f4faab6676fdc7f6938e183e873de3825d8a978"
"SD0177_T003_3hao","SD0177_T003_3hao.xlsx","hourly-data-02.zip","986200","8402d0bb137edcd158a820b0f7ba4a7c046a07113a11d30e6585958a9cc79bc6"
"SD0177_T004_4hao","SD0177_T004_4hao.xlsx","hourly-data-02.zip","986726","a8e5fb7ba8fabb2561d32518f07f845edfa9e6017414459c6e884933058f96b9"
"SD0177_T005_5hao","SD0177_T005_5hao.xlsx","hourly-data-02.zip","986156","c8af6bdd8ef8b64be6cbefe3207ff31fe537a99a9a44f751f797e772f587d0a2"
"SD0178_T001_1hao","SD0178_T001_1hao.xlsx","hourly-data-02.zip","1002423","15ab1ccd51542f30caee7eed9b56b2500b73c0205266ee6fbc5712b9091cb8b4"
"SD0178_T002_2hao","SD0178_T002_2hao.xlsx","hourly-data-02.zip","991367","033bed6a27c7213e58053f0e4f38d567f5a518779d415e641551555e7b3e3c07"
"SD0178_T003_3hao","SD0178_T003_3hao.xlsx","hourly-data-02.zip","982199","35a368f183cf4469d3275054d2b2329e2376309c6df0add37197e14c62338165"
"SD0179_T001_1hao","SD0179_T001_1hao.xlsx","hourly-data-02.zip","992211","a50e380aa01c920fb0128edbab885ace39ac560b02ce7b1a0076a5a934ae090f"
"SD0179_T002_2hao","SD0179_T002_2hao.xlsx","hourly-data-02.zip","990224","f2ece6596fa6019fb158d158722b79bb1724ec3bbc05f10d5c55bc30589933da"
"SD0179_T003_3hao","SD0179_T003_3hao.xlsx","hourly-data-02.zip","992396","22ee36fc6c06b677de48ea7c9d90a75f969436ac670874482ff78fc476308e53"
"SD0179_T004_4hao","SD0179_T004_4hao.xlsx","hourly-data-02.zip","1000536","48184dba3b6aa3fbf82859e0bd379870740067d8a37d7be89c86038e3cf8d688"
"SD0180_T001_1hao","SD0180_T001_1hao.xlsx","hourly-data-02.zip","1001791","ea58301049c59040bef409b8b3e53019d6d63631dc1b845572e97e5f7520fea0"
"SD0181_T001_1hao","SD0181_T001_1hao.xlsx","hourly-data-02.zip","992719","aa6ad9865b665978043eb63dea4b188b6232af879546012afd3ffb7104cfc48b"
"SD0184_T001_1hao","SD0184_T001_1hao.xlsx","hourly-data-02.zip","974686","570a08f20b60525d8f583c0ce6a1a4af596537ddbc3670094d50cce3b7495b26"
"SD0184_T002_2hao","SD0184_T002_2hao.xlsx","hourly-data-02.zip","988082","60e484aab3db97e8837f5815f8b5d66680fe8479a8b4d428ce2f5883a8985504"
"SD0184_T003_3hao","SD0184_T003_3hao.xlsx","hourly-data-02.zip","971350","d7ca3ed8a8e0b158f2caaea29674a53318c3478421cde6d8756f6b4662966a51"
"SD0185_T001_1hao","SD0185_T001_1hao.xlsx","hourly-data-02.zip","970667","ec0dd5c5f2ca55380251488c751e210c2f4062d287dbea259a27f379e1a0eafb"
"SD0185_T002_2hao","SD0185_T002_2hao.xlsx","hourly-data-02.zip","965237","e80da93b76f8c471a7d2323845ddaf5fc452b74aee7feb2fccc81792d8df7bc8"
"SD0186_T001_1hao","SD0186_T001_1hao.xlsx","hourly-data-02.zip","967145","0cb6b69864b6bf7918cd6d29312889ce60fb9c420997f2c697aa9845c056a25c"
"SD0187_T001_1hao","SD0187_T001_1hao.xlsx","hourly-data-02.zip","991405","89ff884d8ddb206400afb25041a4e30af7ba1c1e79044e3f31576853b60145ea"
"SD0188_T001_1hao","SD0188_T001_1hao.xlsx","hourly-data-02.zip","976363","9c1381feb1f73d3a837be36ed988e213b7db26f4b256d9c4660eedc1b729a284"
"SD0189_T001_1hao","SD0189_T001_1hao.xlsx","hourly-data-02.zip","995836","c2e5dc9223472381f8e16d301dc937626e9def085c17baa50f23a76a04bea905"
"SD0190_T001_1hao","SD0190_T001_1hao.xlsx","hourly-data-02.zip","987738","a4e2aba9d806f4027c6f4e8fba1756d6d0c5d78d4d4e3d652ee9c6d98d56cf1e"
"SD0191_T001_1hao","SD0191_T001_1hao.xlsx","hourly-data-02.zip","1005425","e4d42fcc14481507fd69700fa5c78a224d6d068c82702075ac501b2978088310"
"SD0192_T001_1hao","SD0192_T001_1hao.xlsx","hourly-data-02.zip","984274","82acb131dcb6851c11af4616804bccba830463642ecf0cb8c06d0b41b0fbecd7"
"SD0192_T002_2hao","SD0192_T002_2hao.xlsx","hourly-data-02.zip","992362","f529d7f94512f7a025c2c1a3cabfff5aedece4cb9072a757b736b23683f5ee04"
"SD0192_T003_3hao","SD0192_T003_3hao.xlsx","hourly-data-02.zip","968652","ff49385a3a7a4b5c833d949b654aab040de188ecd076eab52813aaedeba33368"
"SD0192_T004_4hao","SD0192_T004_4hao.xlsx","hourly-data-02.zip","968495","65655b8820c958b32c4878bebec975d58f79a3db9fbb24252ee22e999d06cac1"
"SD0193_T001_1hao","SD0193_T001_1hao.xlsx","hourly-data-02.zip","816488","ff6e0179b374a1a952ed6b935cf1503c0c5434ae03018fc7e6e3d94e1fb9090a"
"SD0193_T002_2hao","SD0193_T002_2hao.xlsx","hourly-data-02.zip","969332","3f37221a08a2e8a8fc5fcdccfb4c70af0d451eb3d46da44a7abac63e4fc84333"
"SD0193_T003_3hao","SD0193_T003_3hao.xlsx","hourly-data-02.zip","969821","88f35f04f502ab12f3f14b4276e5f82f72ccf23c9f73bb0b16838ee3c8f78a1e"
"SD0194_T001_1hao","SD0194_T001_1hao.xlsx","hourly-data-02.zip","980422","1f1e86c31053d25592c853dde3106c6cbc991093fe605b81f545b54bafae69ba"
"SD0194_T002_2hao","SD0194_T002_2hao.xlsx","hourly-data-02.zip","979851","ceed773c1d37fb877ae4354b1781b8f0344f2c0dcd4a6167a0f992dbec16c2d0"
"SD0194_T003_3hao","SD0194_T003_3hao.xlsx","hourly-data-02.zip","966965","3f3b659528886e486b6d5d8b1faeff0994dfc52709e8715675dcc129333b0c13"
"SD0195_T001_1hao","SD0195_T001_1hao.xlsx","hourly-data-02.zip","949609","61af6650830e57b05aa95a358de7c9ebc8b3ec6eb5dbb91a984a4ff30cc38838"
"SD0196_T001_1hao","SD0196_T001_1hao.xlsx","hourly-data-02.zip","982175","432364d51be86a602777c5505d6ee1aeb0d6590d19ee4f2e494815ce0c3e12c4"
"SD0197_T001_1hao","SD0197_T001_1hao.xlsx","hourly-data-02.zip","989813","becdba3a8325f92356444fcea478881bf03cc876d3ad659db6dd0a947af4d0c9"
"SD0197_T002_2hao","SD0197_T002_2hao.xlsx","hourly-data-02.zip","992587","a160fd5314035ef27098d9aee2a17a16ff1431f85c0d2fb01dcea27127c91b0a"
"SD0197_T003_3hao","SD0197_T003_3hao.xlsx","hourly-data-02.zip","995347","939ead0e6821ef503e116c135f7bef6c0caa7a35e58c17bcbf7048efa93b6dfe"
"SD0197_T004_4hao","SD0197_T004_4hao.xlsx","hourly-data-02.zip","1010398","52a66b95e4785b422a4df21617c7cb957f0cf5cecfa4979188c1cef1d189f8bb"
"SD0197_T005_5hao","SD0197_T005_5hao.xlsx","hourly-data-02.zip","998332","4c6797690461226c20d37ab4a6829f15f5feba085359674a98b6846f185bd76f"
"SD0197_T006_6hao","SD0197_T006_6hao.xlsx","hourly-data-02.zip","998805","20f17af0a71c53bdf580031b481b7f4f2132241632d0b07adce4293abff7c393"
"SD0197_T007_7hao","SD0197_T007_7hao.xlsx","hourly-data-02.zip","995067","a8b29fb21437126350acf33cb95c6f5541b4dd2b0ec9825742d59f8bad651196"
"SD0198_T001_1hao","SD0198_T001_1hao.xlsx","hourly-data-02.zip","985198","2a5d935f2ca72bc63b5da5f3d3c66c05ec79ebca2faee523e4040f0aaa32d5f2"
"SD0199_T001_1hao","SD0199_T001_1hao.xlsx","hourly-data-02.zip","992602","e5bc81f90c457fd39baa8f6e9291ae04826bdac26bafec4a033c9f0e14e18dd3"
"SD0200_T001_1hao","SD0200_T001_1hao.xlsx","hourly-data-02.zip","994135","73dd824a2ca7cc9444a1b4b03fd0304071ebf52608d64545ef526ba9a991818c"
"SD0200_T002_2hao","SD0200_T002_2hao.xlsx","hourly-data-02.zip","993744","be10edc2dc472e53fcba6d80345754ce46280d700d8d66c77b81b17850483759"
"SD0200_T003_3hao","SD0200_T003_3hao.xlsx","hourly-data-02.zip","983698","614b0107f3b6c2c14135aba06114aa7f184db5a6a2cfbbcfe7d38d823d419fde"
"SD0200_T004_4hao","SD0200_T004_4hao.xlsx","hourly-data-02.zip","991027","889065b1acfa78e190fa61ccf133f8062884a7b20a5c2c6425f7bda5b097c8e6"
"SD0200_T005_5hao","SD0200_T005_5hao.xlsx","hourly-data-02.zip","973122","453ed06cccee91e4b75d22b750a68f324c4f852796c1d7cd079c189931e340a7"
"SD0200_T006_6hao","SD0200_T006_6hao.xlsx","hourly-data-02.zip","970961","15c840e9fea19ec82d3bafb32c4021ce5d76e9865f311bf2cb807ba35db016c9"
"SD0200_T007_7hao","SD0200_T007_7hao.xlsx","hourly-data-02.zip","997845","0804b6c6c1d8819b1ee5b0bc745f1bfe707703b1941a0bfa6d0d28e4b162d3fc"
"SD0201_T001_1hao","SD0201_T001_1hao.xlsx","hourly-data-02.zip","980283","8f7c8f55105a202a5fe69914784afbe21cf5bae37226289272b8d05516e0d506"
"SD0202_T001_1hao","SD0202_T001_1hao.xlsx","hourly-data-02.zip","995063","c99aed16fd385781bae422a4ba29a0412a70f402f54b63b891540d4ddf04062a"
"SD0202_T002_2hao","SD0202_T002_2hao.xlsx","hourly-data-02.zip","975628","5da012b7237df4caee70911d46ea8d22febcf0e941f16f7bd44b887f2749c175"
"SD0203_T001_1hao","SD0203_T001_1hao.xlsx","hourly-data-02.zip","989581","ee69db86a48a3a727eb975f650ecafb77ef49a793bb8d09958b25f6aef199834"
"SD0204_T001_1hao","SD0204_T001_1hao.xlsx","hourly-data-02.zip","985937","f7d59c770d3720fb495c9a6e7622db8f79a812c7adca7155ff3bb4dc9a5d111f"
"SD0204_T002_2hao","SD0204_T002_2hao.xlsx","hourly-data-02.zip","995239","86df11c47d87ba06ab3df768df1c611932c2d6c5bf953bb89b428ebcb479640b"
"SD0205_T001_1hao","SD0205_T001_1hao.xlsx","hourly-data-02.zip","978702","31b8b62f070a23f0e9903d57dbca491f12812b7166b0035ae580b3debe381da9"
"SD0206_T001_1hao","SD0206_T001_1hao.xlsx","hourly-data-02.zip","989293","60b3379ecf9abbcf8167c9452dbfc195925e4baaea4436fcaa5d0501204970e6"
"SD0207_T001_1hao","SD0207_T001_1hao.xlsx","hourly-data-02.zip","973559","c1fd6c702bbb99e441b9a12f6dd6e4f1409273d5c0ac9d7312b3880e4de5bcfb"
"SD0208_T001_1hao","SD0208_T001_1hao.xlsx","hourly-data-02.zip","982925","452656e0eb84a27d9303034231d8e3be064b7826d0c8ca0406e4cd62efed2d0d"
"SD0209_T001_1hao","SD0209_T001_1hao.xlsx","hourly-data-02.zip","972431","bdc02fc79bde9ac8db3b91a3e487239d2d2d0795a6f421a8fcdee3dd378359c6"
"SD0211_T001_1hao","SD0211_T001_1hao.xlsx","hourly-data-02.zip","997633","58979247f1d43d25f5aa267e2ea8a945c6013cbd3ab49350fa4b05ac853a60bb"
"SD0212_T001_1hao","SD0212_T001_1hao.xlsx","hourly-data-02.zip","956932","9ffe37e2b2f9683ab971e389b1a482a303d91b2341e75beb26ca430fcbcb2aea"
"SD0213_T001_1hao","SD0213_T001_1hao.xlsx","hourly-data-02.zip","988977","aa74a45981e7515120a595fd507babebde2357cf93ab551b7b94d6e9557dbf06"
"SD0214_T001_1hao","SD0214_T001_1hao.xlsx","hourly-data-02.zip","960264","6928c14e2c3ca6a2ed81a60d0557abb8d02769279302f8f249325cea30e5e86c"
"SD0215_T001_1hao","SD0215_T001_1hao.xlsx","hourly-data-02.zip","975170","5d28f2554525bab2ab2a4173a78e471aedd421cf7a607b274b3814b1e8a454c9"
"SD0216_T001_1hao","SD0216_T001_1hao.xlsx","hourly-data-02.zip","981584","6bed793e8b0380a8bcb3f5b27cb36767d2d8aea1b1429f7c7db8d61b8b46a25d"
"SD0216_T002_2hao","SD0216_T002_2hao.xlsx","hourly-data-02.zip","972762","13ddd84104c41a80e271e0664b83573be33234f6377b3685e1e7cf77f5d968e4"
"SD0216_T003_3hao","SD0216_T003_3hao.xlsx","hourly-data-02.zip","1014172","7d47e492d3bf4fa372b20b2d9291a684344d13debe50419d873b2a94cdc910f7"
"SD0216_T004_4hao","SD0216_T004_4hao.xlsx","hourly-data-02.zip","997468","a3ae189d3e950711a901429fc70af28110ed8c397d7e833704e769f2aa526d3e"
"SD0216_T005_5hao","SD0216_T005_5hao.xlsx","hourly-data-02.zip","1005309","43819d64a0436611ad153b18ca75d46aa4613a6d78eac3d709c0ec49bd748b9b"
"SD0216_T006_6hao","SD0216_T006_6hao.xlsx","hourly-data-02.zip","996993","f146d1956132c8202bceda32f4ff880b95bbad43fd640ceb2f7c32199f2cf35c"
"SD0216_T007_7hao","SD0216_T007_7hao.xlsx","hourly-data-02.zip","975030","a1883c5ee5a70fb160f48805e0f2a5ede15aec0680dd9580d098e574bc95bdc5"
"SD0216_T008_8hao","SD0216_T008_8hao.xlsx","hourly-data-02.zip","976121","032a854695e6773908bf533409f638ad2b12a68a5538f278b64cdcdff28d5c7e"
"SD0216_T009_9hao","SD0216_T009_9hao.xlsx","hourly-data-02.zip","977976","b9321b13c7ad8f391b445b412771404737344a7869fe892b4a47f692d5afc5f9"
"SD0216_T010_10hao","SD0216_T010_10hao.xlsx","hourly-data-02.zip","1007250","b3072934ac6bf9820fafc830b99143a513d159d1f5d899251de6904e8074f7b3"
"SD0216_T011_11hao","SD0216_T011_11hao.xlsx","hourly-data-02.zip","987538","adc0d20e881ca971b600d44d5774801cbb570e829f91dc638e96bc602e751e7b"
"SD0216_T012_12hao","SD0216_T012_12hao.xlsx","hourly-data-02.zip","1000305","fdfeee900fd164099b75e8cb5ac3bc283d07670727e7d4114a05b83d1f7d6b79"
"SD0216_T013_13hao","SD0216_T013_13hao.xlsx","hourly-data-02.zip","1000965","62c22b37b510f2eb3edce96624b29b4d81c7a32b439894a7b8a720edc725bd42"
"SD0216_T014_14hao","SD0216_T014_14hao.xlsx","hourly-data-02.zip","963839","9e98832fd86582fe1890055d495b85c0995cc34142aa1b99b15f6e74e8b8df6f"
"SD0216_T015_15hao","SD0216_T015_15hao.xlsx","hourly-data-02.zip","1002658","0fdb83db8eca9873f9f814cdf1b59b11114bb655053a9b76e9ff5b50bfeaaa49"
"SD0216_T016_16hao","SD0216_T016_16hao.xlsx","hourly-data-02.zip","965119","ad5e996daffa9caa557b50dc22f9c3a6f9ac8081eb69ebbd6d075a1129c0cca9"
"SD0216_T017_17hao","SD0216_T017_17hao.xlsx","hourly-data-02.zip","962797","e815df8ec9d39626d13e243a2a820aee77a018646828211c935edb09e18a13d8"
"SD0216_T018_18hao","SD0216_T018_18hao.xlsx","hourly-data-02.zip","964674","8799c0fd01f7879455eae1a872c7abfa6d8827de7e63947483037d0f810e9eb5"
"SD0216_T019_19hao","SD0216_T019_19hao.xlsx","hourly-data-02.zip","1016123","bf5910e61c1028110349f740213a7c41b841610abe918868453065f58ccb864d"
"SD0217_T001_1hao","SD0217_T001_1hao.xlsx","hourly-data-02.zip","984205","125871796dcdffb6e515a0e9a44abcc5866826e05b444cb900a006d6d10798ab"
"SD0217_T002_2hao","SD0217_T002_2hao.xlsx","hourly-data-02.zip","971561","5ff44a78730c790b795c056c4b14e24a4a76c9060c807336631ece984fc0bf88"
"SD0218_T001_1hao","SD0218_T001_1hao.xlsx","hourly-data-02.zip","969332","9d678a1564713c5d24834472cf203322fbb9c951b5b1c39581f92c9498bf9218"
"SD0218_T002_2hao","SD0218_T002_2hao.xlsx","hourly-data-02.zip","971733","8e9c6e39aebaf3212dfdd57ee9eab7df31e5412547c7fab39c3d909fa7c072a2"
"SD0218_T003_3hao","SD0218_T003_3hao.xlsx","hourly-data-02.zip","970650","e8965ff71b634e1860676b11db80ca94af10ca8a0169733592900067e044a735"
"SD0219_T001_1hao","SD0219_T001_1hao.xlsx","hourly-data-02.zip","974380","8e6b10fd3efb9b463042b5fbf7091bf6cbea6c0c2ec412e43dc8b40a724a9527"
"SD0219_T002_2hao","SD0219_T002_2hao.xlsx","hourly-data-02.zip","976289","63a37b7cf3071034205aa8b76eeb6165d07f78f904794e96ee5d6fbf5617a951"
"SD0219_T003_3hao","SD0219_T003_3hao.xlsx","hourly-data-02.zip","977343","57919d13fad1d45c7f8ce0ddeaf667d63917a89ab59a2b29535f8944134287f2"
"SD0219_T004_4hao","SD0219_T004_4hao.xlsx","hourly-data-02.zip","973437","7117f983fa2fba71b86cfd4cc948be548116e2e48392ea07a166d933403a3a84"
"SD0219_T005_5hao","SD0219_T005_5hao.xlsx","hourly-data-02.zip","967494","4d895da0e3eb05a04a70aab7834c45efb3e88c8bb28a58bee317cf85b9d8ec3f"
"SD0220_T001_1hao","SD0220_T001_1hao.xlsx","hourly-data-02.zip","977170","940c3f997b4fd00f36d95626f4bc459e52e2db5d5dbd840270d5bbae9b972071"
"SD0221_T001_1hao","SD0221_T001_1hao.xlsx","hourly-data-02.zip","997231","ebeb80cdf487e031f92c419c68bd1328385d1d55d6d45029d68439632d4efae1"
"SD0222_T001_1hao","SD0222_T001_1hao.xlsx","hourly-data-02.zip","968897","649d16d911de5ff5cc6437a40c49d0893249aeda1bf9724f73c371e738e4ad0e"
"SD0222_T002_2hao","SD0222_T002_2hao.xlsx","hourly-data-02.zip","966157","92fb5b2132773558782c007a7bd7114ff6923c1dbff92e01375e4229ce988153"
"SD0222_T003_3hao","SD0222_T003_3hao.xlsx","hourly-data-02.zip","978721","166a3e111193fa135c2ee92ec9fe5c424de60b22980693eb0178bf5e354c0ceb"
"SD0222_T004_4hao","SD0222_T004_4hao.xlsx","hourly-data-02.zip","974549","8084d78e054c2923ceb50c6032343c4ab6e489d9fbb02083440e242b792472fa"
"SD0223_T001_1hao","SD0223_T001_1hao.xlsx","hourly-data-02.zip","975147","7ca758c47f7e2e46a6c5dc059520edd94636d97761d376e6ac309a6a529a607e"
"SD0223_T002_2hao","SD0223_T002_2hao.xlsx","hourly-data-02.zip","819869","250edf25ed24c73e1f2a107cb612369ba972902800fafd62deef707f7b5c4b05"
"SD0223_T003_3hao","SD0223_T003_3hao.xlsx","hourly-data-02.zip","976517","c88589262c7ec803b0d48541c95aeea88e1c9a1582e5fcd7915feb2548413459"
"SD0224_T001_1hao","SD0224_T001_1hao.xlsx","hourly-data-02.zip","980501","cdd91969889d25b5c487ef990e3dc370be0271f43dd9c55a9a397c4d629af68a"
"SD0225_T001_1hao","SD0225_T001_1hao.xlsx","hourly-data-02.zip","991254","cd262a8ed19fe3c5cc69818a9c5f26221b2b4869ab030115ce6b47db95188e6a"
"SD0225_T002_2hao","SD0225_T002_2hao.xlsx","hourly-data-02.zip","987996","96da9e1e0472ea5722d223aacfa1d3d6995260c733f7629e1de144f62edb649a"
"SD0225_T003_3hao","SD0225_T003_3hao.xlsx","hourly-data-02.zip","991684","ac73b7372257d4246e95f604ba0a0505c36b9d06e6b30c84cc1399892be48fcf"
"SD0225_T004_4hao","SD0225_T004_4hao.xlsx","hourly-data-02.zip","972123","0833275f9153da9d1cdf2f930a10baa9bc4ae70863440e29121e5754b3027f99"
"SD0226_T001_1hao","SD0226_T001_1hao.xlsx","hourly-data-02.zip","959243","f0429966e0717cf990253e552cefbfc8ac5cfc6956a6c5e1646838ad99399406"
"SD0226_T002_2hao","SD0226_T002_2hao.xlsx","hourly-data-02.zip","960125","31f14828cee0312b46762dadbcba083d133c3aca0ad308ae3d3fb108da8b7b5f"
"SD0227_T001_1hao","SD0227_T001_1hao.xlsx","hourly-data-02.zip","1001789","aeac190ae39a7fb0e8976b93105d7ac659de57c9ab8b89049e74567cc7167d4d"
"SD0228_T001_1hao","SD0228_T001_1hao.xlsx","hourly-data-02.zip","987006","5fb957c37679162bb37d3123f059d2e1036e81384717bf2d3747e93fe9206c10"
"SD0229_T001_1hao","SD0229_T001_1hao.xlsx","hourly-data-02.zip","1002678","d52124c44be91cccd9d045865a883538e40545dd582a90dd723c3da3d8cca2d1"
"SD0229_T002_2hao","SD0229_T002_2hao.xlsx","hourly-data-02.zip","997716","37e610b3808cfb94c5afd600afe83a3f23b15deb67617d2db7da134fa300b387"
"SD0229_T003_3hao","SD0229_T003_3hao.xlsx","hourly-data-02.zip","1015746","d87bb5e9ee66ebf0e7f6d9f1cf8ef4f3301ff0d35f1f7a360da5b67793f38f2d"
"SD0230_T001_1hao","SD0230_T001_1hao.xlsx","hourly-data-02.zip","990341","096803571568d7ec9e72bcca4c2f45cc043a1c041814d12d3663896e23a4402a"
"SD0231_T001_1hao","SD0231_T001_1hao.xlsx","hourly-data-02.zip","987137","660f382396611643717d7dce548ee5775dd89ea95210655c4e05c1ca9dd426a6"
"SD0231_T002_2hao","SD0231_T002_2hao.xlsx","hourly-data-02.zip","968368","2b51313dfb8880a59db0471e38c3a5da6e4b934e0f1bfa69b7aaf0d7699c661f"
"SD0231_T003_3hao","SD0231_T003_3hao.xlsx","hourly-data-02.zip","968198","692b2c13a092666cedc7c8962b05f63fbbeab7550cdae21842b172dfeb27623f"
"SD0232_T001_1hao","SD0232_T001_1hao.xlsx","hourly-data-02.zip","981650","150e1d78240228f80c477b204a8d7a4f7431b4b2a300c2c64624de9cba08aec8"
"SD0233_T001_1hao","SD0233_T001_1hao.xlsx","hourly-data-02.zip","971621","60090847a3359a01ad62999ac16ada271c9f5c712704aaeddcf254abaf39fc9b"
"SD0234_T001_1hao","SD0234_T001_1hao.xlsx","hourly-data-02.zip","990730","3c42c068806151b4999820ff41ab8a11a13d745cbe4ec0caaa423443dd1b27e0"
"SD0235_T001_1hao","SD0235_T001_1hao.xlsx","hourly-data-02.zip","995932","67ee04503a6df5bb7128d4ce79c923940b0627d63a49cdd2a368685064230434"
"SD0236_T001_1hao","SD0236_T001_1hao.xlsx","hourly-data-02.zip","988932","02c9e8df440b604c3371cee7d9863b7a43549c9ffdd099fb905d6c00608c6c33"
"SD0237_T001_1hao","SD0237_T001_1hao.xlsx","hourly-data-02.zip","985837","8f6a7e432652d6a162db4a1bb73ea5af5e488e3bd2f5c3805d3a3683c4c3b7e6"
"SD0238_T001_1hao","SD0238_T001_1hao.xlsx","hourly-data-02.zip","992138","e7453e45e434c57b3aa381b3a2c368bac75647b30a0b3d2fa2c371d88ecf7bd1"
"SD0238_T002_2hao","SD0238_T002_2hao.xlsx","hourly-data-02.zip","974272","31b7075792b4df415fc03aa83eb3d94e85792a12e7ec8054db9f0dbdd8136a8c"
"SD0239_T001_1hao","SD0239_T001_1hao.xlsx","hourly-data-02.zip","998804","eaeba4f5a864a1ac56fd7c17c5d9706356590faff3733457dbf69ff682672dae"
"SD0239_T002_2hao","SD0239_T002_2hao.xlsx","hourly-data-02.zip","971019","4e556536ed1357b8a3f28284444eebe54b0b3deb3e13fd83112de50c757bcfe5"
"SD0240_T001_1hao","SD0240_T001_1hao.xlsx","hourly-data-02.zip","814832","5766b34dbac24f68fe8a33db539752e3191201acd0885ca5473973375950e1d7"
"SD0240_T002_2hao","SD0240_T002_2hao.xlsx","hourly-data-02.zip","979504","f81174903a48d3d7e4f683e447f90f29bba4307c5342b76072c3737b2ff6de9b"
"SD0241_T001_1hao","SD0241_T001_1hao.xlsx","hourly-data-02.zip","979376","26ee13b6fbbd7d6ed44717779b2e57664294cdd2a0b88c10a6dbc68a8cba6039"
"SD0241_T002_2hao","SD0241_T002_2hao.xlsx","hourly-data-02.zip","976861","79a046a1bf5178c46a7c87186760ab36e2fe572d61a4b844bea7b9ac33c4dfea"
"SD0241_T003_3hao","SD0241_T003_3hao.xlsx","hourly-data-02.zip","974940","1681580560cea1a995ebd19c00773951b9debbf9ac7e1428ff9962e7a2374519"
"SD0242_T001_1hao","SD0242_T001_1hao.xlsx","hourly-data-02.zip","987650","759f5d3e5b9328f3a56e26e028e4fc0b1c46d436d3a433a4845ca006cfa8e86b"
"SD0243_T001_1hao","SD0243_T001_1hao.xlsx","hourly-data-02.zip","994349","3c643197c858528d25c622fffbc68a0210bf878d374cfdd80c4213ee4eae118f"
"SD0244_T001_1hao","SD0244_T001_1hao.xlsx","hourly-data-02.zip","975374","7097348804588cd2afecb1343cf0f87ff063c098a857429fb4e26d18f8d129cd"
"SD0244_T002_2hao","SD0244_T002_2hao.xlsx","hourly-data-02.zip","974934","3a17b3f4de2d7a88d4d8a18115a80b15693a94d3397c0ab453eaf0e3eed38e70"
"SD0244_T003_3hao","SD0244_T003_3hao.xlsx","hourly-data-02.zip","974957","e317e463b0e7a3cbe6a57d7ae502921ca52a420fa70db15dcc27ecccdb90a34b"
"SD0244_T004_4hao","SD0244_T004_4hao.xlsx","hourly-data-02.zip","974722","1d92f4f7a1bd2056ed989b0e0081805838ba469d77cffee8452a9f27e3d1fbc1"
"SD0244_T005_5hao","SD0244_T005_5hao.xlsx","hourly-data-02.zip","969398","9a3f9eb142aa9ab2218e6a6d756b6a74a0e3e5fe41428e51153c213b60039fbc"
"SD0244_T006_6hao","SD0244_T006_6hao.xlsx","hourly-data-02.zip","974662","08faded04b1a0db739e40d7a07a18e0cfaa00bcc6199e36296ec97e5ebe4417a"
"SD0244_T007_7hao","SD0244_T007_7hao.xlsx","hourly-data-02.zip","966196","321a9b7160fe88419eeb462e0cc30bb7b50da705519155aa94726e1194cca12d"
"SD0244_T008_8hao","SD0244_T008_8hao.xlsx","hourly-data-02.zip","977061","0c47cc224aa7d79886ae97ae39d3f00850cf66673cd8fdc636ebacb7a382fd29"
"SD0244_T009_9hao","SD0244_T009_9hao.xlsx","hourly-data-02.zip","990544","ecd02570c2e6a56138eab3e7a99bf3990ac32ac40562b596696663bf7de5a492"
"SD0244_T010_10hao","SD0244_T010_10hao.xlsx","hourly-data-02.zip","994104","0c88f3933d88e867fc4155a8dbe59a78fb5b37146b35944810d02ceed16ff570"
"SD0244_T011_11hao","SD0244_T011_11hao.xlsx","hourly-data-02.zip","988993","564c7e16ebcb784fde2809c1fd720346b25dba431b1b924a5b7d3ce054ce71f8"
"SD0244_T012_12hao","SD0244_T012_12hao.xlsx","hourly-data-02.zip","972925","89766c5465163a23970a861a1d396f9e40641fceeb256962b5b28fb04b85db78"
"SD0244_T013_13hao","SD0244_T013_13hao.xlsx","hourly-data-02.zip","988039","0c540d22d0ab2d68e7cafc2ecd5aad9ae4423bf57362d93eaf85f460537b963a"
"SD0244_T014_14hao","SD0244_T014_14hao.xlsx","hourly-data-02.zip","981176","5d6a105ecd8636fcfab8f26cdbd2360a62346b1dece1f8322e6f065d658ddc17"
"SD0244_T015_15hao","SD0244_T015_15hao.xlsx","hourly-data-02.zip","988352","79c08fab0f9a35a6019018e7a463ed875e49022d3f899842ecf778e220970ba0"
"SD0244_T016_16hao","SD0244_T016_16hao.xlsx","hourly-data-02.zip","992535","b5219680bb4c071d10c5aef89e8a644f790d08b77694cd4366945d05550e3921"
"SD0245_T001_1hao","SD0245_T001_1hao.xlsx","hourly-data-02.zip","986660","bbd190383d10a09dabbe5068ea02d738fa98700c0ea721dafd6787ff133e91e9"
"SD0245_T002_2hao","SD0245_T002_2hao.xlsx","hourly-data-02.zip","968962","f40bf4c306e15a37831679ca870fe2098e7ec98e53aa9a802b6b41c366005b3e"
"SD0245_T003_3hao","SD0245_T003_3hao.xlsx","hourly-data-02.zip","970378","3a567b2d92e866344418cd59993d02cad284d90f2b443acbb22ec72ffc6a9522"
"SD0246_T001_1hao","SD0246_T001_1hao.xlsx","hourly-data-02.zip","979986","906b2c34a54a31a4a44118fb476d2cdbb0577331f25ede8989d475d26d78ba26"
"SD0247_T001_1hao","SD0247_T001_1hao.xlsx","hourly-data-02.zip","960652","9cad88d9d38948b685a2c54ebe62493bf5e7d56623e87daed042584538bd505a"
"SD0248_T001_1hao","SD0248_T001_1hao.xlsx","hourly-data-02.zip","985281","2b0698b690f168f0f3ad33d56231ca9226f34f4a645fcad475339fef4daf84f6"
"SD0248_T002_2hao","SD0248_T002_2hao.xlsx","hourly-data-02.zip","982764","26b004d3ca5df77e9d416aca928334018a69b8a2ed4548f5a821a3b92bd33574"
"SD0248_T003_3hao","SD0248_T003_3hao.xlsx","hourly-data-02.zip","987107","e30341c11b13a785e81bbfa5277575b939521d830e23c48d56376817f5f7def9"
"SD0248_T004_4hao","SD0248_T004_4hao.xlsx","hourly-data-02.zip","1006114","344a1f5afbbe8b16894cba4a2ef5ee5835b640d48c22e5552300e976905f4486"
"SD0248_T005_5hao","SD0248_T005_5hao.xlsx","hourly-data-02.zip","981647","fe55bbec8214589376b73bcd55ee965f336918486632aeab09abbcdca24c76d8"
"SD0248_T006_6hao","SD0248_T006_6hao.xlsx","hourly-data-02.zip","983576","b8589354ff79a63154cd45318c843e4a22e2daeaa4a4535a34c4b08a77ddb337"
"SD0248_T007_7hao","SD0248_T007_7hao.xlsx","hourly-data-02.zip","986389","881ef8918683ec989890ff724b4f0a5c58c18837cda65a45b0c0aa285d6de41d"
"SD0248_T008_8hao","SD0248_T008_8hao.xlsx","hourly-data-02.zip","978238","41eafc687b560f80a2b64099ab927453fd5a7d875355285fdb604c6a012dadc8"
"SD0248_T009_9hao","SD0248_T009_9hao.xlsx","hourly-data-02.zip","1000119","c303fa4743d8548536538287a8945b5b48307ef5e2e58ad94a529a976e53290d"
"SD0248_T010_10hao","SD0248_T010_10hao.xlsx","hourly-data-02.zip","985238","b34660a9013efc55a19923a33497f26816d766553a698b233d2d0a066cdf1e5a"
"SD0248_T011_11hao","SD0248_T011_11hao.xlsx","hourly-data-02.zip","985708","19d1e5c16192530a591ef1a55dfa3bb4bf4d70db201c821315b9b1ec5fe12792"
"SD0248_T012_12hao","SD0248_T012_12hao.xlsx","hourly-data-02.zip","981968","aaef607e1875a50d3afdd9806460357848b5755071120d2bc128bcb22ebe5951"
"SD0248_T013_13hao","SD0248_T013_13hao.xlsx","hourly-data-02.zip","982492","7b7d38bef1379123ac549c16c426d1278f21cc2732c668f8260441594856c9a6"
"SD0248_T014_14hao","SD0248_T014_14hao.xlsx","hourly-data-02.zip","1000058","9664f984b77c2b3e288e1b85987bce095db31ed0ba248dd4f52e6bd0e89d02bd"
"SD0248_T015_15hao","SD0248_T015_15hao.xlsx","hourly-data-02.zip","999844","17892a9edc6d7d106fa33b39135499b9f8aceb6f8201a352c9c7bb6e2d3edeb5"
"SD0248_T016_16hao","SD0248_T016_16hao.xlsx","hourly-data-02.zip","985386","4a50fc51aa0e807eedc9effce68955a619394a6e089cbc8e213a71072a7b503b"
"SD0248_T017_17hao","SD0248_T017_17hao.xlsx","hourly-data-02.zip","994638","34cbbfde0dae1c80051aba2e0855d7e43feb2f983bbfc3f8e28846d49e3eaf83"
"SD0248_T018_18hao","SD0248_T018_18hao.xlsx","hourly-data-02.zip","986740","90f2ed82076a02626aa860c8683835f1c907aa3dcb199b4f9c213bc97820c90d"
"SD0248_T019_19hao","SD0248_T019_19hao.xlsx","hourly-data-02.zip","995355","2610e1addf8770a84e703e480ba4f3a1340ba9cef85ed61720622f765dc51697"
"SD0248_T020_20hao","SD0248_T020_20hao.xlsx","hourly-data-02.zip","991843","24b783f211402716c3c88f6f09cebe4699c64d6bfdb1ffb944000c3f28c8e124"
"SD0248_T021_21hao","SD0248_T021_21hao.xlsx","hourly-data-02.zip","1001253","88350a8c8c37c08241b1908cbc2f271320eb4d960463e884c000c02c2514aadf"
"SD0248_T022_22hao","SD0248_T022_22hao.xlsx","hourly-data-02.zip","995314","095ac123442de4875435c87b5ba21644c44d4b2b19302961342dedf4a0ee4f42"
"SD0248_T023_23hao","SD0248_T023_23hao.xlsx","hourly-data-02.zip","985721","5e12bea69440c9c473abc71d2b48efd0ffe9e14c6976cbc9273b330bb9ed6de8"
"SD0249_T001_1hao","SD0249_T001_1hao.xlsx","hourly-data-02.zip","978959","d5a16e749758910849de635e12cb9fa3972e61decce9677f7ca647e4525c9f28"
"SD0249_T002_2hao","SD0249_T002_2hao.xlsx","hourly-data-02.zip","989917","89d749ca2c0f25f1107b99e8bdaffdfb39f339a1160315665320cb6b25f8e379"
"SD0250_T001_1hao","SD0250_T001_1hao.xlsx","hourly-data-02.zip","994099","6eb0981bdfa99db74f75f917887f981621040268c1eb8543f96bef53e4ac5d96"
"SD0251_T001_1hao","SD0251_T001_1hao.xlsx","hourly-data-02.zip","994402","03d269fa78256170884228f60bd5c330114fc0b4108abe9b002d7d918501e877"
"SD0252_T001_1hao","SD0252_T001_1hao.xlsx","hourly-data-02.zip","987379","5a9191a768c40f57c2d8c57f53cbcefcc1fa6bdad94a0f1e061dcfc02b974c4f"
"SD0253_T001_1hao","SD0253_T001_1hao.xlsx","hourly-data-02.zip","968817","a6f36397d378c5b2c28c0ff3e1859e9ebbea99f7f234cb157176a31a7741806b"
"SD0254_T001_1hao","SD0254_T001_1hao.xlsx","hourly-data-02.zip","996749","3bb103467732172eae62e7af4f63ef7f5445c9fc87155a8418969c7e81fc8662"
"SD0255_T001_1hao","SD0255_T001_1hao.xlsx","hourly-data-02.zip","980281","f398b42aa989af6ec7f7d4a3a82af56acc72cc4fa9c274060e0da82b9972a5c8"
"SD0256_T001_1hao","SD0256_T001_1hao.xlsx","hourly-data-02.zip","980298","a1cc16f31ca78d48fce33b87298fa301ff351a276067b73567d7abdab79c7337"
"SD0256_T002_2hao","SD0256_T002_2hao.xlsx","hourly-data-02.zip","974213","b19007764c3603adc190d2e52f30d0c1cae772ba924b965c58ad542f113583e2"
"SD0257_T001_1hao","SD0257_T001_1hao.xlsx","hourly-data-02.zip","995908","bed58e6eab9efdf2210ab1a51c0c363a6b72ca05194f8d1ce6a95d419a964cfe"
"SD0258_T001_1hao","SD0258_T001_1hao.xlsx","hourly-data-02.zip","998213","6900b27980e9cab14b08024ab47374405db4fa50b55e332226c5657482e2072f"
"SD0259_T001_1hao","SD0259_T001_1hao.xlsx","hourly-data-02.zip","995086","d1991cd9c1b46f5023fcfb8be277d114d6f219dc707ea86b07d1fac8a1d24727"
"SD0259_T002_2hao","SD0259_T002_2hao.xlsx","hourly-data-02.zip","981662","a9b5b6e394ea178ded075d5526f9632e8cad4a792b7970d3b3f65e6321170125"
"SD0260_T001_1hao","SD0260_T001_1hao.xlsx","hourly-data-02.zip","999035","0d8270a9c88a3993b49704668a0b11c11fe6935e97385a53e80a7202dbc66f36"
"SD0261_T001_1hao","SD0261_T001_1hao.xlsx","hourly-data-02.zip","976266","a09e8e886709d675fce588f370929d3c8cacbeb223fb4723a160be87c87c4efb"
"SD0262_T001_1hao","SD0262_T001_1hao.xlsx","hourly-data-02.zip","984122","4dc90ae76964f56fc4755bfaf9e135b666642c231ba009f8ca479f34e670b29e"
"SD0263_T001_1hao","SD0263_T001_1hao.xlsx","hourly-data-02.zip","990665","3cc95ad20f96d0c188054ddc1c58f34a2f3d8311fd6f6c23fef7c3c2babcb0d1"
"SD0263_T002_2hao","SD0263_T002_2hao.xlsx","hourly-data-02.zip","986393","fd36d56c47649abf6baee7c17181b448d5b77cac22d0beb59de59e9165362719"
"SD0263_T003_3hao","SD0263_T003_3hao.xlsx","hourly-data-02.zip","980621","5f5635129da088177d7bfacea19e5f4b41ebeb150eb7e7bbc9e4a2adcbbbf375"
"SD0264_T001_1hao","SD0264_T001_1hao.xlsx","hourly-data-02.zip","977663","5a2db5f696728b5f7331809b09a3616f7a4bf2335f032d406b9ed6f87ab9a62c"
"SD0265_T001_1hao","SD0265_T001_1hao.xlsx","hourly-data-02.zip","964569","67e3a4338adbf9c9c5a360cdcbad6096974082e3709d5152cc107693117f81c0"
"SD0265_T002_2hao","SD0265_T002_2hao.xlsx","hourly-data-02.zip","965695","b12fb883b92150a89276f212602d745a66d350305ce12bbdd3868b4659c6f986"
"SD0265_T003_3hao","SD0265_T003_3hao.xlsx","hourly-data-02.zip","976644","5999598a02948632d1efe543bd5e4d3d7dc98dd0822103171c05a77667a1dd1b"
"SD0266_T001_1hao","SD0266_T001_1hao.xlsx","hourly-data-02.zip","992780","90c4cc902a98c6d018dceaeb5cb0357fe17920ef18eef4ff0324e772c7a3a95b"
"SD0267_T001_1hao","SD0267_T001_1hao.xlsx","hourly-data-02.zip","996351","613009c3ac7e5fa6fcaf4d500bd85b6c1a05078b13d963fa79b43fba63808d42"
"SD0268_T001_1hao","SD0268_T001_1hao.xlsx","hourly-data-02.zip","986948","e7a21af24cb9062fa9d7fd3527c1305af81344906d0f646a55feb26e8eec2b1f"
"SD0268_T002_2hao","SD0268_T002_2hao.xlsx","hourly-data-02.zip","981474","ea8dc8aa58c673906f71ae4747f798956bc9bedee794af00d9ecd78b3ba2a9f1"
"SD0268_T003_3hao","SD0268_T003_3hao.xlsx","hourly-data-02.zip","971309","f3b86a1b8e8caecab84ca0fc2fe8189e681982bd6297c810ea4bf454a54a8e68"
"SD0268_T004_4hao","SD0268_T004_4hao.xlsx","hourly-data-02.zip","970960","e5686279041ffe3d211afac9a645ab11cfcbfa3a374a3ff004f70a2c5a0a5824"
"SD0268_T005_5hao","SD0268_T005_5hao.xlsx","hourly-data-02.zip","971379","b01810e4928d6336a8f4bc80bd263fb2c14e7d158aa3cdf7f603c581f6f53a6a"
"SD0268_T006_6hao","SD0268_T006_6hao.xlsx","hourly-data-02.zip","968138","fa1cb0cdd2ed1f3b4738fca86b184c8aa8482a49cf2a5956dc7dc978eb1ba0d8"
"SD0268_T007_7hao","SD0268_T007_7hao.xlsx","hourly-data-02.zip","969086","f385d3db15efcea65ff584ae51489b7763c8e88401da218f817e697b363b6e9a"
"SD0269_T001_1hao","SD0269_T001_1hao.xlsx","hourly-data-02.zip","975582","830768286980d0fa7c92ab04e902d5ad50f40a7021c865be1af1274ead9165e2"
"SD0269_T002_2hao","SD0269_T002_2hao.xlsx","hourly-data-02.zip","998086","1cbb6903620616030bae9e3da44f55e59555e4e88616918169418d276975a00d"
"SD0270_T001_1hao","SD0270_T001_1hao.xlsx","hourly-data-02.zip","968601","05fe4ff3478f01e47a5cdf00a14ca6ef387c476ca936efab1a0cfbad0f660f5c"
"SD0271_T001_1hao","SD0271_T001_1hao.xlsx","hourly-data-02.zip","964827","c194606f7ae286e566ca8b398f4c4789921c5fb4e2dc0885332e0c4b174d1ed2"
"SD0271_T002_2hao","SD0271_T002_2hao.xlsx","hourly-data-02.zip","980889","34505d2ac165106b61ba0cce617b7208cee39a4c53c3c66d186c68ce7b928400"
"SD0271_T003_3hao","SD0271_T003_3hao.xlsx","hourly-data-02.zip","972365","2cca310d0379618ff5609012e277628de3a7c73a5c23d43171ce8f7db906720f"
"SD0272_T001_1hao","SD0272_T001_1hao.xlsx","hourly-data-02.zip","974606","eacf1715f4a266147f14d9824d9a3412bfaa68fca258aad16003e6d5c1568beb"
"SD0273_T001_1hao","SD0273_T001_1hao.xlsx","hourly-data-02.zip","982533","6492c5910528dffbea1de352b27c82d2d67ebbdecd8c12fd8d20c8fdf337b37d"
"SD0274_T001_1hao","SD0274_T001_1hao.xlsx","hourly-data-02.zip","991588","ce27d2334d6883c2dcaa3f865c444b5551d4dfe3e237894c767d53cda0dfc913"
"SD0274_T002_2hao","SD0274_T002_2hao.xlsx","hourly-data-02.zip","986615","f5bd91a1245efc24a7e89a9b5568b96ab1c65b91b99af909c4640b1a6549d9a8"
"SD0274_T003_3hao","SD0274_T003_3hao.xlsx","hourly-data-02.zip","971039","114d91a79076aef671654ed41199da7b653be11111fbcd8d9f2b16bebc9df413"
"SD0275_T001_1hao","SD0275_T001_1hao.xlsx","hourly-data-02.zip","982842","8bb2025e4af3e9a9bfd767d6ab896f0fc0f2747123fbdd1c0b4205adfb63e8f7"
"SD0276_T001_1hao","SD0276_T001_1hao.xlsx","hourly-data-02.zip","976765","ba13613a3f0c5c48f313e8d7a774fdfd04ce394b2011928e4504787e331953a3"
"SD0276_T002_2hao","SD0276_T002_2hao.xlsx","hourly-data-02.zip","970704","686007f0018d56aa447d5a08def2df0a6f7816ea80c3df37ecd908d149799cd9"
"SD0276_T003_3hao","SD0276_T003_3hao.xlsx","hourly-data-02.zip","965579","7e27fdb37f5bbf57abb15a9161a4835e164ba38557282d4201159159af06baf2"
"SD0277_T001_1hao","SD0277_T001_1hao.xlsx","hourly-data-02.zip","989757","3cd53985c52c3cec302f7e7a1480fa5eaacf09cc7cd52d365229271d00de052f"
"SD0278_T001_1hao","SD0278_T001_1hao.xlsx","hourly-data-02.zip","998979","ca5af40360798ccee3de6fa19e579f1fa0d47182cccaefa98a7261dfbed48020"
"SD0278_T002_2hao","SD0278_T002_2hao.xlsx","hourly-data-02.zip","1002277","a56f03f3c0f36175f4268f68f85f9ffa1cd28974b0563d798b4fc16757bc680a"
"SD0279_T001_1hao","SD0279_T001_1hao.xlsx","hourly-data-02.zip","972383","1e9bec9ad32c0aa18a8bb62771218511da0d3ad2fd3f04f3a5a5abf7aee471a6"
"SD0279_T002_2hao","SD0279_T002_2hao.xlsx","hourly-data-02.zip","976405","487c95f534ffe882e3458b64fb52b155232fd5359ec5597977da0e7919a54aa4"
"SD0280_T001_1hao","SD0280_T001_1hao.xlsx","hourly-data-02.zip","998281","f119b4e4f1e9f8c8a45e5e40a3210a16f56d0f2dd12014b132663d4c967f1e64"
"SD0281_T001_1hao","SD0281_T001_1hao.xlsx","hourly-data-02.zip","997872","459c150cb853b0a107c44bb210a1a6dbbf2123b8f2d0760d846db4c252c7a22c"
"SD0282_T001_1hao","SD0282_T001_1hao.xlsx","hourly-data-02.zip","993014","a1e34fea349acff7dd0edd0176c4897a5d33b450f58e94bf63af75e2813fac18"
"SD0282_T002_2hao","SD0282_T002_2hao.xlsx","hourly-data-02.zip","987615","ad7f26ce38ce872ba8d8d0436e0aefd2f91ff3613698cfbaa14376a25787c8fc"
"SD0283_T001_1hao","SD0283_T001_1hao.xlsx","hourly-data-02.zip","968675","485be374d5e0841fa9ee5be9b186819d3b045702a5d555f5a91501c7a12b53a4"
"SD0284_T001_1hao","SD0284_T001_1hao.xlsx","hourly-data-02.zip","967957","b7017f0067c8f3e270fd952836b8c562445f5d7205a088708799974564a10a57"
"SD0285_T001_1hao","SD0285_T001_1hao.xlsx","hourly-data-02.zip","986227","6cd0534f2441cd7e0f0b718343ecc8f4a038080cb68624616b6f48658cb9da59"
"SD0286_T001_1hao","SD0286_T001_1hao.xlsx","hourly-data-02.zip","992550","e547e70be5f905f4d66170b38ab5aac42f08f2f4b25a8e28fc6f5ffeff8630a0"
"SD0287_T001_1hao","SD0287_T001_1hao.xlsx","hourly-data-02.zip","988332","a95b40adcab4ce4d12e92a9600a611b226b3720f2390d6b897966f25ff8759f1"
"SD0288_T001_1hao","SD0288_T001_1hao.xlsx","hourly-data-02.zip","969836","c3cfe9a4b0d6b34b38899056cbc803f145743c3a2e5c65460fe109b890cc2c8f"
"SD0288_T002_2hao","SD0288_T002_2hao.xlsx","hourly-data-02.zip","971068","fbd0534060b157e6630bc0426db4c7546777d4e1beea3b1bb4f87a7bc5cd0c55"
"SD0289_T001_1hao","SD0289_T001_1hao.xlsx","hourly-data-02.zip","969590","c983b4b07febf3caed5da084301c4410128cc2404f0390f2665c7191eb8b086d"
"SD0289_T002_2hao","SD0289_T002_2hao.xlsx","hourly-data-02.zip","974452","9c0aefec62abb68b54cb3805341f92911b00a0c9f001bc8d806c393adbfddead"
"SD0290_T001_1hao","SD0290_T001_1hao.xlsx","hourly-data-02.zip","982055","1db14839e12276537cb6009bfa0284bfa841c1106a2a1caf1b6e722f760da51c"
"SD0291_T001_1hao","SD0291_T001_1hao.xlsx","hourly-data-02.zip","993513","9e1a45ea8babee4e4e65e053d98f313bd964cfb5e2cc987d1b4c375f9c6d31c5"
"SD0291_T002_2hao","SD0291_T002_2hao.xlsx","hourly-data-02.zip","970847","d03587551c6dd15f32e5b486c40b7c9f7057fdfae6923bbc39647e86ad3e9a93"
"SD0292_T001_1hao","SD0292_T001_1hao.xlsx","hourly-data-02.zip","978666","6245ab0a086946d915d959760e3b30cdc3f5ca6ef4ba2fb75cd55b3ad02f2ef7"
"SD0293_T001_1hao","SD0293_T001_1hao.xlsx","hourly-data-02.zip","975603","b5a682cd1f98bd7b2f748377960451e671d74595052ce33d3b2dfe332a98bd20"
"SD0293_T002_2hao","SD0293_T002_2hao.xlsx","hourly-data-02.zip","980222","80017e0439d89efc4f757b8b074cb5df1a7dedbecfb875cd65c51ac1f018a916"
"SD0293_T003_3hao","SD0293_T003_3hao.xlsx","hourly-data-02.zip","980365","b9e529a32e441a89740c2d7f79f076f22fe8a6ae38745100a73e43464f6fd098"
"SD0293_T004_4hao","SD0293_T004_4hao.xlsx","hourly-data-02.zip","990016","7b5b1decd13f3d4012fb198bddc48910d9826af615a07e8f30d1a5f3a60c65ab"
"SD0293_T005_5hao","SD0293_T005_5hao.xlsx","hourly-data-02.zip","975930","98661049db2775b755479ec7a134c0d56170b400b726193a6f2f41ca75dce814"
"SD0294_T001_1hao","SD0294_T001_1hao.xlsx","hourly-data-02.zip","997522","7d028a8a33d4f30d4596155408229598531c80187b19bd58ef03e2517b49325a"
"SD0295_T001_1hao","SD0295_T001_1hao.xlsx","hourly-data-02.zip","992749","4533c0c6ec231501f8061a987facc7817b432a5375587ccaf75fb35bb6c23a2b"
"SD0295_T002_2hao","SD0295_T002_2hao.xlsx","hourly-data-02.zip","971522","3a153be8e0897449a209d4a81fcc047bb36aa0ba7ff84bfa4999426bb3147240"
"SD0295_T003_3hao","SD0295_T003_3hao.xlsx","hourly-data-02.zip","989033","2382796087c579ec39a461ccbe63226625c823e4b66fb8b11f8169259a54b7e6"
"SD0296_T001_1hao","SD0296_T001_1hao.xlsx","hourly-data-02.zip","1000585","020f282eb5f35393c8f446de381f08a3628a567697db1dde767144cf5e3539b8"
"SD0296_T002_2hao","SD0296_T002_2hao.xlsx","hourly-data-02.zip","968752","3b2f27374cf91bfac4b7b0f21c975b1357e870501c7a3aeb886367f78a697ce2"
"SD0296_T003_3hao","SD0296_T003_3hao.xlsx","hourly-data-02.zip","966923","5c2c11dad59cafa474d4f18e99e28f47240d6f3e4698bca070cc620a604c3ca8"
"SD0296_T004_4hao","SD0296_T004_4hao.xlsx","hourly-data-02.zip","970399","bc43e5b680b943df068942da89398ac91ad535864ed1715d6600eb6f30890448"
"SD0296_T005_5hao","SD0296_T005_5hao.xlsx","hourly-data-02.zip","967370","2577e389f1a88ed38faf224533aa5860544bb91b5656996509ed1d5d77a81f3d"
"SD0297_T001_1hao","SD0297_T001_1hao.xlsx","hourly-data-02.zip","974974","b3a206d4eb8926f49f3b158a30e8ec55a25fa7ab02ba5dd9d35fd073f8ea6914"
"SD0298_T001_1hao","SD0298_T001_1hao.xlsx","hourly-data-02.zip","981481","b345b9d7ea3dc500460a615aa05b63849ad2f47b06c8c04dc1d055c93ff42d21"
"SD0298_T002_2hao","SD0298_T002_2hao.xlsx","hourly-data-02.zip","976597","944e7c8487cbd55d942458e1c8bf7e394a54b7045db22170dd6f686908aa58e1"
"SD0299_T001_1hao","SD0299_T001_1hao.xlsx","hourly-data-02.zip","996450","7278f6650cd5d48a4c184ba69c63c6686c3ef370417205621bdd1792bb552ea0"
"SD0300_T001_1hao","SD0300_T001_1hao.xlsx","hourly-data-02.zip","992537","4e36cd11c65c87e2459f192944866c947baeee33249bb3381a5b055c08e414d7"
"SD0300_T002_2hao","SD0300_T002_2hao.xlsx","hourly-data-02.zip","982234","e91f44cabf38f8ceb2c9b81ba4e6582778aa656cfd4ab57b75b1ff8a1c0a1eab"
"SD0300_T003_3hao","SD0300_T003_3hao.xlsx","hourly-data-02.zip","968329","d4ae4b446c4387389256ed112bb5e6833f925f89ddf2af22c26e0f39825d6486"
"SD0301_T001_1hao","SD0301_T001_1hao.xlsx","hourly-data-02.zip","973796","8991cc1c2ca45881baa85be42bdc6e52fc750fa731289642ff24f49fbbfe9cfe"
"SD0301_T002_2hao","SD0301_T002_2hao.xlsx","hourly-data-02.zip","978501","acbf24e5d62751d9a138a1b4315ea959f8f9e30af322f746fb3ee5c2636fd379"
"SD0301_T003_3hao","SD0301_T003_3hao.xlsx","hourly-data-02.zip","821838","aec8ea5c0bd3a09a80023a87588325280210653436dbd12a74c79969e54e3ebb"
"SD0302_T001_1hao","SD0302_T001_1hao.xlsx","hourly-data-02.zip","977708","97e5607247de0ab3c85200602f006a05581acfd0f88a5fd170c8e4a4bf2a0121"
"SD0303_T001_1hao","SD0303_T001_1hao.xlsx","hourly-data-02.zip","996973","85380be34af00eb6261e05d180531416f8845ba4699db130c78873541d81d841"
"SD0304_T001_1hao","SD0304_T001_1hao.xlsx","hourly-data-02.zip","993282","5bd28468884f5b7f488ec7d0fa18ebabfd1976ef430e06139bc22cbedaf6f946"
"SD0304_T002_2hao","SD0304_T002_2hao.xlsx","hourly-data-02.zip","971791","fb502eb09d32c507abf1846ef9a189657efcf116873e9923124fa1fd37f5dd8e"
"SD0304_T003_3hao","SD0304_T003_3hao.xlsx","hourly-data-02.zip","976412","176aa69c4658e0662b4296ab1e345f8a523d6ab5e4719f835f9de047a5507971"
"SD0304_T004_4hao","SD0304_T004_4hao.xlsx","hourly-data-02.zip","977440","bd7287ab0aa7098f815987484b838a20431350a42b570df263f6d3db570a405b"
"SD0304_T005_5hao","SD0304_T005_5hao.xlsx","hourly-data-02.zip","963245","c3903710591a1b8767f30c0ff0908e456a3f919d52d6dd148830c62cd48a0ec0"
"SD0304_T006_6hao","SD0304_T006_6hao.xlsx","hourly-data-02.zip","962613","5c10282bfcedc763788cb7d8ee5f7f0da59a0a120b776d95b1e5912020e4aa70"
"SD0304_T007_7hao","SD0304_T007_7hao.xlsx","hourly-data-02.zip","965411","caa34151d1dbfc18a7df521e2a7209ee1874abb2bf460d66d6a0334992989ce6"
"SD0304_T008_8hao","SD0304_T008_8hao.xlsx","hourly-data-02.zip","990645","d61b6fa9f50656f65dc3c0c156743cfabfeb9a8e364d249e4be03527f8702087"
"SD0304_T009_9hao","SD0304_T009_9hao.xlsx","hourly-data-02.zip","981017","bd4379cacaaeba2a667f53f76da6cf58711581cccc71ed4bde23c45623ffe69f"
"SD0304_T010_10hao","SD0304_T010_10hao.xlsx","hourly-data-02.zip","981709","a4b9fcdfea088b95db00f284ff5f8652b85358f7f52fe54df37041a35b008d30"
"SD0305_T001_1hao","SD0305_T001_1hao.xlsx","hourly-data-02.zip","981793","289bc6ec343fae38868baef86695c6a06d15f8409ae5390beba8808d6a4c8ed4"
"SD0305_T002_2hao","SD0305_T002_2hao.xlsx","hourly-data-02.zip","991742","747ddd73b4aa72484c400ee9a9f3be8da366dae2962bc5160ef565334bbc5e1a"
"SD0305_T003_3hao","SD0305_T003_3hao.xlsx","hourly-data-02.zip","964909","8a6fba04f6d794d23a1b3289ffde52c0a27c723437d8df583114bd375162b8dc"
"SD0305_T004_4hao","SD0305_T004_4hao.xlsx","hourly-data-02.zip","976978","4725f9d4f372d2bc3c9c6c107793f377f9686f9576ccc3bff5cc9fea69f82805"
"SD0306_T001_1hao","SD0306_T001_1hao.xlsx","hourly-data-02.zip","978862","72eb17c90d9be6718737d05093cbe713e622c3f9e7d118db4f3e5a2e0f725dfb"
"SD0307_T001_1hao","SD0307_T001_1hao.xlsx","hourly-data-02.zip","984783","eeb092442956098e51452ccc30f1b1a7668fa6ef3d1e382681e8f0ea31cddf83"
"SD0308_T001_1hao","SD0308_T001_1hao.xlsx","hourly-data-02.zip","966734","ea82f98ca9a69a9371dd7a2809a8acc4f2fdd087a58595e9adea8915cc697299"
"SD0309_T001_1hao","SD0309_T001_1hao.xlsx","hourly-data-02.zip","974225","abbefd6dc70c43a5d940f0c49805a4355028e0605be3912ea841b80a4e219f82"
"SD0310_T001_1hao","SD0310_T001_1hao.xlsx","hourly-data-02.zip","982409","9ccea1651997225539434a2b8cd632b8018f5989bb803eb5848d1666dcc97d38"
"SD0311_T001_1hao","SD0311_T001_1hao.xlsx","hourly-data-02.zip","985572","64f740d7b14238b64a8da2e05007d00e4ad880a1545c68d4bdfccdf375374daa"
"SD0312_T001_1hao","SD0312_T001_1hao.xlsx","hourly-data-02.zip","971802","28d4324a80f7d324bd42900145e437492543d926b67fdb2c478b61d18e117edc"
"SD0313_T001_1hao","SD0313_T001_1hao.xlsx","hourly-data-02.zip","996752","6c91a75a3b8bf8ae29f06e664a0807ffff7f15ccf28ade02e337be528192d18c"
"SD0314_T001_1hao","SD0314_T001_1hao.xlsx","hourly-data-02.zip","983173","91ccecd53f3703ca62a8a7db1a4c6f58ed71f8056a2ce9b4bddb1bef69cbd00b"
"SD0315_T001_1hao","SD0315_T001_1hao.xlsx","hourly-data-02.zip","985014","35b0cd7c6077b8ccde43be756f20f4eb21f82891396ba6addab2fbaa1735ad51"
"SD0316_T001_1hao","SD0316_T001_1hao.xlsx","hourly-data-02.zip","992447","8a7cac4314ecafcdf62b418a7c9a8352589716163967287b951bb8d31204237d"
"SD0317_T001_1hao","SD0317_T001_1hao.xlsx","hourly-data-02.zip","971476","a26adb37cb483c8fab6050af5e32da062328dce8a96f3ded9f9da8f1a9ca5fe9"
"SD0317_T002_2hao","SD0317_T002_2hao.xlsx","hourly-data-02.zip","968775","3420954f4bedbe4fd3a2f1a166c65393abfe4d95228d2f9936e0552b2030a39e"
"SD0317_T003_3hao","SD0317_T003_3hao.xlsx","hourly-data-02.zip","969551","f44516be02c91c4003024f0102cdf0b302e7bba18bec9cd795a880d0e4fa2416"
"SD0317_T004_4hao","SD0317_T004_4hao.xlsx","hourly-data-02.zip","969772","321bf660c7b995b4b591bfd199e774e5b15603ef60de18e1b9584f5d30fee579"
"SD0317_T005_5hao","SD0317_T005_5hao.xlsx","hourly-data-02.zip","970117","986ce27b2ea4d7aa4a07499c63443f3268bdfcfbfffff57151040f38083d00e5"
"SD0317_T006_6hao","SD0317_T006_6hao.xlsx","hourly-data-02.zip","974697","502055d5b636c0538e894895311d8ba3df6ed5acbd689cb8d8bda35fa4512912"
"SD0317_T007_7hao","SD0317_T007_7hao.xlsx","hourly-data-02.zip","986084","7994d812ee81dc8f94a6bf8bc91adcfe8747d0102081eacb052efbac748c4eac"
"SD0317_T008_8hao","SD0317_T008_8hao.xlsx","hourly-data-02.zip","989678","dde8000a0914702157d98f7da788590ccad8a53a3b820759aa65f76f1c2f5b5d"
"SD0319_T001_1hao","SD0319_T001_1hao.xlsx","hourly-data-02.zip","994421","b44edd2ce40104dbb6a94811cb277253bf880530caac720c72ff7e00586b4a82"
"SD0319_T002_2hao","SD0319_T002_2hao.xlsx","hourly-data-02.zip","984989","5b75c59d56d84968dc1bda503e27c402b4f16573a28ea4d4aa42ff6bf82dd8e3"
"SD0319_T003_3hao","SD0319_T003_3hao.xlsx","hourly-data-02.zip","820450","fc4cfc8418585e190c5b82819e1babc6ccb8d34e383d4dfc373e083b2dabdbf9"
"SD0319_T004_4hao","SD0319_T004_4hao.xlsx","hourly-data-02.zip","986522","e2238b52001b1f637324914f44c79992b9e18772aa9093e311a5923b3723ad9e"
"SD0320_T001_1hao","SD0320_T001_1hao.xlsx","hourly-data-02.zip","828978","27781e4438630f7430aa417087508b8c8faa7f68405ef6e1bcafb54a3649ff87"
"SD0320_T002_2hao","SD0320_T002_2hao.xlsx","hourly-data-02.zip","991886","de5dcdfb32c45c9ea72435c8bd2399ee6413dceb3ea867508b1da7c415deaae8"
"SD0321_T001_1hao","SD0321_T001_1hao.xlsx","hourly-data-02.zip","986308","c4758282b7c127d1f7a4ff51027b7dbf49f99c03560a15be1b1b61c534630371"
"SD0321_T002_2hao","SD0321_T002_2hao.xlsx","hourly-data-02.zip","988660","ae2ade6883f06445cb04a2d488a873942d532e0ccce0b4dcbb453bcb143702ad"
"SD0321_T003_3hao","SD0321_T003_3hao.xlsx","hourly-data-02.zip","1005257","2da2096c52c63d8a9b8b1452887fa82afe471c83d4a719b68b05c889c7f79691"
"SD0321_T004_4hao","SD0321_T004_4hao.xlsx","hourly-data-02.zip","995060","88d07dbe97c83827cb8a90b7e075feee12a86a9afdc395eb9983c07342de5c48"
"SD0322_T001_1hao","SD0322_T001_1hao.xlsx","hourly-data-02.zip","1014318","60aa23ba4fbddd518234311ec0b0220245063141187f09ba16a26d0cf60c640a"
"SD0323_T001_1hao","SD0323_T001_1hao.xlsx","hourly-data-02.zip","831476","e28d73440584cadd4a6d4618f0d2a8f26fa75185310c7239b1a26190afc8bc38"
"SD0323_T002_2hao","SD0323_T002_2hao.xlsx","hourly-data-02.zip","988583","f19055c409ab0a7aeb7d611bd31812e9594a16444073c39554086166f5dc31d4"
"SD0323_T003_3hao","SD0323_T003_3hao.xlsx","hourly-data-02.zip","994450","02321eb6e4cf555b20cc771a08030df9766d260dc3f1a265d25e650dd7ab903a"
"SD0324_T001_1hao","SD0324_T001_1hao.xlsx","hourly-data-02.zip","1010945","68ff84a94b5bd10a1b6e2d7521937d9bba84ce2ca1bdf0ebdf6fff7ce9f03ee9"
"SD0325_T001_1hao","SD0325_T001_1hao.xlsx","hourly-data-02.zip","990379","c60d7ed0902c2a66da8b4379a63bedd427db85c227e307a88aad77d25d48d176"
"SD0325_T002_2hao","SD0325_T002_2hao.xlsx","hourly-data-02.zip","836303","41d9ff6dbcea3ed1636d86c3c280f97c70577d96a4541109a4f4df8a1d44aae0"
"SD0326_T001_1hao","SD0326_T001_1hao.xlsx","hourly-data-02.zip","829877","f1314684d46a484106ff0eafe6e6371838c39e619fe3d48266f43d73cb587f29"
"SD0326_T002_2hao","SD0326_T002_2hao.xlsx","hourly-data-02.zip","994781","fb3822122e8d4ea8824876ebb74d96045bb2aa910ce50a2ba66edab37fc1392e"
"SD0327_T001_1hao","SD0327_T001_1hao.xlsx","hourly-data-02.zip","993387","641f57cef62fc19b9a529fcd6ea39bf717bd5ad9f80b4028c44e5d6815cef63b"
"SD0327_T002_2hao","SD0327_T002_2hao.xlsx","hourly-data-02.zip","1001454","c0feeb01d55b8365ea8647e1c8963c4defee4c6c5b22ddeb47b89accbd7889a1"
"SD0327_T003_3hao","SD0327_T003_3hao.xlsx","hourly-data-02.zip","993859","dd12a5719965c376d82c018af0a1fbc0562687b68e724dd7b86e855153be25a4"
"SD0327_T004_4hao","SD0327_T004_4hao.xlsx","hourly-data-02.zip","991064","883c5f327a869c68357742fc18bb5a4b452fb4b0223eea3b2f1d16fa2d35f44e"
"SD0327_T005_5hao","SD0327_T005_5hao.xlsx","hourly-data-02.zip","977581","560a999101bf8cb339d327192fbcc28c5d53de5686e2c58d2c93e5074d9689c8"
"SD0327_T006_6hao","SD0327_T006_6hao.xlsx","hourly-data-02.zip","1001660","d7e142bf847ea84a7373eefaf348915c7de59748ff9657ccc4b4cd47566c754c"
"SD0327_T007_7hao","SD0327_T007_7hao.xlsx","hourly-data-02.zip","977348","090b515f346702b3f576a680ef3d4e189230cb34000a6ea8f32babd3b001ca0c"
"SD0327_T008_8hao","SD0327_T008_8hao.xlsx","hourly-data-02.zip","1000788","fa0909a26f8cb9e66110e24cbf3955de5d4fa8209ce15ae9b3dc72aa5168003d"
"SD0327_T009_9hao","SD0327_T009_9hao.xlsx","hourly-data-02.zip","999563","e2b7bbd445441a13405948aa335bbcac05324a451b01ffb057e621e8308f7e4f"
"SD0327_T010_10hao","SD0327_T010_10hao.xlsx","hourly-data-02.zip","999032","8b59b8b84d22e9f60f7336bd6c1d57bd803345d88b1f0fc16f457c02ea9af06a"
"SD0328_T001_1hao","SD0328_T001_1hao.xlsx","hourly-data-02.zip","1022905","b653f3327617974aa5324f0caef6e933dd44f4b519235213a61d1324ed614e65"
"SD0329_T001_1hao","SD0329_T001_1hao.xlsx","hourly-data-02.zip","1003929","dd047bd677cb425019d83bffcfccc997915aa162d70bd770f08693704e478ead"
"SD0330_T001_1hao","SD0330_T001_1hao.xlsx","hourly-data-02.zip","1000450","1f67bc53f71e8dec3b0ab40e486820ddf1d174c769ddfeb5390f8a89b2b4915c"
"SD0331_T001_1hao","SD0331_T001_1hao.xlsx","hourly-data-02.zip","999777","82963fa332e2cab3ea0d2a14c0d22a9048c8ecb39afbabd2b3b0b3e22f1351f5"
"SD0331_T002_2hao","SD0331_T002_2hao.xlsx","hourly-data-02.zip","1000039","df5cf32022b4b57208d18981b799e776cf14ed892f5693cd5163656ed441d041"
"SD0331_T003_3hao","SD0331_T003_3hao.xlsx","hourly-data-02.zip","989878","9f80fc579037658fc0545bcbda0a7cebd8007cc638f92d17947f20c9b249dc7c"
"SD0331_T004_4hao","SD0331_T004_4hao.xlsx","hourly-data-02.zip","987423","30361c591fcccc7dfaef67776faa986397f76d72ba605197d7769335563b2542"
"SD0332_T001_1hao","SD0332_T001_1hao.xlsx","hourly-data-02.zip","1004966","4516a65d104c53daac672023e49d1537b79fc9742af64678b335f0e50a88d229"
"SD0333_T001_1hao","SD0333_T001_1hao.xlsx","hourly-data-02.zip","1005699","f90ef5c8755f84b649fd96f593c261bfe4fbc84f1cd055ba48ace8a0faef77e9"
"SD0333_T002_2hao","SD0333_T002_2hao.xlsx","hourly-data-02.zip","1012448","48ef2c97a4ad29b38a7cfdd9ba663f57fc135fbbfdae66cf00e12c039deacb4a"
"SD0333_T003_3hao","SD0333_T003_3hao.xlsx","hourly-data-02.zip","987586","466fe4ee8cf2ef107c7ac93d2b587bcc715abbfa7aa2408742918dbeb894c51e"
"SD0334_T001_1hao","SD0334_T001_1hao.xlsx","hourly-data-02.zip","981366","124f8e87701fa8e5a6b45ec779229f62beaf27788547493cc2433244b211e5f6"
"SD0334_T002_2hao","SD0334_T002_2hao.xlsx","hourly-data-02.zip","989163","c7946f47f995310b2b8713dd98fe9ae6e550323ff1bb5d7b00000412ae026c9f"
"SD0334_T003_3hao","SD0334_T003_3hao.xlsx","hourly-data-02.zip","989047","2fe7d4848390da6e29b7c36c0c25c39a8fce3d674b3bbf1ddda6927ab6c73d63"
"SD0334_T004_4hao","SD0334_T004_4hao.xlsx","hourly-data-02.zip","990460","cc4278771e9969971197a4873225564ee40a54e8f797125fc312204c31a45edc"
"SD0334_T005_5hao","SD0334_T005_5hao.xlsx","hourly-data-02.zip","983005","a29c49d6e553df1183333f983d526643e43f50da443fedfb8eb64eb371dcc3f3"
"SD0334_T006_6hao","SD0334_T006_6hao.xlsx","hourly-data-02.zip","989936","5cb42153663313c75250088e8d42bc482608906bf4e03c4ad49f0258a803b2ca"
"SD0334_T007_7hao","SD0334_T007_7hao.xlsx","hourly-data-02.zip","1003778","dfd7f335ff143dd78bace2577beed2a4eb980b3a9da30950ded5cce7e6ca9292"
"SD0334_T008_8hao","SD0334_T008_8hao.xlsx","hourly-data-02.zip","1000087","875a53b739e23a9e8cafcf3ee06802c1f5f1e63a6c0fae2708fd2fbe19044028"
"SD0334_T009_9hao","SD0334_T009_9hao.xlsx","hourly-data-02.zip","997502","bb712178c8c24b3b429a6f57750986ada3955265965fc8ada4f1443b767ea8f9"
"SD0334_T010_10hao","SD0334_T010_10hao.xlsx","hourly-data-02.zip","1006268","f604bc17e72cba86b1e575088d1c975d5ed408388d9fd3700d680bd6830a13fd"
"SD0334_T011_11hao","SD0334_T011_11hao.xlsx","hourly-data-02.zip","994093","d8e1456991004e9ba77a5dc3f82c60b70e9dfe9bee02b21a6482bda4a4a25440"
"SD0334_T012_12hao","SD0334_T012_12hao.xlsx","hourly-data-02.zip","989049","9760b617d9c6e0384a74cb3ebf3e9e3d7105eca0369d6210a786e7511011047a"
"SD0334_T013_13hao","SD0334_T013_13hao.xlsx","hourly-data-02.zip","994704","7d6e89365612861838b90bfba98674bf167a6b96c3c1e48b268f1f115ac9ebec"
"SD0334_T014_14hao","SD0334_T014_14hao.xlsx","hourly-data-02.zip","989503","ee7737a5788b70d01f3ed2a6f79993454aabe2960f2768c01c2cedd9ef19dbf2"
"SD0334_T015_15hao","SD0334_T015_15hao.xlsx","hourly-data-02.zip","993663","3dc80eecd8af2befca227d2d6beb462194da3c47d986adab01fcdfcb07596bea"
"SD0334_T016_16hao","SD0334_T016_16hao.xlsx","hourly-data-02.zip","993767","a9610db378506439dbc7bb89a4a898c602e8b049d9efc7bbf0e9f9bdf580f612"
"SD0334_T017_17hao","SD0334_T017_17hao.xlsx","hourly-data-02.zip","992492","dfc15d332acb190c1596246d976f2d80a388c706eda1ec46bd4d79e7554860f1"
"SD0335_T001_1hao","SD0335_T001_1hao.xlsx","hourly-data-02.zip","1018697","d1f448a7e9a9aae9c951d3d8a1e8a6ca5517c908bf5b6b08beb0e0f27eb50d1a"
"SD0335_T002_2hao","SD0335_T002_2hao.xlsx","hourly-data-02.zip","1018271","0b54ce5bbae85f8c275f99d6f32f522e27f5d02cda0934b3b49eaeecf13c5f45"
"SD0335_T003_3hao","SD0335_T003_3hao.xlsx","hourly-data-02.zip","1010778","c99ac85e3fd4a0f1d20efdb91f56233e7ab5d7d7d73abac5d3212d611444030c"
"SD0335_T004_4hao","SD0335_T004_4hao.xlsx","hourly-data-02.zip","1010185","33808ec7724190a7508d6c34137bd881291afb0f618ff15c8ef121f539384842"
"SD0336_T001_1hao","SD0336_T001_1hao.xlsx","hourly-data-02.zip","1003080","0b529a0ce59b49736a0000347764b2571aa7e8c88a8216b3928cf30abd5cc241"
"SD0337_T001_1hao","SD0337_T001_1hao.xlsx","hourly-data-02.zip","831869","53cd940a89c1189713408da74c6a7cd38674fb9ea415718628ef98dd954e4d28"
"SD0337_T002_2hao","SD0337_T002_2hao.xlsx","hourly-data-02.zip","1015267","502526168c599caf05d49aaa81af88021a275960869bac91ddb3be3cf747b4a9"
"SD0337_T003_3hao","SD0337_T003_3hao.xlsx","hourly-data-02.zip","1002410","80387c1f2a7a8dd9e4bf109aa220f66789bd265b0e4b140c70d75b418d24f1c4"
"SD0338_T001_1hao","SD0338_T001_1hao.xlsx","hourly-data-02.zip","1008577","2173a9d3545e36e9c2e6105ef791acab8071f3fa693284ec38f1758798bf9a1d"
"SD0338_T002_2hao","SD0338_T002_2hao.xlsx","hourly-data-02.zip","996187","da2edd0d0f6822c7b9337128d02ea9a1554b3931d31ca54856516d5e919a7eda"
"SD0338_T003_3hao","SD0338_T003_3hao.xlsx","hourly-data-02.zip","1006126","7120332bedb3b5a5385dd0124f2ba5308b9e0d92971067f8534205d6d1c706e0"
"SD0338_T004_4hao","SD0338_T004_4hao.xlsx","hourly-data-02.zip","999367","3c2ed884d32ca4db75500afa1ac835bd1012ce0a2c2b8a970b8c641c78361e1b"
"SD0338_T005_5hao","SD0338_T005_5hao.xlsx","hourly-data-02.zip","997659","e5cc7c2aa45a01deb4b4c51d5e8012c1ca71949d12f7efa9923791bac36727c7"
"SD0338_T006_6hao","SD0338_T006_6hao.xlsx","hourly-data-02.zip","995192","18e982b6bd95a3de1a6bef183f10d274073c8ec15b13108f715d035a98826102"
"SD0338_T007_7hao","SD0338_T007_7hao.xlsx","hourly-data-02.zip","1002085","049a67a643775203e0563a4c5be5d0297142fd51b14042289f7e96965bb5020f"
"SD0338_T008_8hao","SD0338_T008_8hao.xlsx","hourly-data-02.zip","988504","33dfb17e2644fb6a15a883cd7bd1c3da63204208a7858d45f54b875ce52c4a7a"
"SD0338_T009_9hao","SD0338_T009_9hao.xlsx","hourly-data-02.zip","983793","7a4884cea56df01e18390cd3e17410e8002cd9b76e3d6d3d8611f8625bf0590e"
"SD0338_T010_10hao","SD0338_T010_10hao.xlsx","hourly-data-02.zip","990403","5f1786a9cef269bdfa6b4a180f783cc2442935110e3dd2dac30e05b505be3920"
"SD0338_T011_11hao","SD0338_T011_11hao.xlsx","hourly-data-02.zip","997365","65e3f5e46d3692bca00747da237ed6fdd2ccd94b2a9c1958e6d4be844f0fcbe4"
"SD0338_T012_12hao","SD0338_T012_12hao.xlsx","hourly-data-02.zip","992717","b188c67119c0e4497b1485aeb0ab07b2c71d7f835f36a30c8a1d9203f198755f"
"SD0338_T013_13hao","SD0338_T013_13hao.xlsx","hourly-data-02.zip","999958","7f3b5116e1137dcbde5289c86f4e80592252cd046f11869059b9f8f52994ec3c"
"SD0338_T014_14hao","SD0338_T014_14hao.xlsx","hourly-data-02.zip","838909","ed0e58ab8812a8afae5361278010723992d52d3a6f1fcb4ea85bae37e16ebb9e"
"SD0338_T015_15hao","SD0338_T015_15hao.xlsx","hourly-data-02.zip","982503","1cf3b226a0c03edcae3172124a4e070fcd3530126771e6a4d14e97d6a143434a"
"SD0338_T016_16hao","SD0338_T016_16hao.xlsx","hourly-data-02.zip","819625","080e99fb58c5a559863239ef05e23d20fe2142a1e38fafcff27d0bf130917150"
"SD0338_T017_17hao","SD0338_T017_17hao.xlsx","hourly-data-02.zip","995799","4ff33504789b224ab834f04dc69fbe08deb128f3a643f38e0a8bef35c5c08a67"
"SD0339_T001_1hao","SD0339_T001_1hao.xlsx","hourly-data-02.zip","1017137","b0edf20df3968c9173cbeeefb366d2f594309a37d4cc64f95ccbf601ec45c5ff"
"SD0340_T001_1hao","SD0340_T001_1hao.xlsx","hourly-data-02.zip","1007303","95a9ea6502803eb7d86b80b797e207d6d96c07a87117b890a8bd1dcd078748bf"
"SD0340_T002_2hao","SD0340_T002_2hao.xlsx","hourly-data-02.zip","990332","85ea5348ae48ee5b3e9280256e3b0db1e0549881fac3496ba68576376ca61868"
"SD0340_T003_3hao","SD0340_T003_3hao.xlsx","hourly-data-02.zip","1002394","f3ce6dea07a9cba4b7177d94231cb6b75f4a94300d95906d5441e07595ee23e6"
"SD0340_T004_4hao","SD0340_T004_4hao.xlsx","hourly-data-02.zip","983114","d37e9ea416f6e555d5274fbf36df3673792735d6f659a536319a096eb47200e5"
"SD0340_T005_5hao","SD0340_T005_5hao.xlsx","hourly-data-02.zip","993204","c1c3aeea870176cb40e59af0f8b615bfcd47f29511280c7e7e0aa3b337b7d523"
"SD0340_T006_6hao","SD0340_T006_6hao.xlsx","hourly-data-02.zip","823221","44f8ea247906928a314dddc900681e793778bdc4194439de0b35787c95552198"
"SD0340_T007_7hao","SD0340_T007_7hao.xlsx","hourly-data-02.zip","1005644","93569883d3f7cecbe0aecc9f4858edd5a3654b8b0eafd3587dcf1958fa6caa22"
"SD0340_T008_8hao","SD0340_T008_8hao.xlsx","hourly-data-02.zip","832482","acf10387a08eb4094d0733740f3111d168731db86000687d0200b5d8b30cad06"
"SD0341_T001_1hao","SD0341_T001_1hao.xlsx","hourly-data-02.zip","1015427","0d840cff842559500ef9e3f44a0cfc00d0d195e96ee5f4e98384784e95f817b7"
"SD0342_T001_1hao","SD0342_T001_1hao.xlsx","hourly-data-02.zip","1022097","d01a6ce2d9108de439ad8dfbf63d70c5a5cf0c293aa095e640cac7cbd47bfc31"
"SD0343_T001_1hao","SD0343_T001_1hao.xlsx","hourly-data-02.zip","983741","160f3bd2980cd27768f2d43dda028b53a9788c9b02cf55d5767edce6e27dad4a"
"SD0343_T002_2hao","SD0343_T002_2hao.xlsx","hourly-data-02.zip","1002780","8b1f618777b44b0f053b5f6737f441558ae7bb7d5a35d4d1de0e73021d54f1d9"
"SD0343_T003_3hao","SD0343_T003_3hao.xlsx","hourly-data-02.zip","992583","5c64d8a71c331cf27db8093268ad5dc386f984b1d801162eea26dba482a932eb"
"SD0343_T004_4hao","SD0343_T004_4hao.xlsx","hourly-data-02.zip","1007680","b263ad709e408386f10ad99a15436ba6c37033eed11030a060bae6f0c1fb1ab5"
"SD0344_T001_1hao","SD0344_T001_1hao.xlsx","hourly-data-02.zip","1005454","2e4799269b466be5bf4eaa30afb4a8ec0e2d80bd61a9c56032132e1233d57754"
"SD0345_T001_1hao","SD0345_T001_1hao.xlsx","hourly-data-02.zip","1014822","6e2c27afc913a84b85bfad13c2c644275648bae063b3ed4492ef303ad252cff2"
"SD0345_T002_2hao","SD0345_T002_2hao.xlsx","hourly-data-02.zip","1002686","7010ecdd852cd03ed28d488fe27abf2fdfb275b1689189cb56e28375d8b3a89b"
"SD0345_T003_3hao","SD0345_T003_3hao.xlsx","hourly-data-02.zip","999477","1e4e56865b294c48732b32dbb4038bd4ea99c68d55418e5df7295949e36772f1"
"SD0345_T004_4hao","SD0345_T004_4hao.xlsx","hourly-data-02.zip","998551","7270222bff6f9f0d3ed1a932ae366262ab0247da3bc76ce33e787c0864b5764d"
"SD0346_T001_1hao","SD0346_T001_1hao.xlsx","hourly-data-02.zip","983911","f7a2ebb9b684635801a25f40d4b9047a39fec42881d92df52e3cc0a06c06ddbb"
"SD0346_T002_2hao","SD0346_T002_2hao.xlsx","hourly-data-02.zip","980927","e8bbd2903238bce0e0bdf72b7d68353fc5ecc493b63259c2bd927fb1a3fdbb1d"
"SD0347_T001_1hao","SD0347_T001_1hao.xlsx","hourly-data-02.zip","969844","81f78c7508e01154461915c3c555bf8ecb6ada2df7b780d23d49ba8daf91419e"
"SD0348_T001_1hao","SD0348_T001_1hao.xlsx","hourly-data-02.zip","975473","f99d6ade01f66d6082efb87b7a85dd90856b371181a45a1bf6b96242217e085a"
"SD0349_T001_1hao","SD0349_T001_1hao.xlsx","hourly-data-02.zip","998544","a2d3a99f3687c6c610c3471fe1bd3462913244032a90bd806666e44eee9a620d"
"SD0350_T001_1hao","SD0350_T001_1hao.xlsx","hourly-data-02.zip","984615","b05414a3e290a6f1193f36e0f5742a32aa342bb85e18c8ac80894dc3d5e344db"
"SD0350_T002_2hao","SD0350_T002_2hao.xlsx","hourly-data-02.zip","986649","73b7951c72a844b39d0b3d70883eed7870cd88d055bf8acdb68bff63384bf1d5"
"SD0351_T001_1hao","SD0351_T001_1hao.xlsx","hourly-data-02.zip","992954","a11c1b9ee119335df9d2cadbf7b68982c01049c06d78c63a7ab9525f28f4b996"
"SD0351_T002_2hao","SD0351_T002_2hao.xlsx","hourly-data-02.zip","991309","cff763ebfe5b83f45d836395977a0a70db6fdd5d2bd91ee1b369560993ff06dc"
"SD0351_T003_3hao","SD0351_T003_3hao.xlsx","hourly-data-02.zip","980319","1adc10d2bc2862e062dedb819fe4091786c8cebdb3250bf2211c709b8aa859ae"
"SD0351_T004_4hao","SD0351_T004_4hao.xlsx","hourly-data-02.zip","986788","5dfb0ce621189af0a79b259a79c30a2dee646671104624d0cfc733dbb8823e38"
"SD0351_T005_5hao","SD0351_T005_5hao.xlsx","hourly-data-02.zip","978118","6232e126e23322f7367151157820295220c03baef780c34cb105e2ba60566843"
"SD0352_T001_1hao","SD0352_T001_1hao.xlsx","hourly-data-02.zip","985108","d23aee268880bbadbcbea6eebb9a6b4f21b3ab17588bf3340928043e6ab4de9d"
"SD0352_T002_2hao","SD0352_T002_2hao.xlsx","hourly-data-02.zip","975659","e9b42dc9e79394f3cffd70ebc8593536585c042eb4bcfdd0dca023b0b2e6e268"
"SD0352_T003_3hao","SD0352_T003_3hao.xlsx","hourly-data-02.zip","981900","4304886198d0b8474911a465afb834ddd1fc6fc5bb8f25d8e0d3ad45990ab3fe"
"SD0352_T004_4hao","SD0352_T004_4hao.xlsx","hourly-data-02.zip","985166","b575556ebadc0567d0321685c482376054c7ddc3d7d66348ea0fd4f8f641ab3d"
"SD0352_T005_5hao","SD0352_T005_5hao.xlsx","hourly-data-02.zip","967666","556fe59b4eec04add07f161fe1b0db1804a5a9cdb55fa2d939ecff337b9e33ea"
"SD0352_T006_6hao","SD0352_T006_6hao.xlsx","hourly-data-02.zip","968209","90fbe08ba9116b2abe11ef30cc02eefffb8daa776c33060978fbbf93cc30316a"
"SD0353_T001_1hao","SD0353_T001_1hao.xlsx","hourly-data-02.zip","1022549","babac06d4392e64bae7eebba7f7770c75186dac57a2523221c5cb5bcf8b3236b"
"SD0354_T001_1hao","SD0354_T001_1hao.xlsx","hourly-data-02.zip","989652","44121a56cb653e220d6e7d5d41854fa6954bc79409daabbd3e9806c5b87bdf87"
"SD0354_T002_2hao","SD0354_T002_2hao.xlsx","hourly-data-02.zip","987608","25077f717eb45433ef4bd22d1c037b2c78cadc586c789195f8bc8ece8f8c380d"
"SD0355_T001_1hao","SD0355_T001_1hao.xlsx","hourly-data-02.zip","991825","98498367a812626e309805c760be6ebb48297488d15080256c764346d9885fe3"
"SD0356_T001_1hao","SD0356_T001_1hao.xlsx","hourly-data-02.zip","999942","137935aa14a0c5d6b5b5e7c3c7ed226cfee220c6de9be28d4ee901a535a9fb2e"
"SD0357_T001_1hao","SD0357_T001_1hao.xlsx","hourly-data-02.zip","1000699","46f4cd2360161f4608cb57f9a3845070bdd2165d9d63315bd55a443c89497380"
"SD0358_T001_1hao","SD0358_T001_1hao.xlsx","hourly-data-02.zip","967041","fd2b93cfb0abb8af14cb6f90a5371aaac46ce1e1ded51454951dafe1b6ce1b29"
"SD0359_T001_1hao","SD0359_T001_1hao.xlsx","hourly-data-02.zip","1014855","40c2e15b29794335475cdcaf81133e5c4de0e831d39b28947080f56289ced93c"
"SD0360_T001_1hao","SD0360_T001_1hao.xlsx","hourly-data-02.zip","997837","1cce13db1928508d29a01f607d21560af0ba25f764c89d810523b07d479878fb"
"SD0361_T001_1hao","SD0361_T001_1hao.xlsx","hourly-data-02.zip","975354","75aa72fbb0bd2c292ba1431b58da6b1fa535eb26b448be02b9de120ab9a69b43"
"SD0362_T001_1hao","SD0362_T001_1hao.xlsx","hourly-data-02.zip","992350","6db0526db2265960e2301fce306b2e8e917c11c35d5c3b66f3dbfe1125df756a"
"SD0363_T001_1hao","SD0363_T001_1hao.xlsx","hourly-data-02.zip","1001754","391e1621da59e3b051334e41fb57155f4865481b7fc0a06b5a6667cbfd15bf38"
"SD0364_T001_1hao","SD0364_T001_1hao.xlsx","hourly-data-02.zip","976543","a72eadd7f5d68529ab70440c31ea5a622fbd6e976f130451bde745b72abe8a43"
"SD0365_T001_1hao","SD0365_T001_1hao.xlsx","hourly-data-02.zip","999198","c35e8807ba9390ff566d87379176882483d69a87699fa726cc66e18883dc954c"
"SD0365_T002_2hao","SD0365_T002_2hao.xlsx","hourly-data-02.zip","990020","6b13b5ea6f6d684e2b948f90b3a46d4cf94d4edf1b17d6e81576e78f494f7a29"
"SD0365_T003_3hao","SD0365_T003_3hao.xlsx","hourly-data-03.zip","1000347","9d2352ee21902887027670198998bbf2b55464b35af4f8b8e650673cdedce7b7"
"SD0365_T004_4hao","SD0365_T004_4hao.xlsx","hourly-data-03.zip","991771","98308d34f69ebde012c7dcb1c670e6999394901dcafc75a239323372284a9080"
"SD0365_T005_5hao","SD0365_T005_5hao.xlsx","hourly-data-03.zip","1000155","cac2364e28d06e545d435c0378dd0688a7a5b302ddc51d763cb7491d72fefbac"
"SD0365_T006_6hao","SD0365_T006_6hao.xlsx","hourly-data-03.zip","1002019","55db793efedc663605f9a7eb4dbb6333c11d67b16345d2cb59bf899fd2291e37"
"SD0365_T007_7hao","SD0365_T007_7hao.xlsx","hourly-data-03.zip","1009543","e7de2dba1d0563c5122cdeb250dafd9a2bb7b55b0ce095184a61a80bf8e47c06"
"SD0366_T001_1hao","SD0366_T001_1hao.xlsx","hourly-data-03.zip","990003","eccd826254dc18d92e4df69d3028f919d51fa0f0cfd3e8f2dfac5d575b622702"
"SD0366_T002_2hao","SD0366_T002_2hao.xlsx","hourly-data-03.zip","978177","cf8955ea9c046b2b0ace219e1eea669c29741f098062339d02e58accb0acb297"
"SD0366_T003_3hao","SD0366_T003_3hao.xlsx","hourly-data-03.zip","971322","636df23a23caf3b59cfbaa74f0b9e6d5a30533d55eb23bec5bce72eb4eff6272"
"SD0366_T004_4hao","SD0366_T004_4hao.xlsx","hourly-data-03.zip","982236","319ee1076ba6a7215ed7c6f354d8b72bbea97a89f563dfc8a33dab9625d57d8f"
"SD0366_T005_5hao","SD0366_T005_5hao.xlsx","hourly-data-03.zip","990056","398855c3578e35da6342215e37673f9bd7b2e2bf271a2f8e4eb75144c9e3855d"
"SD0366_T006_6hao","SD0366_T006_6hao.xlsx","hourly-data-03.zip","980348","bfde88f7b3737ba2b96f6275d71b8772afea449c32a05a328edabc523bcfafe3"
"SD0366_T007_7hao","SD0366_T007_7hao.xlsx","hourly-data-03.zip","985351","cda1a2ef7790b1b28d443f7950a9f84b8cc7dff3de66341ccd42e5c36ae804d4"
"SD0367_T001_1hao","SD0367_T001_1hao.xlsx","hourly-data-03.zip","980335","a2ed5d7b2ab25da9bee293acd61916fc4ab9ebfafcb758e32069f87e7fd2a363"
"SD0367_T002_2hao","SD0367_T002_2hao.xlsx","hourly-data-03.zip","983377","2c40ed782c80e8108a24127fea17a4d68322fc24ce04489b3f908c16a584b4b9"
"SD0367_T003_3hao","SD0367_T003_3hao.xlsx","hourly-data-03.zip","985048","15f42a850c8a6bb87617d58f879935f1b45af20a0ad718003664228defd11bdd"
"SD0368_T001_1hao","SD0368_T001_1hao.xlsx","hourly-data-03.zip","998353","f3b5ecc475d711714101aabe938866903f40f89610ebb2f251cf97fc7238dddd"
"SD0369_T001_1hao","SD0369_T001_1hao.xlsx","hourly-data-03.zip","825219","d3c67208541cf44e128891e91e2b9127e9a6e8566456e38f210fedf25eff53a2"
"SD0369_T002_2hao","SD0369_T002_2hao.xlsx","hourly-data-03.zip","823402","70ebbcb6afeb26d6057135514e390ef1af6ba2bb9d2b1f70db80f96283900c03"
"SD0369_T003_3hao","SD0369_T003_3hao.xlsx","hourly-data-03.zip","972504","4e15d9920c546761418aea8efb12f1378a7ab51ec003785f99dc532521dae84f"
"SD0370_T001_1hao","SD0370_T001_1hao.xlsx","hourly-data-03.zip","992968","443806aa0b1859d9eb63e54f420228731da53bf4cdce9cf6c9c79a68295f855e"
"SD0370_T002_2hao","SD0370_T002_2hao.xlsx","hourly-data-03.zip","998476","5bad3561b8a9f8964f8ed7452fcce88f5d3d5d9b2dcdd6d08253a1402137a07f"
"SD0370_T003_3hao","SD0370_T003_3hao.xlsx","hourly-data-03.zip","982747","5af6c036ca119299dd85e8e9b358e103d03d178c602530404b16568602ab34fd"
"SD0370_T004_4hao","SD0370_T004_4hao.xlsx","hourly-data-03.zip","982316","e34d2f83f978672c12b9596022dde609dc27e8b6b0f4940c41c0ad68b0a746ef"
"SD0370_T005_5hao","SD0370_T005_5hao.xlsx","hourly-data-03.zip","985038","8feeed9e262b51e00a7ed52a3d0756e2d23e026fe1fddbbe726f1aa25d42c0f1"
"SD0370_T006_6hao","SD0370_T006_6hao.xlsx","hourly-data-03.zip","987842","b080d43d2f6910582655853be601d996e4b722f0a56cd4ef5fd6e4a05696c846"
"SD0370_T007_7hao","SD0370_T007_7hao.xlsx","hourly-data-03.zip","988270","b4f40227b2069858e95e29ce5cb1c0d4da423a98307c5d92c9ed8d1a7cce7ef1"
"SD0371_T001_1hao","SD0371_T001_1hao.xlsx","hourly-data-03.zip","997621","0caa84616e1697b5bc05e2d6393b9268904a053b223d26c5711518c228e733a1"
"SD0372_T001_1hao","SD0372_T001_1hao.xlsx","hourly-data-03.zip","993739","2d4b71197fcc5237b56bc531a4ae4aacac40fa4e7269edc542321f0e36f004c1"
"SD0373_T001_1hao","SD0373_T001_1hao.xlsx","hourly-data-03.zip","993146","8b51ff45934cfd76ebaf1063f9d8dfdfe0f42c52911d55551dbd69a4de5cb8df"
"SD0373_T002_2hao","SD0373_T002_2hao.xlsx","hourly-data-03.zip","990389","2fa8c33572297a6776e85773a77b3b5b2d7d8e75073ae3a8aa1f3a8c47dace1e"
"SD0373_T003_3hao","SD0373_T003_3hao.xlsx","hourly-data-03.zip","977474","64cf1db5c68f32dd61a3321b8326cb58f17d040616b81895c8a0b17110c677ad"
"SD0373_T004_4hao","SD0373_T004_4hao.xlsx","hourly-data-03.zip","983569","aecd98165831f299191fa8cda1b90ae77817b8225cfd17fe4a5d88a58b0e4026"
"SD0374_T001_1hao","SD0374_T001_1hao.xlsx","hourly-data-03.zip","990386","db1b18718026675b8193f1fca7525c8c2f84cff9e5079cf2ec3a67311486eac2"
"SD0375_T001_1hao","SD0375_T001_1hao.xlsx","hourly-data-03.zip","981104","b3e4541e2779afb537bb0f4d8f211d74970aa3a8a9f51b907114ac255a7b7f9d"
"SD0375_T002_2hao","SD0375_T002_2hao.xlsx","hourly-data-03.zip","982243","0b5c3e53c844b29d6d0e382ca11b86a52069b04722a0b839187d10c161211f60"
"SD0375_T003_3hao","SD0375_T003_3hao.xlsx","hourly-data-03.zip","992944","b424d7fca709147b99e0a9d238b2d0ab0288696453e4c51a9dfcb6b1ba8e9beb"
"SD0375_T004_4hao","SD0375_T004_4hao.xlsx","hourly-data-03.zip","827513","d00609f36ca9f55e86960889cb8afd54d05c292740765d2939faebfabe4459b8"
"SD0376_T001_1hao","SD0376_T001_1hao.xlsx","hourly-data-03.zip","975055","69e7e865f9bf3f2292f291d6acbfa78f9a888ac9383a8525491bef8133ec7a59"
"SD0377_T001_1hao","SD0377_T001_1hao.xlsx","hourly-data-03.zip","969667","5e4135f80a783b605088af8f8b4173d3b31e7996d743165ac5673c31f8d1f2c2"
"SD0378_T001_1hao","SD0378_T001_1hao.xlsx","hourly-data-03.zip","998885","ba8921b76ed348034222a974e0a19b5e5bf75d90186cb7928cc528053dc2cc95"
"SD0378_T002_2hao","SD0378_T002_2hao.xlsx","hourly-data-03.zip","998998","523eee8344c3a8ad8717f12c13d47d002c6ea1d50f22dc7ed415f2c367f6a2da"
"SD0379_T001_1hao","SD0379_T001_1hao.xlsx","hourly-data-03.zip","984860","fa42eec8ba689b5feca0b874296bf9db7c2db37f73e095246edc3b5512486ae9"
"SD0379_T002_2hao","SD0379_T002_2hao.xlsx","hourly-data-03.zip","982626","e6847e510f3c4c2bf5e4aa73dd0c8bf1ee3cbfe9a32edfbee37812c37ef15720"
"SD0379_T003_3hao","SD0379_T003_3hao.xlsx","hourly-data-03.zip","814049","b50cb93ce0b27e5f11c7b115327c630e12f3973bee5810ce9190cc105d59df25"
"SD0379_T004_4hao","SD0379_T004_4hao.xlsx","hourly-data-03.zip","978413","9429a249bd7ff074b11f7398cad9e935ec6bd4c69e2f623dfa94d2156ac071ad"
"SD0379_T005_5hao","SD0379_T005_5hao.xlsx","hourly-data-03.zip","979922","c4b893e15104d86de32c93c2b21df28253278385c1bab433b32808473cdd9819"
"SD0379_T006_6hao","SD0379_T006_6hao.xlsx","hourly-data-03.zip","972276","d0443ecfa45ac9c1e8bb92dcd1eb42c123587ab8fcf860f469f3007101af7cc9"
"SD0379_T007_7hao","SD0379_T007_7hao.xlsx","hourly-data-03.zip","972904","6451e8530a63f075994f3a20f1b2fcb0d569f87bf73823505cc7f6cf1bb65a4a"
"SD0379_T008_8hao","SD0379_T008_8hao.xlsx","hourly-data-03.zip","976771","967cb61b0a744b9262193db4370cd5299ebcc79d2ed08dc835d8ae6cd9dd970d"
"SD0379_T009_9hao","SD0379_T009_9hao.xlsx","hourly-data-03.zip","987011","4a6df9d96fadc8085aef99be254f0c2a81c605b495d47a3fae6072b2de0a7852"
"SD0380_T001_1hao","SD0380_T001_1hao.xlsx","hourly-data-03.zip","979706","a29802b9f029b8848ed786ffcf612e11d9873a452cd53c1563e9e2c38c1367ed"
"SD0380_T002_2hao","SD0380_T002_2hao.xlsx","hourly-data-03.zip","975437","8cddccdd954204016bc8095484628d5d1dc89a86ce99bd79cbd23428fa5ce9e4"
"SD0381_T001_1hao","SD0381_T001_1hao.xlsx","hourly-data-03.zip","1004490","9818a70aad060bb78c088a61579df0375460331effebdb672eb55fbf28d38822"
"SD0381_T002_2hao","SD0381_T002_2hao.xlsx","hourly-data-03.zip","996091","04a0797d430978da18d73cefec8d42c62c2f77afa91a81f6c48655516b8ce70a"
"SD0381_T003_3hao","SD0381_T003_3hao.xlsx","hourly-data-03.zip","976888","5f898ed75746b50cf1845fec010521a68ec1f92438516d31795d65c5f54f7c03"
"SD0381_T004_4hao","SD0381_T004_4hao.xlsx","hourly-data-03.zip","979451","fb67462567b5623515d5210785cfe0b7414a914a9beda8df6fa347d5579dc9a8"
"SD0381_T005_5hao","SD0381_T005_5hao.xlsx","hourly-data-03.zip","975489","41556e505c94d8a489b8c87aba624375b4b26104cec367bf4eee581988fa7740"
"SD0381_T006_6hao","SD0381_T006_6hao.xlsx","hourly-data-03.zip","973364","8d6a198fbcde1561fa4e26d05beb4453f3d6dff7cbed60af77071a5cca61f2da"
"SD0381_T007_7hao","SD0381_T007_7hao.xlsx","hourly-data-03.zip","975321","ed00773d4bb181a30e55de811e8b30a8a64a47c0f7ab1b85bc8fca2b893951e9"
"SD0381_T008_8hao","SD0381_T008_8hao.xlsx","hourly-data-03.zip","979780","2d294e643fbf1ecd7811e1e7ed0027bb8429a6badd9b3a981a3ca25b3dc53f96"
"SD0381_T009_9hao","SD0381_T009_9hao.xlsx","hourly-data-03.zip","976457","37904c16afc7fa69a2c213f76df9252015ebea4ec9554e3d77456bad6ec8aa30"
"SD0381_T010_10hao","SD0381_T010_10hao.xlsx","hourly-data-03.zip","977627","5815b5b6bedcabe56d3a0e2fa46f18a2860572ed38478af602a1a5f5d2ad3a2a"
"SD0381_T011_11hao","SD0381_T011_11hao.xlsx","hourly-data-03.zip","977983","f6ca9ee9f25b40e8431876b3e694cdd1a74e7dee6946a0e5e4182fb7ec03afb0"
"SD0381_T012_12hao","SD0381_T012_12hao.xlsx","hourly-data-03.zip","980211","fc26f2b3aed890157045e22bdd6287000496a77c5310965ed22e5a2f17165895"
"SD0381_T013_13hao","SD0381_T013_13hao.xlsx","hourly-data-03.zip","978617","b6b100d8b81409b410981562322df332fc5f6d102f69cd2e5792fb4d2f4d621c"
"SD0381_T014_14hao","SD0381_T014_14hao.xlsx","hourly-data-03.zip","975923","a1a23010aaff3ffee676d85901f3fe6d81f3caff45664a98e24537ef2fb77c11"
"SD0381_T015_15hao","SD0381_T015_15hao.xlsx","hourly-data-03.zip","972544","9033bf403c1ccc58333dcc217280782d338752470927e20cb307c25e3c00a2dc"
"SD0382_T001_1hao","SD0382_T001_1hao.xlsx","hourly-data-03.zip","996511","452a245c79b2f2d4193f3d307952306421d186a89c2439969eaf20de37c0c9e8"
"SD0383_T001_1hao","SD0383_T001_1hao.xlsx","hourly-data-03.zip","1002230","957cca739a8696b8b5042a33511dfef451dad992c4041302a9e62ecf8de673e1"
"SD0383_T002_2hao","SD0383_T002_2hao.xlsx","hourly-data-03.zip","977440","4927148ecd4cf22832ab6971a42ea49339a6dbb0147e4513dbf318b413a76c45"
"SD0383_T003_3hao","SD0383_T003_3hao.xlsx","hourly-data-03.zip","982300","a6020456b4e4d5fdcd06146e82006570f69e18a81efd2f3e280f33191b7cc177"
"SD0383_T004_4hao","SD0383_T004_4hao.xlsx","hourly-data-03.zip","979200","d0af557e793c30df7fd0b6f6249fdb17b26e8cce184fc28e018cb17f5238a08b"
"SD0383_T005_5hao","SD0383_T005_5hao.xlsx","hourly-data-03.zip","979529","4438bba0f80d80dfb7d98f2ab1b70a6e7abdfd6bae0849581c50bebde0a484ba"
"SD0383_T006_6hao","SD0383_T006_6hao.xlsx","hourly-data-03.zip","977029","f5322699199ed1514887a615f603956d2f0b6957d9e4df9d6f3dddd190acfad2"
"SD0383_T007_7hao","SD0383_T007_7hao.xlsx","hourly-data-03.zip","974969","5217eca3150e31af022b0984e2f6e8d94db3f6b52801ee73024ce9dbb7b339ae"
"SD0383_T008_8hao","SD0383_T008_8hao.xlsx","hourly-data-03.zip","977499","95df4440b6ffb017089940096ba11ac3450e6691eb65cf74d7bf23e2454a74d3"
"SD0383_T009_9hao","SD0383_T009_9hao.xlsx","hourly-data-03.zip","984064","01322dc64eafd87c3e23152efcd26d9aba91bc8807048973a57542a7997f586a"
"SD0383_T010_10hao","SD0383_T010_10hao.xlsx","hourly-data-03.zip","990092","fc3e864091e686b590f2e6ae99dc37dea02da49d594771a4cd9bc6efcfd92530"
"SD0383_T011_11hao","SD0383_T011_11hao.xlsx","hourly-data-03.zip","977704","a7c09acfc95d20f784ed40e5cce769fb51949f3ce947a8ed2446094d78abb708"
"SD0384_T001_1hao","SD0384_T001_1hao.xlsx","hourly-data-03.zip","969133","ce74074628493b978828f329ca6f42ce2c7f5a22eafc4dd1eb6012b9ffe8fa7a"
"SD0385_T001_1hao","SD0385_T001_1hao.xlsx","hourly-data-03.zip","983961","66bd929e8cc998dbd40bd58bdf37e0a487e81f28f9bea5ffefbae40c9426cab9"
"SD0386_T001_1hao","SD0386_T001_1hao.xlsx","hourly-data-03.zip","978241","59549bacce7d4318ea5781ca68c8d2d1aaa673738d9c665cd268bf09d2de3f37"
"SD0387_T001_1hao","SD0387_T001_1hao.xlsx","hourly-data-03.zip","976826","cede4af503e8ebf1864fac0ea73781469bc49532c7906ccb74fd673dde12ff34"
"SD0387_T002_2hao","SD0387_T002_2hao.xlsx","hourly-data-03.zip","979708","82c23f55c604a3247b18317a40b262251c650c03ba3ee87d37f37387a8acd989"
"SD0387_T003_3hao","SD0387_T003_3hao.xlsx","hourly-data-03.zip","977951","0f6d0bee6ac070a64dd40327b8bc4d0023bb763f005de6be3872044162ae0217"
"SD0387_T004_4hao","SD0387_T004_4hao.xlsx","hourly-data-03.zip","979597","153899eccd87c417572feb6b244ba2622d10c06a33d04d4c71438087a80e8f79"
"SD0387_T005_5hao","SD0387_T005_5hao.xlsx","hourly-data-03.zip","987931","74f0c69f73316c16dc7b8b57a52d6593173c29122cda73fd1719c4eb130b88cc"
"SD0387_T006_6hao","SD0387_T006_6hao.xlsx","hourly-data-03.zip","813850","9c8d8cd20916504de4f0775a11e8af723f41d706ae112c3b2d9959b61d26a9c7"
"SD0387_T007_7hao","SD0387_T007_7hao.xlsx","hourly-data-03.zip","975561","0e0fcfe2aa3e9d8f134985d683760c7e039b94a8bb930adec0aa11c6f1e79210"
"SD0388_T001_1hao","SD0388_T001_1hao.xlsx","hourly-data-03.zip","981965","82d419e19b0039a523f12344b4c0c0c1422d1eff1a630909c163e9e38e34b0b4"
"SD0388_T002_2hao","SD0388_T002_2hao.xlsx","hourly-data-03.zip","995124","35c4dce5332c050cf340d147b3561e8e4ed1110bdb3da13c57e7e103ed4a49bd"
"SD0388_T003_3hao","SD0388_T003_3hao.xlsx","hourly-data-03.zip","980761","03c9473db230a6102ef6ac9c0aa3006e3dfd11735afa53cc3560557814721b28"
"SD0389_T001_1hao","SD0389_T001_1hao.xlsx","hourly-data-03.zip","974154","5c64ae7b65304362498e1d07d2b9e6f0bd2a8d3302521ddf9b45b212dcdf2ad5"
"SD0390_T001_1hao","SD0390_T001_1hao.xlsx","hourly-data-03.zip","975592","cf7c88be8d977eda8131c0377d94ab4c175c598ac61390b93c66d5af4bac1ad9"
"SD0391_T001_1hao","SD0391_T001_1hao.xlsx","hourly-data-03.zip","995935","51eb1cbb89425615fd914cd5d9a8bbd2ce2eee2e9b90f8e6e36e46f9f13c6be0"
"SD0391_T002_2hao","SD0391_T002_2hao.xlsx","hourly-data-03.zip","999273","57eef1cf09458f81777dc77a62b29b3ed73895aff4f75eae111651cf1c01232b"
"SD0391_T003_3hao","SD0391_T003_3hao.xlsx","hourly-data-03.zip","1001206","b56175b2fb9e49660e35f5d2a71ad6d7de595ddf126b9be45801eb75d8b1da64"
"SD0391_T004_4hao","SD0391_T004_4hao.xlsx","hourly-data-03.zip","999516","a050fcbe31ddd1c863c9ab1b7c476088be6c1f39b9f838bdc1c0dd73925e90df"
"SD0391_T005_5hao","SD0391_T005_5hao.xlsx","hourly-data-03.zip","988180","58a144d58b0d9d93b5d95ee4c58b03a2e538f75b5659405015bd6c3ccf9868cf"
"SD0392_T001_1hao","SD0392_T001_1hao.xlsx","hourly-data-03.zip","1000336","f023b7bd242ddc763616e3552490cbdb17eb5f57e544b8ad5b7b2097f3a87092"
"SD0392_T002_2hao","SD0392_T002_2hao.xlsx","hourly-data-03.zip","1007037","4894bb7ee3bdbb32cb189a4b09e12b542fd620777a4949ee598884bc1194af76"
"SD0393_T001_1hao","SD0393_T001_1hao.xlsx","hourly-data-03.zip","998494","dc518b713483e2adbd0ee5a2a712be55ddc1e5179b650287280d22149eed660c"
"SD0394_T001_1hao","SD0394_T001_1hao.xlsx","hourly-data-03.zip","1015266","32923cb68dba9c5dc256464e3a84c5009246ddb1459d5367054d5aed2a065516"
"SD0395_T001_1hao","SD0395_T001_1hao.xlsx","hourly-data-03.zip","998118","da0547617f023246278ade2ba7682ed6abb197914003b14db9f09c494ed1cd4a"
"SD0396_T001_1hao","SD0396_T001_1hao.xlsx","hourly-data-03.zip","1005009","4f467ecc19d6eee5b9b8c16e77df64b14e4df4b94b1be8ca59d1faa10a9fbfdc"
"SD0397_T001_1hao","SD0397_T001_1hao.xlsx","hourly-data-03.zip","998391","e3978aa26a8b4090f30b04ad47639e885a2061d4d6437064e8e5f24798d402a0"
"SD0398_T001_1hao","SD0398_T001_1hao.xlsx","hourly-data-03.zip","990822","043af6205a0793a4ede8e702ce79043f004787e604ee985b908bd9bf3631c768"
"SD0398_T002_2hao","SD0398_T002_2hao.xlsx","hourly-data-03.zip","1002041","d87c99567bdac3fe93114736829f4419bac7663ce54a48142ca4f12f8c0ba5ba"
"SD0398_T003_3hao","SD0398_T003_3hao.xlsx","hourly-data-03.zip","1011049","e0824b6b28d6bd9e991b28c66b2563165c6d058aea2b6670bda609763924d315"
"SD0398_T004_4hao","SD0398_T004_4hao.xlsx","hourly-data-03.zip","999468","94817779df6796d1e8b9d3b3e7eb315c9087c8e4252648267fec00934aa5c520"
"SD0398_T005_5hao","SD0398_T005_5hao.xlsx","hourly-data-03.zip","1001889","0f302019bbae0371bfcedceda4da02afa6ccbd2efe0beac18bc08830061b8d5b"
"SD0398_T006_6hao","SD0398_T006_6hao.xlsx","hourly-data-03.zip","982871","24d13d915ad7c8cc62f2ac5543cde0c56c34648ecf34e572fd6232c3bb6d5009"
"SD0398_T007_7hao","SD0398_T007_7hao.xlsx","hourly-data-03.zip","1004371","909ad00a2d92b0b90ff55ba59c8d1c83cbe124be2704b5affaccb94dc8db9652"
"SD0398_T008_8hao","SD0398_T008_8hao.xlsx","hourly-data-03.zip","999054","03cc0a66e66913b6b2f4557288b2a3bf706c86a637a18e3a154ec46fd98807eb"
"SD0398_T009_9hao","SD0398_T009_9hao.xlsx","hourly-data-03.zip","1008179","27f5816b8c6b8d7366a787ad470da92518c2ef21659512c17102d43159f95d07"
"SD0398_T010_10hao","SD0398_T010_10hao.xlsx","hourly-data-03.zip","1011639","05e5254be4726853cd814e1a7356548463db70010c3ea5a8a070dde768c3e34c"
"SD0398_T011_11hao","SD0398_T011_11hao.xlsx","hourly-data-03.zip","1008947","82200c1da25b0360f60769fa7b1e5ec8c5fc987bac7655fc153fdeb6adcfe1f2"
"SD0398_T012_12hao","SD0398_T012_12hao.xlsx","hourly-data-03.zip","1008801","a5a04757581f358211260b300ca8e7d4c2e6a569bf819f349e41abc282cda048"
"SD0398_T013_13hao","SD0398_T013_13hao.xlsx","hourly-data-03.zip","997682","c2c252a1fa5c8162b287975542b5240a79f8fe524b1b5869c141b2cd46f29321"
"SD0399_T001_1hao","SD0399_T001_1hao.xlsx","hourly-data-03.zip","1011156","337f5ec84178b50bd736bebf58f4c3adb00d8d14db044d1b29ef43a9ca9e88b6"
"SD0400_T001_1hao","SD0400_T001_1hao.xlsx","hourly-data-03.zip","1010260","be67e6b6dd7f08f6cfe9d8fcc007550570c8e614af16e96b99e5373be4a70a5c"
"SD0400_T002_2hao","SD0400_T002_2hao.xlsx","hourly-data-03.zip","1007279","1d861382c5fc98d4ac45220cbec5d00572d0a24d1c594c567a4ea510cadc04db"
"SD0400_T003_3hao","SD0400_T003_3hao.xlsx","hourly-data-03.zip","997261","49dc21ce9ac4c31e9cd25ee4a5d054931964cd68368e8d4c93d79d4679c6285b"
"SD0401_T001_1hao","SD0401_T001_1hao.xlsx","hourly-data-03.zip","1008699","1cc1c5d74735e05ac6316c65e77004d90fa3cd9c189c84584808666a0661897f"
"SD0401_T002_2hao","SD0401_T002_2hao.xlsx","hourly-data-03.zip","998675","090225cd71b007504ca1e38a9ccf6a4b04e48b8b1f983519269f634f696e9219"
"SD0401_T003_3hao","SD0401_T003_3hao.xlsx","hourly-data-03.zip","992659","fc05cf7abc52426500c59348bfe408704b9278eaee70e2af661f7ea33d7521f3"
"SD0401_T004_4hao","SD0401_T004_4hao.xlsx","hourly-data-03.zip","993968","3f381e9254bceb38339dc08393c5fbc9ce7e295f13f0198c694883310fdb6582"
"SD0401_T005_5hao","SD0401_T005_5hao.xlsx","hourly-data-03.zip","1002727","2c809ba5035cbd61653e74484983d16d21597834afcd268853fdd0ed357a8aae"
"SD0401_T006_6hao","SD0401_T006_6hao.xlsx","hourly-data-03.zip","1001088","225279172a8569062bedb6bd321528228a3368057c4460c574e754418cb32c03"
"SD0402_T001_1hao","SD0402_T001_1hao.xlsx","hourly-data-03.zip","993827","1e1e57b44219f132015fb0607d65513f02f5c14bf807c9cb8ea9050810b05703"
"SD0402_T002_2hao","SD0402_T002_2hao.xlsx","hourly-data-03.zip","1013247","f939641dfcfcd7812a40f0e1c8e47a410d101bb1028f06064fcec0b8276a2db4"
"SD0403_T001_1hao","SD0403_T001_1hao.xlsx","hourly-data-03.zip","1007107","1b0ff5ab693da0fb19a16266d5b9cd519239fc0cd9cead54063f4bc33dfa3ad8"
"SD0404_T001_1hao","SD0404_T001_1hao.xlsx","hourly-data-03.zip","1008379","c3645da2c128dc9498ce4c2ac39699d2b4cc0faf1fe85612a0ed1d5f12e29ba5"
"SD0405_T001_1hao","SD0405_T001_1hao.xlsx","hourly-data-03.zip","993349","82977234ff5063ab3e8fe4c703d9ced082b8dc6a1152daf69ee8c3eb9865fe01"
"SD0406_T001_1hao","SD0406_T001_1hao.xlsx","hourly-data-03.zip","990390","66bfe90d01466353f089b041fef8860840aff5907d7f9fbb99bbb753ade80e0b"
"SD0407_T001_1hao","SD0407_T001_1hao.xlsx","hourly-data-03.zip","1013740","71222c3432127599110f6a0b50431e07fcc485c0389c1886f8ac64d75184c78e"
"SD0408_T001_1hao","SD0408_T001_1hao.xlsx","hourly-data-03.zip","1029203","14bf40fa83e5f62bab2c14556dc5a38c82a7e23bcbb16b9cba9af6e1efeb2dc5"
"SD0409_T001_1hao","SD0409_T001_1hao.xlsx","hourly-data-03.zip","1025297","24d2a761faa9dd1c1f393478f205ec9df25eb5b7eaedf0054fcabde76e12df63"
"SD0410_T001_1hao","SD0410_T001_1hao.xlsx","hourly-data-03.zip","995636","529a3b254cdf6c087242220ff61ac79c51bda46ca1a3108eaf4f2b13fb90fc9f"
"SD0411_T001_1hao","SD0411_T001_1hao.xlsx","hourly-data-03.zip","977172","1f0b7162982bead69f50f748bbfe1e9c55fa08ed832f3d5ecec859e85438f711"
"SD0412_T001_1hao","SD0412_T001_1hao.xlsx","hourly-data-03.zip","983185","a9ad5e397a4c7953b0d67dba36d0ac30b51bb3c13e5153dad30dfe25014b70ed"
"SD0412_T002_2hao","SD0412_T002_2hao.xlsx","hourly-data-03.zip","982810","fd4e6868d9fa49222a197302677b6a59c708ec915de1a807675d1e15ec882e1e"
"SD0413_T001_1hao","SD0413_T001_1hao.xlsx","hourly-data-03.zip","975500","de3b9de833b6af4540840cc5acc4a63f38bdd339ff4f0d4d528f4672c803f68b"
"SD0413_T002_2hao","SD0413_T002_2hao.xlsx","hourly-data-03.zip","980658","9404bdd7450df4e2072fc957d013e396c624d84d9fb7e12989fdaae6548fa123"
"SD0413_T003_3hao","SD0413_T003_3hao.xlsx","hourly-data-03.zip","976120","2d85022c64bd5fea8149b4668eb91cb65dfb7d9ca114249fa5f380bb89e7cf52"
"SD0414_T001_1hao","SD0414_T001_1hao.xlsx","hourly-data-03.zip","995907","974670e89fc6c8726788dffca4d67c6e824af12af29bca26b39269e2a3a980ab"
"SD0414_T002_2hao","SD0414_T002_2hao.xlsx","hourly-data-03.zip","991972","6aed5eb765b7de03c6f75590c0bb5df0ab36030153235c33b317e51a1ab6947e"
"SD0415_T001_1hao","SD0415_T001_1hao.xlsx","hourly-data-03.zip","1000366","00c5490525a8bf6354cd0ba08d4403b2cf27fe9c3443fdd04b21f999d6998b60"
"SD0416_T001_1hao","SD0416_T001_1hao.xlsx","hourly-data-03.zip","979867","8e0fb203bd1cf22f83bc9422109a430a529df2df9e7a3429a4f2e0b412aa83ca"
"SD0416_T002_2hao","SD0416_T002_2hao.xlsx","hourly-data-03.zip","973313","e7396a8916da4ec51d43c0c3c660e332f5b0d1158afec5aa2fe4492d71360c68"
"SD0416_T003_3hao","SD0416_T003_3hao.xlsx","hourly-data-03.zip","971822","57c3998c339b347697abbfbb8431ab31b1e28a55c1d1adf7e3926b5108aca1b9"
"SD0416_T004_4hao","SD0416_T004_4hao.xlsx","hourly-data-03.zip","973816","cb87e25afbf6aa16057d925639f0af6c255c06098a6aafaf55f959743599ab44"
"SD0416_T005_5hao","SD0416_T005_5hao.xlsx","hourly-data-03.zip","973257","cda2eb73ff4fa9498ef12a57c11b0d8cdae32f5b015ac080afb7d50cde7ddc57"
"SD0417_T001_1hao","SD0417_T001_1hao.xlsx","hourly-data-03.zip","984506","9e753de0df956fcc99845b142d2d312e27f01600848377dc696e49e5ba466658"
"SD0417_T002_2hao","SD0417_T002_2hao.xlsx","hourly-data-03.zip","987734","25d8ceca14827416ae6557bc214dc6879c5520ca5578f4836975299bde647a80"
"SD0418_T001_1hao","SD0418_T001_1hao.xlsx","hourly-data-03.zip","984343","d7bd3c1163c0163832cfd351fa88d88a60f33b05a73d3e6d8dbf6512d598d86b"
"SD0419_T001_1hao","SD0419_T001_1hao.xlsx","hourly-data-03.zip","980909","c32c5008f48747022983e52fb968353cb281f097dedbb54962199389fbf7b4ed"
"SD0420_T001_1hao","SD0420_T001_1hao.xlsx","hourly-data-03.zip","981823","75def5a9d9df9a9b1448600bdaa2427eb450ecbf6cdc219e9818b62454973517"
"SD0420_T002_2hao","SD0420_T002_2hao.xlsx","hourly-data-03.zip","978114","c8dc7c04d3d933dc3c16969adaab462e20a2f4fcd3b81e9b6ce62ef9ed98fa63"
"SD0420_T003_3hao","SD0420_T003_3hao.xlsx","hourly-data-03.zip","976355","a59252e32de0fd09831088383d2b6189e47c518a470dae49b05348536a69a2f7"
"SD0420_T004_4hao","SD0420_T004_4hao.xlsx","hourly-data-03.zip","975261","6f35f14f931d46b7f77a099a7ccf8a6256b6b8e176a78d8b9ef953548144dc79"
"SD0420_T005_5hao","SD0420_T005_5hao.xlsx","hourly-data-03.zip","975885","10a40ea144ec9d4418f03c3ba6913375d93097e871cb67c4a0c72d46cb8adc3e"
"SD0420_T006_6hao","SD0420_T006_6hao.xlsx","hourly-data-03.zip","976442","3f726333632bb60c0c558258a0136f12a30bef8ad47e342ba0788d75c99e8a94"
"SD0421_T001_1hao","SD0421_T001_1hao.xlsx","hourly-data-03.zip","996028","e23e7bb45e7b70ccd66073d1be126c86e9fbac3498512572defb38be3d995ae0"
"SD0422_T001_1hao","SD0422_T001_1hao.xlsx","hourly-data-03.zip","994697","27f85c05e6d0e3a0b4a016da9f3cc50a6c69ba545f07a769a8069f64b9902b48"
"SD0422_T002_2hao","SD0422_T002_2hao.xlsx","hourly-data-03.zip","996919","9a73e27191b451032bab99054d117c0deac412c101b8bb578e24a26e3ef92909"
"SD0423_T001_1hao","SD0423_T001_1hao.xlsx","hourly-data-03.zip","998253","511127181f11ec0fac912b69a172995953d286d25df623f22ade32ed3c36cfa2"
"SD0423_T002_2hao","SD0423_T002_2hao.xlsx","hourly-data-03.zip","1000802","f6ca7efe9726fa246e3a3c9dc0890c0ad475197229164d4f1076cd262d368e8b"
"SD0423_T003_3hao","SD0423_T003_3hao.xlsx","hourly-data-03.zip","995951","b96663be30d06be31190874d4e96aa946ff8d28510950011d2528bbb8a6d155f"
"SD0423_T004_4hao","SD0423_T004_4hao.xlsx","hourly-data-03.zip","995931","048dbe0df3a13fec1b44cb914fbfd753a931f3d2e019ac70834a99f0b06282d8"
"SD0423_T005_5hao","SD0423_T005_5hao.xlsx","hourly-data-03.zip","977651","4a77dbc42ccdbf1ab4a5f8ea731eba9352f70d318229585dc9b6b337d27753bd"
"SD0423_T006_6hao","SD0423_T006_6hao.xlsx","hourly-data-03.zip","998800","b7d13a0953abe2ec19eae45a2912058500f6c774ecd99bf5d777b138fe71d499"
"SD0423_T007_7hao","SD0423_T007_7hao.xlsx","hourly-data-03.zip","996943","f8db29eac12575177de179eb4bdbb4e4540f27b9fdd13268dfcb2d84d60c5293"
"SD0423_T008_8hao","SD0423_T008_8hao.xlsx","hourly-data-03.zip","976014","b07595ba63d18a8cffe4bc9f040f152373906c265781c76b9feb87edb9d4f673"
"SD0423_T009_9hao","SD0423_T009_9hao.xlsx","hourly-data-03.zip","999650","9e8afff3c51d89659f359f4296c3e30e4de1780f3942ff3047baa26a59fff387"
"SD0424_T001_1hao","SD0424_T001_1hao.xlsx","hourly-data-03.zip","967294","be177f2ef11a76357154d784fb6cb554f4b9b103c8160adb19277bfe12e7916f"
"SD0424_T002_2hao","SD0424_T002_2hao.xlsx","hourly-data-03.zip","992853","16b1ca325f24563933f026a534ac75fcc741a7122c9bce6149cd92302f241757"
"SD0424_T003_3hao","SD0424_T003_3hao.xlsx","hourly-data-03.zip","967480","90df4c288ecc7fef16fb39d94f648eb74d4f01f4149d0e3b0424002e3fc3db6e"
"SD0424_T004_4hao","SD0424_T004_4hao.xlsx","hourly-data-03.zip","980966","d99a4d6d1632ff87854753214c3a0859897f92834b7a39f4248299318a880e45"
"SD0424_T005_5hao","SD0424_T005_5hao.xlsx","hourly-data-03.zip","989233","36c03d44bb7ee9d80d6f18a838f098baec8128eb31e0a63ad8cfb02adede8f56"
"SD0424_T006_6hao","SD0424_T006_6hao.xlsx","hourly-data-03.zip","997839","49449c85f9eb60ba5c7260c16e364ddc6ee268ff262a28418ef75230215c5dd2"
"SD0424_T007_7hao","SD0424_T007_7hao.xlsx","hourly-data-03.zip","998427","dcce74f20f7804ef08965fd5ea45151df1d1ca548b0ca2ac810985d06deec0fd"
"SD0425_T001_1hao","SD0425_T001_1hao.xlsx","hourly-data-03.zip","992434","16cf6222789bbdf6fa0387366245c1c152074a9c66142685f530d22b4de6c3fd"
"SD0425_T002_2hao","SD0425_T002_2hao.xlsx","hourly-data-03.zip","984286","78b4fa0e26fd8f8ee0cb3939b69e1ca6cdc5a6d3237275d3be03fe89d90e082c"
"SD0426_T001_1hao","SD0426_T001_1hao.xlsx","hourly-data-03.zip","982309","27974c3341e796e292d268a5ffd532ae6b16203da87afea2962f9af9cbc4c099"
"SD0426_T002_2hao","SD0426_T002_2hao.xlsx","hourly-data-03.zip","993544","c829c2e0e5ceb2aa087ffbd5d980bcb973604c387fe52a53ac824303e68fa612"
"SD0426_T003_3hao","SD0426_T003_3hao.xlsx","hourly-data-03.zip","977694","866f0d80c3da2d0e65386e7e34d834eabc373ee01e3dcd2ef7918a77cc3929b5"
"SD0426_T004_4hao","SD0426_T004_4hao.xlsx","hourly-data-03.zip","1011474","28f61f480a9d46aeaa6ee7338e03782a1bef5ae44fcea155df9de694368909cd"
"SD0426_T005_5hao","SD0426_T005_5hao.xlsx","hourly-data-03.zip","979956","00c0f0577f703dec01b8d53078a676896e6aa3178aa70b34f4d3db6c2cc08ebb"
"SD0426_T006_6hao","SD0426_T006_6hao.xlsx","hourly-data-03.zip","995434","5de2995019be98fb897fe096b2c1f90b9a7c657ab98664a1bb37021edf66c5f5"
"SD0426_T007_7hao","SD0426_T007_7hao.xlsx","hourly-data-03.zip","980060","4f04f4f6ac137d22e0209a9716abbcd6f674b16073dd82af9c152ac599961380"
"SD0426_T008_8hao","SD0426_T008_8hao.xlsx","hourly-data-03.zip","979442","3f39b4930d7aa4db124b1bc6bac1dd96499aaa50d6bbc0988767d6d7143682f8"
"SD0426_T009_9hao","SD0426_T009_9hao.xlsx","hourly-data-03.zip","985440","9b6943f6707faaeeed30c7478dbad2f37b7c70d98e8bb7daf8bb4bd0c62e585e"
"SD0426_T010_10hao","SD0426_T010_10hao.xlsx","hourly-data-03.zip","979145","c523f6ee9c6a6b8770d6f9cb593a62045a175e4a1f8d16ef9afb5d87ae51d87d"
"SD0426_T011_11hao","SD0426_T011_11hao.xlsx","hourly-data-03.zip","990472","980a9707ca4d458622af5272ea0c9884b18f3232ebb081ff9aa33d0e0a644cba"
"SD0427_T001_1hao","SD0427_T001_1hao.xlsx","hourly-data-03.zip","984472","dbf36925667c69096be7c74e44d3b09536009034f8068bd9e2ebdb198fd1f8c8"
"SD0427_T002_2hao","SD0427_T002_2hao.xlsx","hourly-data-03.zip","976816","60503e1e5bee6441c71d7412cb907e956a31608aaf9254f6ca7808447598d181"
"SD0427_T003_3hao","SD0427_T003_3hao.xlsx","hourly-data-03.zip","995230","205308cfd4b7137681bde7930b0d5a62320c09a988919c26a3d2adb121ece72c"
"SD0427_T004_4hao","SD0427_T004_4hao.xlsx","hourly-data-03.zip","982074","697dfd42e8138c3afe3bfd946f8abd0bc70a3570020ac7b9ac60372bfe57daad"
"SD0427_T005_5hao","SD0427_T005_5hao.xlsx","hourly-data-03.zip","985533","67703568c6cc6a2dda71e4c30d08be3b0c804ce1d678956c7f3aafbc2901274c"
"SD0428_T001_1hao","SD0428_T001_1hao.xlsx","hourly-data-03.zip","975082","9628e46bf0d4c6394967a2ee590178d780d74a89b41869b7cf6e92c4f04c8ab6"
"SD0428_T002_2hao","SD0428_T002_2hao.xlsx","hourly-data-03.zip","981785","21673e5a705eb15ddfaa2299239fb5b03fdbc3afd15941348af994900d5f9583"
"SD0428_T003_3hao","SD0428_T003_3hao.xlsx","hourly-data-03.zip","977220","c56cdb2953eff7450561d4ae68e4bac23e149ddf0fa5fc47f25648ce82a96d2b"
"SD0428_T004_4hao","SD0428_T004_4hao.xlsx","hourly-data-03.zip","980439","6cfb69112df9c8a0a4969913420676c7648210600d7aada44a3143fe84609214"
"SD0428_T005_5hao","SD0428_T005_5hao.xlsx","hourly-data-03.zip","993807","a6f1a0372fe3b5b68ddce31b9643d62d43cd6989393cd0b3a9f0515ccc35d37d"
"SD0428_T006_6hao","SD0428_T006_6hao.xlsx","hourly-data-03.zip","973421","b28f19ee67b8c72b7892a7bc3ba5a518bc1b0449cfc3d659bb3e3d0c398997b8"
"SD0428_T007_7hao","SD0428_T007_7hao.xlsx","hourly-data-03.zip","981282","3d9e58a9f1dcca4728c7536ea04864532b31bc28b576c024a1e17eba6a547636"
"SD0428_T008_8hao","SD0428_T008_8hao.xlsx","hourly-data-03.zip","978096","fd70ef111dbed5340b7e5a29ab4c669d2dcad31ea99adec9d6e990fa6b64e8e7"
"SD0428_T009_9hao","SD0428_T009_9hao.xlsx","hourly-data-03.zip","977647","1f304a8a30810416eb5a19f915a47d39c1683dcc4272a2c6a78c2557a9c5022c"
"SD0428_T010_10hao","SD0428_T010_10hao.xlsx","hourly-data-03.zip","978163","d99541b2297c52305ee40226fbb96cb796d9ec6e95810cb0016c48a6afaeaaab"
"SD0428_T011_11hao","SD0428_T011_11hao.xlsx","hourly-data-03.zip","976712","7694b7f52799647bcca55b1763fe48ff288253436a1dc03c6aabf4a8ace86a94"
"SD0428_T012_12hao","SD0428_T012_12hao.xlsx","hourly-data-03.zip","974308","8bca3cc53bcf3462eabf2819751010d83babe344c7eb2e356bc37da3d23651fc"
"SD0428_T013_13hao","SD0428_T013_13hao.xlsx","hourly-data-03.zip","979402","1929540db3e897e16c234585c7ad9184c6662b5ef9042c8e7f5f8e68a5e6d6e1"
"SD0428_T014_14hao","SD0428_T014_14hao.xlsx","hourly-data-03.zip","978309","7690091c569aeb830041984b05120c41d82334da77224a6359f310790afb397d"
"SD0429_T001_1hao","SD0429_T001_1hao.xlsx","hourly-data-03.zip","997355","3084bb677397eb9af8f65885e1cb3656538290cbe5fbbb6ffa740d5e0e2072b6"
"SD0429_T002_2hao","SD0429_T002_2hao.xlsx","hourly-data-03.zip","984625","d141b05cb2db5fa5d24b1dffe4f28889fb25eb70b36f2986633874304bc6f7f2"
"SD0430_T001_1hao","SD0430_T001_1hao.xlsx","hourly-data-03.zip","980347","7cc8bcd2232517d2d1a8329c51f8cc9ea0ce7ebfbefa5935e2383e082d68d96e"
"SD0430_T002_2hao","SD0430_T002_2hao.xlsx","hourly-data-03.zip","977301","9faa2e1e0d30e70dc7671205349d88e032fc48a9b9668b7a1ebb15134f0586b9"
"SD0430_T003_3hao","SD0430_T003_3hao.xlsx","hourly-data-03.zip","826936","7a0a8586fd7064bf47a7a82d168d4ae3f79662b72efea5a0e791823acf5f5d6b"
"SD0431_T001_1hao","SD0431_T001_1hao.xlsx","hourly-data-03.zip","1003736","78c4adf36cf345600b91ff1db1f49ab183657b22ce5020bd81f2d96ca7e56855"
"SD0432_T001_1hao","SD0432_T001_1hao.xlsx","hourly-data-03.zip","996424","1fea6e449f9161722fd191c77b505faded7112c4d3675ceacd0c5add0a993af7"
"SD0433_T001_1hao","SD0433_T001_1hao.xlsx","hourly-data-03.zip","990329","fdf23aa4f20f1ebe3d2659aad979243b9584f3bec70cd334ba49a6d0040fac24"
"SD0433_T002_2hao","SD0433_T002_2hao.xlsx","hourly-data-03.zip","986292","2257225f0c873a4f0510ea91e395ac39a64ada720cab3178650f270b245e614a"
"SD0434_T001_1hao","SD0434_T001_1hao.xlsx","hourly-data-03.zip","981112","d24d410498ab2fb679b54c035a148eb80f3aa4c6f0d9754888137e6c18ae2c75"
"SD0434_T002_2hao","SD0434_T002_2hao.xlsx","hourly-data-03.zip","989636","ed7256fe3c22226e1f521b166321bff31e5df1827db233d61f96b72114bac2f7"
"SD0434_T003_3hao","SD0434_T003_3hao.xlsx","hourly-data-03.zip","998443","7fc6e98fcf69b93617fc878a20fa889710c62a45fee5e163ff479396cb870623"
"SD0435_T001_1hao","SD0435_T001_1hao.xlsx","hourly-data-03.zip","1003306","d2e4c8fe7f569055bcd45be51db580ecfce859795b60d570683403117977466a"
"SD0435_T002_2hao","SD0435_T002_2hao.xlsx","hourly-data-03.zip","993919","fe128652d9af64c2087e775c1365f10451e64c326630e49a20c3df24d652566e"
"SD0436_T001_1hao","SD0436_T001_1hao.xlsx","hourly-data-03.zip","994138","f040bb6fc2e851dd00524d89758b0d9e5d6c54365c08bdbb94ac795b5a4ab4c2"
"SD0437_T001_1hao","SD0437_T001_1hao.xlsx","hourly-data-03.zip","996815","80da14e1abb71a603f8a552ed0c63a6862a3fa2907eec449a608e2a4aabae846"
"SD0438_T001_1hao","SD0438_T001_1hao.xlsx","hourly-data-03.zip","974626","5d00ee5ca613b65e3d086115c99b347b71c4f0c9850224efb50175aa5652ffdb"
"SD0438_T002_2hao","SD0438_T002_2hao.xlsx","hourly-data-03.zip","973079","5a08a8e8d5d49cf9e74d7d1b30c3c230c11e563a9c9d6f5e8c6221751288e059"
"SD0439_T001_1hao","SD0439_T001_1hao.xlsx","hourly-data-03.zip","1004194","0b37c7f7c7b66e141e7594e519bccf4ac7713ebe87e094d95ced40f926b117a5"
"SD0440_T001_1hao","SD0440_T001_1hao.xlsx","hourly-data-03.zip","993580","4ecbb051b82385b0fbf47e63ccb398a40ed166a6f5b1c43e1d7a10c9f50c9636"
"SD0441_T001_1hao","SD0441_T001_1hao.xlsx","hourly-data-03.zip","977240","9d2593bea6fb467c65ba6b39dc03b2c1a7343315cad3482be71da13d509d4717"
"SD0441_T002_2hao","SD0441_T002_2hao.xlsx","hourly-data-03.zip","979125","608bdeb73c0ae8894172f123d9bccb3e4f00d5e510f059d10cf98b618cad0a1f"
"SD0441_T003_3hao","SD0441_T003_3hao.xlsx","hourly-data-03.zip","976979","fcd4fd193f6ceed84d8b7612bb1bd22f6236a14052a10cacef22f27d6bfb492c"
"SD0441_T004_4hao","SD0441_T004_4hao.xlsx","hourly-data-03.zip","979281","cdb595658be4499357f4f5d129e28299cfb48c7061e2be6642e5558ed441d594"
"SD0441_T005_5hao","SD0441_T005_5hao.xlsx","hourly-data-03.zip","978473","073b1e3b22cba4edaa09f81bf10dcc00b5e5af427d08e042884be70511eb70ce"
"SD0441_T006_6hao","SD0441_T006_6hao.xlsx","hourly-data-03.zip","979954","19815cd4d5711070b2a1118ed1f747b61c7d4168d4a2d5e2ded8712cd7a1640c"
"SD0441_T007_7hao","SD0441_T007_7hao.xlsx","hourly-data-03.zip","981473","219d075f4ce5596a520d9825c9ba4bfe70cbb39802344ea72ec250257e584ce0"
"SD0441_T008_8hao","SD0441_T008_8hao.xlsx","hourly-data-03.zip","980868","bd588c1e63c28b1cc7bcfe0700817fa0a4c8c0b6c0a30fe66d58f3a772a20bbc"
"SD0441_T009_9hao","SD0441_T009_9hao.xlsx","hourly-data-03.zip","980769","a1c8349c3194475c4dd94c8a444a8b6e91297f95803fb0c09b2232e98af9b208"
"SD0443_T001_1hao","SD0443_T001_1hao.xlsx","hourly-data-03.zip","984836","0cd50dda0b1414721864ace2d5eb590312ab6e49c43e2ab54624b97751159930"
"SD0443_T002_2hao","SD0443_T002_2hao.xlsx","hourly-data-03.zip","984257","0bb29ff329466aff5eb8ec00f9ffc332dfe7f4dd861b7e66298753e8a027a7a6"
"SD0444_T001_1hao","SD0444_T001_1hao.xlsx","hourly-data-03.zip","987472","bb5518b8512536387aa99b8cbe0488099788e70183f285fa52a29e10f2ea8f20"
"SD0445_T001_1hao","SD0445_T001_1hao.xlsx","hourly-data-03.zip","988418","a9125e74df3b9425ddbf8adba34ce369076c287f1baefcf3e81cc9f2318e823b"
"SD0446_T001_1hao","SD0446_T001_1hao.xlsx","hourly-data-03.zip","979182","f4b6c7d571947ff4b840b3c5e068c0f882bc4704636ea4e11b78b28f116a5226"
"SD0446_T002_2hao","SD0446_T002_2hao.xlsx","hourly-data-03.zip","996586","c8402cffdb7db9102abade11fe1186d571648595a9f921b587198cfcdcfdcffa"
"SD0446_T003_3hao","SD0446_T003_3hao.xlsx","hourly-data-03.zip","1001648","47471aa483627e143c7e115bdd420dc800140d16804f299a0018774fd045a826"
"SD0446_T004_4hao","SD0446_T004_4hao.xlsx","hourly-data-03.zip","979939","ebafa65a7f1524c8d51ae727348d7b989107d2a9d99423b63b1658b0adef3b67"
"SD0446_T005_5hao","SD0446_T005_5hao.xlsx","hourly-data-03.zip","988299","0212ae31a7b61856aeccdd56544a910d23999ac1147ba12f35b50ef3d7db1dc0"
"SD0446_T006_6hao","SD0446_T006_6hao.xlsx","hourly-data-03.zip","994244","316a519c7f89874256c751b330dc45d50ff1c0e915a1ae690133e3cfe1a73e41"
"SD0446_T007_7hao","SD0446_T007_7hao.xlsx","hourly-data-03.zip","984615","873f7444fae8635150225da679f8cc2a71cbf31d8bf050426dd837ebe65161d8"
"SD0446_T008_8hao","SD0446_T008_8hao.xlsx","hourly-data-03.zip","978387","a56de10de4e34c373d736d8f6857b288b3b481e52d6d9a442d29129c2a6e3e7b"
"SD0446_T009_9hao","SD0446_T009_9hao.xlsx","hourly-data-03.zip","986410","99e17b75facff8657e77722c2ac1ecb4e036ed11686e28f6c04580ce17b17773"
"SD0446_T010_10hao","SD0446_T010_10hao.xlsx","hourly-data-03.zip","988747","314c119a45a46e84ea4ca1eeb2bf3a75e7551c17a7a943f2cca288728a2248ee"
"SD0446_T011_11hao","SD0446_T011_11hao.xlsx","hourly-data-03.zip","980045","1a1c449dd9938718e9a8784c3866f52ea6032cdc0a096f084b962facbac79bb9"
"SD0446_T012_12hao","SD0446_T012_12hao.xlsx","hourly-data-03.zip","975803","72ab26c94bc410dac4a3fab16ee8b26bbe8f84faded2e9bd08c1dd55f9bb0610"
"SD0447_T001_1hao","SD0447_T001_1hao.xlsx","hourly-data-03.zip","984512","02bca935f5a37448a99cff279e90f96908bc89bfad35ff2df6822ce87129acda"
"SD0448_T001_1hao","SD0448_T001_1hao.xlsx","hourly-data-03.zip","974425","b097f6ee1a886f13633cd74a2f8061712e7f213e91ed02eab783e65d93531e5a"
"SD0448_T002_2hao","SD0448_T002_2hao.xlsx","hourly-data-03.zip","979222","8996d4d6821c73faea2754f356357d3af6db2ceaac03c6426449d6c6dfdfaffe"
"SD0448_T003_3hao","SD0448_T003_3hao.xlsx","hourly-data-03.zip","971344","60ef685a553be39cff6326779ac5e38e52a253a3932adaded54292e59c85942a"
"SD0448_T004_4hao","SD0448_T004_4hao.xlsx","hourly-data-03.zip","968944","24be5e7b2ff67a0372c4271c2348b54cdc02b333e85cc31f896e5149e5c05077"
"SD0448_T005_5hao","SD0448_T005_5hao.xlsx","hourly-data-03.zip","975373","32d479ef7bf30c765a218b6e6d022b9f5d9b79223fa6eaabac01b965770583e8"
"SD0448_T006_6hao","SD0448_T006_6hao.xlsx","hourly-data-03.zip","971603","5021c2ec1b4e2df249f66cbdb793c82098ba065644a1cd11a1f9a9f02b147d28"
"SD0448_T007_7hao","SD0448_T007_7hao.xlsx","hourly-data-03.zip","971772","1c220c26f6668bd5beaa4876b64b3a05565d94b1bdea15b22893ec84766b6a4d"
"SD0448_T008_8hao","SD0448_T008_8hao.xlsx","hourly-data-03.zip","971549","d17ff9998228bb71b31ca6a3582a804ff8ae48b2e66fa7c9f7e3c227bdac8dfd"
"SD0448_T009_9hao","SD0448_T009_9hao.xlsx","hourly-data-03.zip","971538","44029250fa14054d328beec992909fcf38dc661c419f79377997aa75f1e4456d"
"SD0448_T010_10hao","SD0448_T010_10hao.xlsx","hourly-data-03.zip","971515","461cd672a3228389b3c9fb98217e64c3c7089424d8585ba2a8aafb7a6ec023a6"
"SD0448_T011_11hao","SD0448_T011_11hao.xlsx","hourly-data-03.zip","976219","385b446d1201f815ccbd94268edaaa684caa32f7fc77a03211ab1dda189b3433"
"SD0448_T012_12hao","SD0448_T012_12hao.xlsx","hourly-data-03.zip","978830","730dba4c9099608096863bf184fe38fb9e8ff5d47c4ab86441e7411087d7ebcc"
"SD0448_T013_13hao","SD0448_T013_13hao.xlsx","hourly-data-03.zip","977125","20a6443d5bea7bb9be1dd63e8da5fe5aa36d0073648e80ceff50801bd8949811"
"SD0449_T001_1hao","SD0449_T001_1hao.xlsx","hourly-data-03.zip","985323","6477088c44aba8cafc0d318bb5586d119cac46c6191c1c552cab0fd4cd7ae150"
"SD0450_T001_1hao","SD0450_T001_1hao.xlsx","hourly-data-03.zip","982324","65c0518032713bf07818c3b01bcc6e14cc1d298ac100d2f5d714e6e5617780d1"
"SD0450_T002_2hao","SD0450_T002_2hao.xlsx","hourly-data-03.zip","995123","96a7622ce97ebff34c367487762e323b5373fdd4c93cdd91440d9ce461e17424"
"SD0450_T003_3hao","SD0450_T003_3hao.xlsx","hourly-data-03.zip","995496","6f35e808478a609314f06d28a525a86598a5181e106ec362eee368c953c7b9a1"
"SD0450_T004_4hao","SD0450_T004_4hao.xlsx","hourly-data-03.zip","999732","0643d087f7fe7e7a8278dbf2046d2e95c4e63d82226f944347acb07f6e58ca3a"
"SD0450_T005_5hao","SD0450_T005_5hao.xlsx","hourly-data-03.zip","995172","c3d8ceb9ecd3a0b7ab83289db3511a180d77a7e5c02a5bdf437ac54b7200ab96"
"SD0450_T006_6hao","SD0450_T006_6hao.xlsx","hourly-data-03.zip","984136","9a9891d4ba37232e882a9945522a0cdf267bfad651491a6bf72fcf0558977149"
"SD0450_T007_7hao","SD0450_T007_7hao.xlsx","hourly-data-03.zip","994554","829c8e868f95ac06779a188effac732965fbe902265e33dc62cd985c7cc47be6"
"SD0450_T008_8hao","SD0450_T008_8hao.xlsx","hourly-data-03.zip","980507","7f1e3cb7a2f75f490b047965294944694bbec3425fd4dbf0844f6cb1b4bedaf0"
"SD0450_T009_9hao","SD0450_T009_9hao.xlsx","hourly-data-03.zip","974966","08e8c023c1e835ef26dad59b035ab0970637e92946bf1a8aa495383967a2a9ef"
"SD0450_T010_10hao","SD0450_T010_10hao.xlsx","hourly-data-03.zip","995484","ae2a390c1a6f6f63f178193d421b5a29c74345a5154e357e4e76911bfcfd2c70"
"SD0450_T011_11hao","SD0450_T011_11hao.xlsx","hourly-data-03.zip","994933","b6db60ae2f95101d4994f9455865962a3d41216aa9539da113b0347637fb77d7"
"SD0450_T012_12hao","SD0450_T012_12hao.xlsx","hourly-data-03.zip","987478","9d89e00ebf93eed00e7cb422b39c832ca8d48bc15d1fb588bfb33d490a8a6e15"
"SD0450_T013_13hao","SD0450_T013_13hao.xlsx","hourly-data-03.zip","993856","8fea4b262411e698ebcfd2f6628c68d3f0f339f32fea3b36f79cc94de6a05d80"
"SD0450_T014_14hao","SD0450_T014_14hao.xlsx","hourly-data-03.zip","983276","20a28b08cc148f19cba52391fc65b53b94029db975ceb4ff06d7e4dfab184f4c"
"SD0450_T015_15hao","SD0450_T015_15hao.xlsx","hourly-data-03.zip","997346","8cccbf4034d4cb483be2057f74595577c0a3fcde8072490a8d4471f056c89460"
"SD0450_T016_16hao","SD0450_T016_16hao.xlsx","hourly-data-03.zip","1002980","ad89410cd1db0a5f2c89b4029638e38c7ac31034eb97c81e2b7e3d09038876c6"
"SD0450_T017_17hao","SD0450_T017_17hao.xlsx","hourly-data-03.zip","1001037","7975a71cd3d6dc15b58e281688f3e41d5ad497aa5ec94fd2871884ce1d9cfa5b"
"SD0451_T001_1hao","SD0451_T001_1hao.xlsx","hourly-data-03.zip","975455","4c2e50a8c57a4570d0417ad62c6b71c7596b61420ef5d54695eb10438678c8e6"
"SD0451_T002_2hao","SD0451_T002_2hao.xlsx","hourly-data-03.zip","822054","56b6d0aba4662285d9020966c14646e3072be92548b3b6a5a9c65b10fdf66a75"
"SD0452_T001_1hao","SD0452_T001_1hao.xlsx","hourly-data-03.zip","981829","514e3bb9df6e6259fde3da8f2a46cebf1f8880a4927c23d6f8271e49f859cced"
"SD0452_T002_2hao","SD0452_T002_2hao.xlsx","hourly-data-03.zip","979776","c1611c4265391ade02358c2d0c2d38e2179540793f802d036b7e89e6393a17e6"
"SD0453_T001_1hao","SD0453_T001_1hao.xlsx","hourly-data-03.zip","990593","ff4665b68fa97e5412a703b6b7cb4b6c834fd01d270d3c0b25c0d386a3319a4c"
"SD0453_T002_2hao","SD0453_T002_2hao.xlsx","hourly-data-03.zip","824680","83a40d92da9b74596ba2b4f71b29a8c9abf2be17914f1b1f6b2d6283bae3b033"
"SD0454_T001_1hao","SD0454_T001_1hao.xlsx","hourly-data-03.zip","981289","4d0ed4310185ae1259bafa6c660fc56a123bab3077661bc39f5b07a6cdf38283"
"SD0454_T002_2hao","SD0454_T002_2hao.xlsx","hourly-data-03.zip","820837","cc99e598ca21e2d160013ad7c45c9a4bd88eb85bfe5c315215feeb9625ab98a9"
"SD0455_T001_1hao","SD0455_T001_1hao.xlsx","hourly-data-03.zip","988566","410206494e0bef9291773b6132674483a646463a45cef5828a6419a3ee0bb7e2"
"SD0455_T002_2hao","SD0455_T002_2hao.xlsx","hourly-data-03.zip","982497","b54276ee0e81f4f1a406c73b5d97ebb1ebb776645f2ce3589afcb4df9298b772"
"SD0455_T003_3hao","SD0455_T003_3hao.xlsx","hourly-data-03.zip","991246","44a5250dc009161cfb255432a415ac0483e3668c7e49a7ffa74dabf5edfda9d4"
"SD0455_T004_4hao","SD0455_T004_4hao.xlsx","hourly-data-03.zip","993352","b534fb659a3b0f87012fa59882075847042947cce6ed2f3d39bd8492331f35a0"
"SD0455_T005_5hao","SD0455_T005_5hao.xlsx","hourly-data-03.zip","972107","32a95c4523c2686fce0bc1648f30d7b559c3168baef0381ac15ebae32fcb02f6"
"SD0455_T006_6hao","SD0455_T006_6hao.xlsx","hourly-data-03.zip","991221","e1000edce8a23e81807f4ba531cedcfdf0947437da09874d6b30b371e9863ba9"
"SD0455_T007_7hao","SD0455_T007_7hao.xlsx","hourly-data-03.zip","976859","d40a212ff055f02a18c8fd1d4e0d41395870b5cb895756b6b3537cbe7fabcb05"
"SD0456_T001_1hao","SD0456_T001_1hao.xlsx","hourly-data-03.zip","971006","f78576eff9adb1334aee51185f569f0dd03ae9785ef8bd7476873e473c41cdf8"
"SD0456_T002_2hao","SD0456_T002_2hao.xlsx","hourly-data-03.zip","972514","9cbdaa1929a54afba2c3723f8ff476dc9a7967289ad04567519d29222b57aed5"
"SD0456_T003_3hao","SD0456_T003_3hao.xlsx","hourly-data-03.zip","977801","249d894f6d87b7c4b11e3de6f2077e3081c999b82cc18204d79034d270b4c3c0"
"SD0457_T001_1hao","SD0457_T001_1hao.xlsx","hourly-data-03.zip","1000552","14c1248d9e361c9a07d1e4c0d52ea148e39ddab69fbb92cff48b7f35ea0291ed"
"SD0457_T002_2hao","SD0457_T002_2hao.xlsx","hourly-data-03.zip","985829","6f5826a10414bdfe6f846f1e51c59c17bea5b5840ba623ed01ffbaca5747662d"
"SD0458_T001_1hao","SD0458_T001_1hao.xlsx","hourly-data-03.zip","986061","6d074c37a996bf91a41f82909b439b0c15eabb3a28bfe79aa382af70b0e5cb72"
"SD0458_T002_2hao","SD0458_T002_2hao.xlsx","hourly-data-03.zip","979424","5a5ff492ceae68263e341587e23306d7fd623706dd20453abcf5cce8a513ba85"
"SD0458_T003_3hao","SD0458_T003_3hao.xlsx","hourly-data-03.zip","972396","243bbd957ef5e65676539ba7416af374633b481f03f32d96b520a52cc0530eef"
"SD0458_T004_4hao","SD0458_T004_4hao.xlsx","hourly-data-03.zip","967869","ef65a00d81a863ca8361e2b5cb82143e68b0b004c1bf1836a7cc26f44b7a98b6"
"SD0458_T005_5hao","SD0458_T005_5hao.xlsx","hourly-data-03.zip","968172","e856accd0b0dac355eef11cc5a871ba7b589e738ac0b6bee1671ae6d5dcc3935"
"SD0458_T006_6hao","SD0458_T006_6hao.xlsx","hourly-data-03.zip","979489","b973b6dea3eba7e1dcb201e958c61b9633711e2a5df6f5df43e509560d9f9bc3"
"SD0458_T007_7hao","SD0458_T007_7hao.xlsx","hourly-data-03.zip","968093","25814c17349cd793652adcfacdfd393f8e9eeafb111a975e9d2049ad288730fe"
"SD0458_T008_8hao","SD0458_T008_8hao.xlsx","hourly-data-03.zip","971762","8fba44357e4d6bc7557f6965b83312f5bfffd6df2062809e9fe1398d58b733fc"
"SD0458_T009_9hao","SD0458_T009_9hao.xlsx","hourly-data-03.zip","970840","c1aac297e72f619affc1250e2e045080526dd92d8b57fb42da7b291da6f78868"
"SD0458_T010_10hao","SD0458_T010_10hao.xlsx","hourly-data-03.zip","971599","98ba0ed4f3deadf5d63ce32b26caa63c154059f594cbae06a8137b03633a83d1"
"SD0458_T011_11hao","SD0458_T011_11hao.xlsx","hourly-data-03.zip","972284","6b2d649bb027cc10c6fc6340db79506856b963052e21e5ec09e0ab6fe4242995"
"SD0458_T012_12hao","SD0458_T012_12hao.xlsx","hourly-data-03.zip","971325","a08ef94312fc903531e4eb06ef61b493875e1389e625f53cd8603a40ab0b3171"
"SD0458_T013_13hao","SD0458_T013_13hao.xlsx","hourly-data-03.zip","971763","1d3cc6f8f242cb6d03c8b6b704853309243518d67c1117284987411bde66514d"
"SD0458_T014_14hao","SD0458_T014_14hao.xlsx","hourly-data-03.zip","981444","6667bf25c69426454a5896273cad9970f430f42bbccb64f6ce831387567e5e9d"
"SD0459_T001_1hao","SD0459_T001_1hao.xlsx","hourly-data-03.zip","981681","867076fcd6ee96315c7f75596e09e8b33ba286ade278f74f9c16dab932c5ea4f"
"SD0459_T002_2hao","SD0459_T002_2hao.xlsx","hourly-data-03.zip","977435","75c54470ce2e7f8d95ccfad4d9d5996a763d490d55e55d9ea6223cf4df7b6dd9"
"SD0459_T003_3hao","SD0459_T003_3hao.xlsx","hourly-data-03.zip","990377","4d6ede4cb7f5ecfee10eadd820aa506ed75c66b1c82e2a5d7cfc88032b90ab64"
"SD0459_T004_4hao","SD0459_T004_4hao.xlsx","hourly-data-03.zip","986749","37c365099521e3d4fe81972408a4a744996fb2a8445ad88c28dfc9a9de5b2f21"
"SD0460_T001_1hao","SD0460_T001_1hao.xlsx","hourly-data-03.zip","973224","a162de8ea4cc1a73d5a37ed83941140825a6db443c03a9af3b17e22410e40e45"
"SD0460_T002_2hao","SD0460_T002_2hao.xlsx","hourly-data-03.zip","978966","f988dcc588db466663d9053ac2d864e06191e4e183a698feb0c387ec5d15de67"
"SD0460_T003_3hao","SD0460_T003_3hao.xlsx","hourly-data-03.zip","815876","860fbc0c056a82c4897bd1cb3ee91a57912fc1732eefba4d60adc373c6d1661f"
"SD0461_T001_1hao","SD0461_T001_1hao.xlsx","hourly-data-03.zip","983329","d8b1930ba61f3ba55a0d244c18e877f757ccfba1960b3e0dd73be0818e4ba8c2"
"SD0461_T002_2hao","SD0461_T002_2hao.xlsx","hourly-data-03.zip","981256","327df451b693601f9e1454e5f54000216f768189d34ba07927c9dc5a68be4473"
"SD0461_T003_3hao","SD0461_T003_3hao.xlsx","hourly-data-03.zip","991217","472563ab55188497f84cccfae76ae43d0c8b2e69451e4f9d332fa0a0e9a1f7f2"
"SD0461_T004_4hao","SD0461_T004_4hao.xlsx","hourly-data-03.zip","980165","20376d22edd2fc1632a242edfbfc1d9e6557cdc8213979d5a54f1ff0fbdc9119"
"SD0461_T005_5hao","SD0461_T005_5hao.xlsx","hourly-data-03.zip","992923","aedfff7572633e18a6047263d5651a1c03752b3a21b11c4c09951d17aa0178f4"
"SD0461_T006_6hao","SD0461_T006_6hao.xlsx","hourly-data-03.zip","985702","6629bf6c037b7ff39d14b298793770bd399ec520e7729c5b25970e886b13d91a"
"SD0461_T007_7hao","SD0461_T007_7hao.xlsx","hourly-data-03.zip","973724","852948f4ca2425f4c6b6e3cbd9d93fe786f46510483e4d81825bb5b47f7442b2"
"SD0461_T008_8hao","SD0461_T008_8hao.xlsx","hourly-data-03.zip","978313","953615a9e28da4887fc8794e9671eedbb8abb1578eebfb7599cb4c24e27162d2"
"SD0461_T009_9hao","SD0461_T009_9hao.xlsx","hourly-data-03.zip","977500","05215d679b4be8fed4a67e1808df9c472a582fe5712b013193001e32fbbd93f8"
"SD0461_T010_10hao","SD0461_T010_10hao.xlsx","hourly-data-03.zip","980630","7de8177920b3f07dcf91daf4187876d100ab308888de8232c400a08e02b911f4"
"SD0462_T001_1hao","SD0462_T001_1hao.xlsx","hourly-data-03.zip","984785","a91004daad63dd2dd89f2b2a194362253007cba05255c95277dd2ab50b5e1456"
"SD0462_T002_2hao","SD0462_T002_2hao.xlsx","hourly-data-03.zip","1001655","b8e35032a2c85ea120e1ce27b47e1726fd513f1c3ea3b0857af895b1a8e0507d"
"SD0462_T003_3hao","SD0462_T003_3hao.xlsx","hourly-data-03.zip","999245","dcb7c6e1b1a9e32920f1a4448dec046a4182c8452f4c39c413bff324805634b7"
"SD0462_T004_4hao","SD0462_T004_4hao.xlsx","hourly-data-03.zip","985090","2185aee45821b3b004acfb3a91802553b5761a610afdc360000a0cd0f5cc2e69"
"SD0462_T005_5hao","SD0462_T005_5hao.xlsx","hourly-data-03.zip","822927","aac73c88ac14e2f8be2f7db7b2fbe68f8f9772bbd23929e3b17a00e767325143"
"SD0462_T006_6hao","SD0462_T006_6hao.xlsx","hourly-data-03.zip","1000122","5b83c24c5f0485084725b59c1aca6042790a837f236c81c328de9a38d6a3835f"
"SD0462_T007_7hao","SD0462_T007_7hao.xlsx","hourly-data-03.zip","1000712","d2044eceacb683d964f0dc4c21ec251421b364c36ea1885fafa4ccbc3864dde1"
"SD0462_T008_8hao","SD0462_T008_8hao.xlsx","hourly-data-03.zip","970952","a692d2f710118e8ca3d38e0b0f88a2e2daad856f3cedc343240e5ae7379c8177"
"SD0463_T001_1hao","SD0463_T001_1hao.xlsx","hourly-data-03.zip","995104","ca05fc3404d56466b2fac73f97e8f5be93fdb325ccdfee29885afeb56d524228"
"SD0463_T002_2hao","SD0463_T002_2hao.xlsx","hourly-data-03.zip","998963","8e180bc183faaeb278f42ccc3a26305d5a68e8d1a94aa6b79dfe84b53cc31b4a"
"SD0463_T003_3hao","SD0463_T003_3hao.xlsx","hourly-data-03.zip","980261","2ce404ed21b69b68072c7e829b5225ac0ca2dd84447dbe118c77ccb244140bfb"
"SD0463_T004_4hao","SD0463_T004_4hao.xlsx","hourly-data-03.zip","985745","bd94207aa356685ec7c48a43b9ccdfe34dcee8d473a6ff2efcc4178569183705"
"SD0463_T005_5hao","SD0463_T005_5hao.xlsx","hourly-data-03.zip","977820","46bca7e80bc15e587667b9236129c94b672132e98beb033f04565c36a77db35b"
"SD0463_T006_6hao","SD0463_T006_6hao.xlsx","hourly-data-03.zip","981522","9ac0e6f60b2e95ff57fc2ce1180c11889edd6298b14b95eb12e779948d1a2b5a"
"SD0463_T007_7hao","SD0463_T007_7hao.xlsx","hourly-data-03.zip","1000613","697c13b40e08f03a461090ceaed42cdd164cacfef64f02e661670135eafe4c9d"
"SD0463_T008_8hao","SD0463_T008_8hao.xlsx","hourly-data-03.zip","986896","4d25e865d63378a7298f165d82d751a7835dccda4ab8b496793bebfde3c1a424"
"SD0463_T009_9hao","SD0463_T009_9hao.xlsx","hourly-data-03.zip","985554","c0bd7fe7b96d9599655b4660c7cf4ebe02ca94fadd906f47af2d77e91b1e6f87"
"SD0463_T010_10hao","SD0463_T010_10hao.xlsx","hourly-data-03.zip","986035","34bc8d9a9e18044d3fe4c456fe788e8842abc6f618e05fdb8df71a90ee4a24fb"
"SD0463_T011_11hao","SD0463_T011_11hao.xlsx","hourly-data-03.zip","984874","57206befa718594e62fb6ae686bc96de110f6308c803a2b011448bee0ee76408"
"SD0463_T012_12hao","SD0463_T012_12hao.xlsx","hourly-data-03.zip","996429","f2342f9bcae6bdb0e890163f9104b342cb1ff8a25a3426f2208e359228dba59b"
"SD0463_T013_13hao","SD0463_T013_13hao.xlsx","hourly-data-03.zip","996967","ea058456dea791596b3ca1d11010b32e443ab5f51cca6ca1f9cd6a0b83323b6c"
"SD0463_T014_14hao","SD0463_T014_14hao.xlsx","hourly-data-03.zip","1002740","0dceb61f78ef331c4c6e795dadafcb01e1cc542ed0c7c9c6806a07a7f8e1b4d5"
"SD0463_T015_15hao","SD0463_T015_15hao.xlsx","hourly-data-03.zip","982726","6c174a6b4b941d2eae0fa2987b865067d36f39f928c2920330d85307d07b2208"
"SD0463_T016_16hao","SD0463_T016_16hao.xlsx","hourly-data-03.zip","994927","75273814c5363c2d4cb69360fde0fbb6483baeaa5ba472b0ac812316262650a7"
"SD0463_T017_17hao","SD0463_T017_17hao.xlsx","hourly-data-03.zip","977422","50e05c950325b77d72a54a36c4ed38c3c7fc5e642b900a6eac496de56562c54f"
"SD0463_T018_18hao","SD0463_T018_18hao.xlsx","hourly-data-03.zip","976952","e488c06830fc6c28484a22d7c10818f4c808fe882411f2567dfc3ab96a407913"
"SD0464_T001_1hao","SD0464_T001_1hao.xlsx","hourly-data-03.zip","983703","5a3b7aa18ba66cd423d4e7c482aeee527b6420a1e564e15127db47cc3c705d87"
"SD0464_T002_2hao","SD0464_T002_2hao.xlsx","hourly-data-03.zip","989031","00b5b93a180b9eb69d494f3179ea214739074c98282c554463d62eac8264b0a0"
"SD0464_T003_3hao","SD0464_T003_3hao.xlsx","hourly-data-03.zip","983328","b8e8a70de063abed952579aa39aa0f8ff5b1e2605eedc8709dbf445b63a1413b"
"SD0464_T004_4hao","SD0464_T004_4hao.xlsx","hourly-data-03.zip","993731","bff40e641f8d61187fda4064d2bc29d2df7b8f7c18ce06c06514fe5a020c4ca2"
"SD0464_T005_5hao","SD0464_T005_5hao.xlsx","hourly-data-03.zip","993911","43c7cdc106ef354ae23ccd0d3b0f2cd881a66b7711339018aac7754d3d694bed"
"SD0464_T006_6hao","SD0464_T006_6hao.xlsx","hourly-data-03.zip","975071","01061fd5d37f4c93655a50ca4b586fc2156a96eb6411bf55e11c8c9a5b8fb684"
"SD0464_T007_7hao","SD0464_T007_7hao.xlsx","hourly-data-03.zip","986473","4790b36143b7a23cdc5f8eb5ce305f05d28e885855ead8b2dd3ffec535a7812a"
"SD0464_T008_8hao","SD0464_T008_8hao.xlsx","hourly-data-03.zip","973357","e0e1cb8221aaa3694d10765d668591cef1e459daa73a3d039547fbd39b543ef4"
"SD0464_T009_9hao","SD0464_T009_9hao.xlsx","hourly-data-03.zip","977479","738163585691bec9181c45049f1f008a93929ef3b1011e994e985005047b8f50"
"SD0464_T010_10hao","SD0464_T010_10hao.xlsx","hourly-data-03.zip","984759","0808b81540085d3098951ff75e89e986ed525503d0a50807cc66a60f720346d1"
"SD0464_T011_11hao","SD0464_T011_11hao.xlsx","hourly-data-03.zip","991147","8f372ffccd01f8ccbeed28214a1f1b4e1452c4f0a22f721e61d5c7079424dbba"
"SD0464_T012_12hao","SD0464_T012_12hao.xlsx","hourly-data-03.zip","984076","bd16d1833caf61db85a179da8fb02676a0f2b74ec28d224c0efb085eef2fc061"
"SD0464_T013_13hao","SD0464_T013_13hao.xlsx","hourly-data-03.zip","984901","8505eb588cecf0ab33ad144623c750e0c0b219ca516cebc2bcdbd65fb62bc9a0"
"SD0464_T014_14hao","SD0464_T014_14hao.xlsx","hourly-data-03.zip","1006406","93eba2d345f0af28dd8aa6f103034025644749bc30465fef6cfc877ac7496191"
"SD0464_T015_15hao","SD0464_T015_15hao.xlsx","hourly-data-03.zip","984071","ef06cd6ec4cd788c5a71e0bf4fcc4c1f5ecc634475f79903ac749bc0a942240e"
"SD0464_T016_16hao","SD0464_T016_16hao.xlsx","hourly-data-03.zip","975642","54a10f204bff935af1406aa799316dd821f16bfe981ef95ab1d606a5697ca811"
"SD0465_T001_1hao","SD0465_T001_1hao.xlsx","hourly-data-03.zip","979642","2fe6ef58988c0d5e14b978f6332c86f8d0bb930ab6ebcd253b48cf2bae4c5d94"
"SD0465_T002_2hao","SD0465_T002_2hao.xlsx","hourly-data-03.zip","999833","f10e02483cb83c54aee1e691bd9acb2fd4a8e4e699903ffd10773671013fcd44"
"SD0465_T003_3hao","SD0465_T003_3hao.xlsx","hourly-data-03.zip","976483","3b8d771dc9ca400371058a501431ef41708bd00261fb18ce803732e39d91e7e7"
"SD0465_T004_4hao","SD0465_T004_4hao.xlsx","hourly-data-03.zip","981886","5c84e7379cbad0c4989f2a8c3185b6995b8146bbc288b79fa7f264b6418c6058"
"SD0465_T005_5hao","SD0465_T005_5hao.xlsx","hourly-data-03.zip","994835","f57d1510de855a08b015b3163a80639076c4befb56b7b43c46eb7f4a24488d2a"
"SD0466_T001_1hao","SD0466_T001_1hao.xlsx","hourly-data-03.zip","977403","36de65de6be274bdcc0ea82fd67b595061150af5073938468ad7287a0762125a"
"SD0466_T002_2hao","SD0466_T002_2hao.xlsx","hourly-data-03.zip","979547","184963aec794fd39a2462b4a649081436f9996d8278f178c102ffde12d3e475d"
"SD0467_T001_1hao","SD0467_T001_1hao.xlsx","hourly-data-03.zip","999582","45e58ee87a621404e7de8fbe86b357b3e6ffffb7f10ad63867f4f0fc1d83f661"
"SD0468_T001_1hao","SD0468_T001_1hao.xlsx","hourly-data-03.zip","1005053","208eb879b3559e48d70e1a92e6021d4e4a679414b8656cccbb167356c788f735"
"SD0468_T002_2hao","SD0468_T002_2hao.xlsx","hourly-data-03.zip","996176","7e80e28a1a3424bfb9c5aa164ea38a891790a46607dd963e0cc9c42d0e8dc288"
"SD0469_T001_1hao","SD0469_T001_1hao.xlsx","hourly-data-03.zip","1014540","102e2e7f813f6fda96b28808f9637b0a0719c86a7339b4c3ad5a3d3f37a63413"
"SD0470_T001_1hao","SD0470_T001_1hao.xlsx","hourly-data-03.zip","974861","ca666ec9c8256ee13100ca75c85ae5d223a6a39a8b72342a25c6ed4e83c65802"
"SD0470_T002_2hao","SD0470_T002_2hao.xlsx","hourly-data-03.zip","998967","e4b23907f158e892310131b5920f8407361e0e47b31be91a3b054a67321cabba"
"SD0471_T001_1hao","SD0471_T001_1hao.xlsx","hourly-data-03.zip","970182","1a443b103ae4b236f6b989b2f5f210befaf177f874b7a4bed01555f53a2f467d"
"SD0471_T002_2hao","SD0471_T002_2hao.xlsx","hourly-data-03.zip","985547","a5b4d548722f619c6b66f60d32934daee18a5ad733256fea9c004415e4aab8f1"
"SD0471_T003_3hao","SD0471_T003_3hao.xlsx","hourly-data-03.zip","988127","c5b148f339b0a2621b7ea5f492200a80db4174ea26f5b321ffdbd55b3e7c57f2"
"SD0471_T004_4hao","SD0471_T004_4hao.xlsx","hourly-data-03.zip","987054","a78968de79ab8097996262db232d95c5ae10541fd539170ab70d740eb02bc84f"
"SD0472_T001_1hao","SD0472_T001_1hao.xlsx","hourly-data-03.zip","982367","38a044d01f1deb7ab25801026c8e4a20e94bdc02ca36b1f3ed9c57e4feeaeb33"
"SD0473_T001_1hao","SD0473_T001_1hao.xlsx","hourly-data-03.zip","972949","609e927dfc465879887017dd664a14086d14434704bcc38a7dd9c8b436bd7176"
"SD0473_T002_2hao","SD0473_T002_2hao.xlsx","hourly-data-03.zip","809958","cad8e160e44445a32eeba03c24eb57454770ecb66e269dfb7ec566f7b6b78631"
"SD0473_T003_3hao","SD0473_T003_3hao.xlsx","hourly-data-03.zip","967830","cfa5ce41342e6574ed71571d21f0fa1a32d6957a0f5282c52968781cc5a072ca"
"SD0473_T004_4hao","SD0473_T004_4hao.xlsx","hourly-data-03.zip","969298","d995c17e3c5eccfb8d790bb365f3bfa892fdecc127d734b11d2944709891d5ad"
"SD0473_T005_5hao","SD0473_T005_5hao.xlsx","hourly-data-03.zip","981799","7089c9916154682c915e94aafa3c11bad8bf9b48f795b18f30b21ec301925768"
"SD0473_T006_6hao","SD0473_T006_6hao.xlsx","hourly-data-03.zip","971356","16c53784aef3170304298f4295d713099ea09afe2ffa58c988e1916623e4455e"
"SD0473_T007_7hao","SD0473_T007_7hao.xlsx","hourly-data-03.zip","968938","e609580fbc64caaff09af34eaa3ba473511b262e76c806bf2f347d00cb7cf812"
"SD0473_T008_8hao","SD0473_T008_8hao.xlsx","hourly-data-03.zip","969508","09e0633cef6bced51efb71b41b93ffd65c332bc5f3858208af7072bca7126ce8"
"SD0474_T001_1hao","SD0474_T001_1hao.xlsx","hourly-data-03.zip","988165","820058194c9f41ffe27c3219611b2798c449fab5e12bf213a8c22f8f9f46afb7"
"SD0475_T001_1hao","SD0475_T001_1hao.xlsx","hourly-data-03.zip","982365","e040476073152f39a7af7ae1a7ad2708e02c56b1ecef526e645281d0c0f54a0d"
"SD0475_T002_2hao","SD0475_T002_2hao.xlsx","hourly-data-03.zip","996348","690cb0d7f054d4e877f715981de0603fb78404cbacaf74b26baf58e248150b36"
"SD0475_T003_3hao","SD0475_T003_3hao.xlsx","hourly-data-03.zip","975831","0f4eafe399e6993b93da78d3383b848825347178a865e26b3f15ef09d54ef8de"
"SD0476_T001_1hao","SD0476_T001_1hao.xlsx","hourly-data-03.zip","982254","6b1d64b46b2231b2d717ea4c8bc7433e01003b50875eabc1326768fec6dff557"
"SD0476_T002_2hao","SD0476_T002_2hao.xlsx","hourly-data-03.zip","985850","28d4bcfc64160aa7d2454291ca5f0656be5ce524801f90b3f361a1b101d7b84b"
"SD0477_T001_1hao","SD0477_T001_1hao.xlsx","hourly-data-03.zip","995595","7167213bd0dc9b592790b144af0d5d7626301cdb040a964db2e6ce7bc3af0940"
"SD0477_T002_2hao","SD0477_T002_2hao.xlsx","hourly-data-03.zip","987055","cd837adc6abaf3667dbd2acb991e0e51abedeee48c53b7ec7050c15f562f04d8"
"SD0477_T003_3hao","SD0477_T003_3hao.xlsx","hourly-data-03.zip","987166","3fa77d287e557653689cccd6ff0a36d1ec73ab22203a6a0f690cf49c5ecba468"
"SD0478_T001_1hao","SD0478_T001_1hao.xlsx","hourly-data-03.zip","979071","e2d7c0be4126774c63527d15536a75c45cf5adf4959cd469629f1a0228aa744e"
"SD0478_T002_2hao","SD0478_T002_2hao.xlsx","hourly-data-03.zip","984779","e2c4f35fbaa8081c2a3d1e1578b5f8c2b6066dd05c9266b98b6fcc1fe39d2f90"
"SD0478_T003_3hao","SD0478_T003_3hao.xlsx","hourly-data-03.zip","984009","7f3f0664738734d0025b676212255fabf1530d016e574e9db3d1a495b8094e23"
"SD0479_T001_1hao","SD0479_T001_1hao.xlsx","hourly-data-03.zip","997618","b1dcbedfe6f7ed99eeb998e6e3ecd25d4d478721aaac87a91633b16a50dd79d9"
"SD0479_T002_2hao","SD0479_T002_2hao.xlsx","hourly-data-03.zip","983288","99d76c722d17dc819683551c35a57f9ea1c3917447366f63e8c33464772ea673"
"SD0480_T001_1hao","SD0480_T001_1hao.xlsx","hourly-data-03.zip","999284","67af89a8ab170f5434508eb689e7ea7ebc8018498f73340b73120bbf8035f2d8"
"SD0480_T002_2hao","SD0480_T002_2hao.xlsx","hourly-data-03.zip","991284","3ffea86405ea8b66707e58de2aae84dc56c7c37333003dd65d4fe3f02ae0c636"
"SD0481_T001_1hao","SD0481_T001_1hao.xlsx","hourly-data-03.zip","980093","66393278e5949f47a21765c647ff845194836fb7631b7cdb890be7497138545c"
"SD0481_T002_2hao","SD0481_T002_2hao.xlsx","hourly-data-03.zip","980196","207b9c2538c4636b7a53e3e70685fe3597bb04250a1c12a04a5f9ba38bb2bf48"
"SD0482_T001_1hao","SD0482_T001_1hao.xlsx","hourly-data-03.zip","981003","5aa687bd08153847ef4b863c16aec29a1488dceea0041017d6318725340edc07"
"SD0483_T001_1hao","SD0483_T001_1hao.xlsx","hourly-data-03.zip","1000084","67eb27cd01a7d0cb624a63032eef163cf21791be4a1fe5145a32b46dce3312c4"
"SD0483_T002_2hao","SD0483_T002_2hao.xlsx","hourly-data-03.zip","978511","4ebbe3c5a85408e1a28b15471f72bd4db9aa286f3769ea8d9e601e60e90af4d8"
"SD0484_T001_1hao","SD0484_T001_1hao.xlsx","hourly-data-03.zip","977602","3769d19f70a916dd964d7634bc95c1e0c939bfb33de06804cd24fe7d3c8b48ab"
"SD0484_T002_2hao","SD0484_T002_2hao.xlsx","hourly-data-03.zip","977816","15645cc9f8283d870fd1ca9c6be2e0c8296f5275a90a60125e62f1fbdd7065e1"
"SD0484_T003_3hao","SD0484_T003_3hao.xlsx","hourly-data-03.zip","970711","13476dd3738e7d0480d3b9351cbd9905ef57dfcc329d85dcab91d2464f376f0e"
"SD0484_T004_4hao","SD0484_T004_4hao.xlsx","hourly-data-03.zip","991979","9e41f187e1fae86b0b7520b218c15b42d3225c63730f2d5b25bf9af710e229c2"
"SD0484_T005_5hao","SD0484_T005_5hao.xlsx","hourly-data-03.zip","824720","eb6593a8b87802dc1c863d8c7f4aa0d9822d3d0eb79d0afd509d539f1df3a0bd"
"SD0484_T006_6hao","SD0484_T006_6hao.xlsx","hourly-data-03.zip","992551","031adc8336ec40be5c3b3545cb0a697423bec94cfa88f46a48669b679218723d"
"SD0484_T007_7hao","SD0484_T007_7hao.xlsx","hourly-data-03.zip","976401","d9eadfec946ff3da86853efc819cf91e7a2168882d643ac077e69ca6139bc5cb"
"SD0484_T008_8hao","SD0484_T008_8hao.xlsx","hourly-data-03.zip","971549","80993c7f573e8502491bdc74c2a34bd035ff4308d5273f0a4826e991b97b52a2"
"SD0484_T009_9hao","SD0484_T009_9hao.xlsx","hourly-data-03.zip","977293","8075cfa25d75ff337efe8e7f84c42926b2c29870fb291e30a24a34befe0b1403"
"SD0484_T010_10hao","SD0484_T010_10hao.xlsx","hourly-data-03.zip","977476","d25c526156558bf67c7c3ed089ef6dcb5fc30534b2a3a3c82e17993e4edc9b45"
"SD0484_T011_11hao","SD0484_T011_11hao.xlsx","hourly-data-03.zip","974690","3dd3908f048025bf6c52245265e0f56906a21d260c5a136e0e32f03964d468ec"
"SD0484_T012_12hao","SD0484_T012_12hao.xlsx","hourly-data-03.zip","975781","9ec0216228ebf3f0af59438bec597ebab9a571aec9c1f47163c5977d0b6c623c"
"SD0484_T013_13hao","SD0484_T013_13hao.xlsx","hourly-data-03.zip","999742","56501fa75c1af23554381dd24f1fd4c886ff8613a753e81108196dc3e6cfe3e2"
"SD0484_T014_14hao","SD0484_T014_14hao.xlsx","hourly-data-03.zip","976130","f0b68eefe69ed58564bdb7053b3b2d7111e8ae066fe5641aed8f18810d582e84"
"SD0484_T015_15hao","SD0484_T015_15hao.xlsx","hourly-data-03.zip","999538","cd8a4979a85b9a75e72ff68d8276d1604ee888c9fb3474bc0ce98dd9bd2de0e9"
"SD0484_T016_16hao","SD0484_T016_16hao.xlsx","hourly-data-03.zip","980973","04f968637d6029aa4581e312826f87225914207645d7a0c48d3a604271e7cde5"
"SD0484_T017_17hao","SD0484_T017_17hao.xlsx","hourly-data-03.zip","991991","5e53a0cf90bfd5a197df945b99c384bbe01c58207c38779b586dcf4b7d0e759e"
"SD0485_T001_1hao","SD0485_T001_1hao.xlsx","hourly-data-03.zip","996939","02e9b0a6506e8ed4aa28333fb422fda038d38fd329e94757b7cb7278c0effedc"
"SD0485_T002_2hao","SD0485_T002_2hao.xlsx","hourly-data-03.zip","994073","4463322841a68db0709a5c6fdd73db80191478b9070ccb1dccf44813391b0c48"
"SD0485_T003_3hao","SD0485_T003_3hao.xlsx","hourly-data-03.zip","984907","e4f83d640ad901bc547af47621af938a42560bff761ae1828c56f041568142c1"
"SD0485_T004_4hao","SD0485_T004_4hao.xlsx","hourly-data-03.zip","978059","ab0205ff4e9dc8a143cf07f5412b231830f37b4bebdc0ef0cac5a54c398d2e3c"
"SD0485_T005_5hao","SD0485_T005_5hao.xlsx","hourly-data-03.zip","978174","5eb0d43e1d4dcc8a00b3b9ad89425f893e55690dd1d55153af31315c3a4ee72e"
"SD0485_T006_6hao","SD0485_T006_6hao.xlsx","hourly-data-03.zip","984284","1d7a353b7407adad68fa014963b358c58568ecfad52ae763ba777154e7844ec9"
"SD0485_T007_7hao","SD0485_T007_7hao.xlsx","hourly-data-03.zip","978186","452df513105d1ee503f9fc243f2afcf04680163ed1ed7623be34c2849e518ac6"
"SD0485_T008_8hao","SD0485_T008_8hao.xlsx","hourly-data-03.zip","978764","24d8caf8c0d391dcfde7c1c7620ee0990ca4c4ae980953649466c3ab0cd5150d"
"SD0485_T009_9hao","SD0485_T009_9hao.xlsx","hourly-data-03.zip","981348","eb9d46d92e18a7dfbd487d0f979c0005550ec2b8f2ef478d3c5b726db3d6053a"
"SD0485_T010_10hao","SD0485_T010_10hao.xlsx","hourly-data-03.zip","981634","c5cff777e837faecf1beae2fdd93d00933acfc61d391e48ff95bcd7dd73fd9ac"
"SD0485_T011_11hao","SD0485_T011_11hao.xlsx","hourly-data-03.zip","982554","3b37ac2b9ba857ca2245d6cfc07f1077ceeeaa8c8b45af759958bdb376e05709"
"SD0485_T012_12hao","SD0485_T012_12hao.xlsx","hourly-data-03.zip","977267","77b1f64da08d4e1463f6ec9029986b092ab35ffc42e9064dee86f97397545dde"
"SD0485_T013_13hao","SD0485_T013_13hao.xlsx","hourly-data-03.zip","980926","25b396dbfcbf7792e048cf30dff475038cf5168a8b46943e6139f859322f1aa2"
"SD0485_T014_14hao","SD0485_T014_14hao.xlsx","hourly-data-03.zip","981954","08a6b4eac23bf28b999325ac93934bdeaede2db8f2740c6f33a33b63888f6b18"
"SD0485_T015_15hao","SD0485_T015_15hao.xlsx","hourly-data-03.zip","981454","b4b746b1e68c0350633ca7981a525f92bd85b7b6c9d99ef8bdc742d67bdc5522"
"SD0485_T016_16hao","SD0485_T016_16hao.xlsx","hourly-data-03.zip","978376","52ecb5df272ce3729065657f15a42649c373f9ad4e4b3bd4520187703f3d14fb"
"SD0485_T017_17hao","SD0485_T017_17hao.xlsx","hourly-data-03.zip","975461","d90aefa58f1d1637f354c06e3d3faf5edeae2884e55284b27c47f327c2f6a0ce"
"SD0485_T018_18hao","SD0485_T018_18hao.xlsx","hourly-data-03.zip","973838","cf442880170002700a48a8573d8a88b56fc05f7467e0f32812e5d926bca8eb7e"
"SD0485_T019_19hao","SD0485_T019_19hao.xlsx","hourly-data-03.zip","980802","32d154d0c19cda0a87c0349fdff372917157a8f8a6e46fade558dfc0d0c03ea2"
"SD0486_T001_1hao","SD0486_T001_1hao.xlsx","hourly-data-03.zip","977042","9048cc0ababd92d278f6bddf3dc83827b6d8cb163f9c06ca078f0d8330a38541"
"SD0486_T002_2hao","SD0486_T002_2hao.xlsx","hourly-data-03.zip","993648","9712ed62bb547943ce6df90a165a6c3dd0797b0d0869c812abdd0ece432f13cd"
"SD0486_T003_3hao","SD0486_T003_3hao.xlsx","hourly-data-03.zip","980007","47ae5696b32478f782801785eb691c482739e251fccd32156513a6aa82665e94"
"SD0486_T004_4hao","SD0486_T004_4hao.xlsx","hourly-data-03.zip","986685","55ec5960dd47d16b01d55f61b251ca6f28158b1321bdffc5b69da8ff7354da6e"
"SD0487_T001_1hao","SD0487_T001_1hao.xlsx","hourly-data-03.zip","1001641","5361779ba9ddc3f3f1236efa6e3a1d4fd1a779380d8cc5750eeb70358d577858"
"SD0487_T002_2hao","SD0487_T002_2hao.xlsx","hourly-data-03.zip","978556","a7950ce2702bb507ccd7ab8c2b3560024d30e0dab67803a05c8d00a9b2d9d825"
"SD0487_T003_3hao","SD0487_T003_3hao.xlsx","hourly-data-03.zip","986229","b97c5093899cd20b33e7c48e2ed4ea7870673b8fe7a1e854d1d581f976f0228f"
"SD0487_T004_4hao","SD0487_T004_4hao.xlsx","hourly-data-03.zip","986290","9b3408065d58dce0a0eccebd9ddcee0d5f474011a487ff99b40f9bca5c9f664c"
"SD0487_T005_5hao","SD0487_T005_5hao.xlsx","hourly-data-03.zip","994135","6472c26f8d89aafe7fe878393ed5d649ef08104408c80cd5b743c73b49164aa3"
"SD0488_T001_1hao","SD0488_T001_1hao.xlsx","hourly-data-03.zip","988675","75cfa2d92038300cdcad4a96a44724a9f596700edf3989bee884842a18c50217"
"SD0488_T002_2hao","SD0488_T002_2hao.xlsx","hourly-data-03.zip","988581","212bd9165ea7ca808974e93d3d4c4f97f08412e021b341fcd718600705836bff"
"SD0488_T003_3hao","SD0488_T003_3hao.xlsx","hourly-data-03.zip","975815","5a7787f8ce88d12e6b0647feec31e5c4ec4c5a07e5e65fcc81b8b36d8ab64796"
"SD0488_T004_4hao","SD0488_T004_4hao.xlsx","hourly-data-03.zip","822735","173d040188c2f405e2836661b19a44ddffa5b6d35fb35e993f2bac2ec7deb981"
"SD0488_T005_5hao","SD0488_T005_5hao.xlsx","hourly-data-03.zip","992250","398f8c7c45eab664a0c469a4a1d5ef51ef879a2d5e3f3a9344928e34adcc1101"
"SD0489_T001_1hao","SD0489_T001_1hao.xlsx","hourly-data-03.zip","978616","3a98d1e56f5b3787bdb9e136f991797c5288f3f5256d86623900a2ca41617d2a"
"SD0489_T002_2hao","SD0489_T002_2hao.xlsx","hourly-data-03.zip","978978","23a7a2fbc2b7d29183c30193d15eb108b2a925bc4905708edc81686ac8c40873"
"SD0489_T003_3hao","SD0489_T003_3hao.xlsx","hourly-data-03.zip","987695","d9eee7386345122ea5e6c48bfcb178a98d59886af70d5874f590e99c899c14c0"
"SD0489_T004_4hao","SD0489_T004_4hao.xlsx","hourly-data-03.zip","976689","2aa909d83842c06aafc2dd49d8d8d5ea8a4be93c76c74aca94f46519617be1c3"
"SD0489_T005_5hao","SD0489_T005_5hao.xlsx","hourly-data-03.zip","979044","bb2af2a26fe5e8eb0262fdc99ccaf38c68d2857bdd6ad09703993a82c237ddec"
"SD0489_T006_6hao","SD0489_T006_6hao.xlsx","hourly-data-03.zip","810999","0f821fae2ba4918a7c8c58d97260bf4d7db378f2620378b0a33fe1c22f0b9968"
"SD0490_T001_1hao","SD0490_T001_1hao.xlsx","hourly-data-03.zip","995285","be5de7dcd63f87bf667c4db0bd3a2299d431ac4b291b6f840135c2fba410789e"
"SD0490_T002_2hao","SD0490_T002_2hao.xlsx","hourly-data-03.zip","1004533","e23325b3e6800fa0611c32bb53f0bfba5f38fd07d291889e9291a0c163c858dd"
"SD0490_T003_3hao","SD0490_T003_3hao.xlsx","hourly-data-03.zip","991296","90cc977572b647a1afb7f9a612a46374640e31efa5d7391c5d8b0e2b1040a035"
"SD0491_T001_1hao","SD0491_T001_1hao.xlsx","hourly-data-03.zip","977727","172b6fd61cdd861bf182e2348db09703da9788057ce96bd2f862b60a79129456"
"SD0491_T002_2hao","SD0491_T002_2hao.xlsx","hourly-data-03.zip","989921","f07daf7631613495fef11825f7cdddc784f7f8c3a242d3848a1d3ed4efd684b9"
"SD0491_T003_3hao","SD0491_T003_3hao.xlsx","hourly-data-03.zip","988462","a48e09928d87c38e1b5690a2e3fefae258f26b58b9aab851e6bd108eb0e1418e"
"SD0491_T004_4hao","SD0491_T004_4hao.xlsx","hourly-data-03.zip","975091","b09f8c679d14b864ac0e1ae661f8d167a17276388e0bd0a9bb0cea40a539389e"
"SD0491_T005_5hao","SD0491_T005_5hao.xlsx","hourly-data-03.zip","988069","05a04b40a3c61130c6781b7788e1da94291ca78152d5f493bff743e848613032"
"SD0491_T006_6hao","SD0491_T006_6hao.xlsx","hourly-data-03.zip","977593","7377f5070621f0aaf2e24f3b06b2aa3bea84e222f9446259da5861c9a134198c"
"SD0491_T007_7hao","SD0491_T007_7hao.xlsx","hourly-data-03.zip","978064","7c430148dc778732ba0c1a6346c196002866ff61222cb47ddbd554a1b862e833"
"SD0491_T008_8hao","SD0491_T008_8hao.xlsx","hourly-data-03.zip","987269","536044ca06d6d48e660a06fb7b404c4ec4f9799f020bf61e5512b689cf7d7011"
"SD0492_T001_1hao","SD0492_T001_1hao.xlsx","hourly-data-03.zip","971962","5f0b50f12fa265a020c99c6ec4158e00e0df7c497ad25756035e917b3cc4086c"
"SD0492_T002_2hao","SD0492_T002_2hao.xlsx","hourly-data-03.zip","972685","5c2b3cb1497be0eebff65ba8205d703c45806bf10f6ad6a6d6a874c2dde1e4a9"
"SD0492_T003_3hao","SD0492_T003_3hao.xlsx","hourly-data-04.zip","975707","c45777338c39d4b9ee9a927eea72ebe8690bcbbe241b59d1f10ec10416184c38"
"SD0492_T004_4hao","SD0492_T004_4hao.xlsx","hourly-data-04.zip","973220","9f987e3307482cc49a4ac9a966b6c492d3a3a0b5bce1c7cc7271b28292c2b89e"
"SD0492_T005_5hao","SD0492_T005_5hao.xlsx","hourly-data-04.zip","975491","0c2176bb1f47e487267e3208dfc7f2555fe94671c3a7de8944494e8c04608cc7"
"SD0492_T006_6hao","SD0492_T006_6hao.xlsx","hourly-data-04.zip","974011","0b8389d335a3dad2f1544eee45912eac29bd0618f82c31174af7d2dcba6db286"
"SD0492_T007_7hao","SD0492_T007_7hao.xlsx","hourly-data-04.zip","976613","73f630f3a4cc52c9fe294a8cad3939f9926af16cb66ba16cbe330dc96d94a3f6"
"SD0492_T008_8hao","SD0492_T008_8hao.xlsx","hourly-data-04.zip","974195","320ad9069bc8a582b58ef9a291242f909295804c048a2e4af4b990a8e7894403"
"SD0492_T009_9hao","SD0492_T009_9hao.xlsx","hourly-data-04.zip","977266","c9719677474e03349f632cce864abdea4c022ac51f489b1cdda22ad26f8bd611"
"SD0492_T010_10hao","SD0492_T010_10hao.xlsx","hourly-data-04.zip","980365","e612a8a42e548305e96f877828d3e57d3737bfffed8ecee980f4c7540c037d8c"
"SD0493_T001_1hao","SD0493_T001_1hao.xlsx","hourly-data-04.zip","991474","5406e1f50120748fabfe8ae3bb64fb271f0c8b3cd74af829f44609b5cb2254f4"
"SD0494_T001_1hao","SD0494_T001_1hao.xlsx","hourly-data-04.zip","980337","653204a07ae2975776357899754607d535c3ba01850e1f16d61b13b274931bfe"
"SD0494_T002_2hao","SD0494_T002_2hao.xlsx","hourly-data-04.zip","979295","14cb53b9ad6e1eb1d2344be92948aa3df667b8afda3695890a23e669bb72ec3a"
"SD0494_T003_3hao","SD0494_T003_3hao.xlsx","hourly-data-04.zip","988526","a6f30a1cc843d7bdf929583000699bf2ffb92caa52e37cb63cbaad5c26c09ae6"
"SD0494_T004_4hao","SD0494_T004_4hao.xlsx","hourly-data-04.zip","983544","a748437e78379fe25bb7e3cbc364cb638290dc786cd7d0d3feb2cd278b0be6a0"
"SD0495_T001_1hao","SD0495_T001_1hao.xlsx","hourly-data-04.zip","999671","c7c7f8d6697647a8d58e85ce5f09eb611c7f28075493536c49f0c09367246eb3"
"SD0495_T002_2hao","SD0495_T002_2hao.xlsx","hourly-data-04.zip","992964","1995c693aadece67dcc41b8f074ff91cf080cd806a45a1faebd05f4bf0172716"
"SD0495_T003_3hao","SD0495_T003_3hao.xlsx","hourly-data-04.zip","978576","67973da61391760764be1c5e23a2f1401c707af59964a2aa093cabf897d1a6a7"
"SD0495_T004_4hao","SD0495_T004_4hao.xlsx","hourly-data-04.zip","976201","94b29cc6d171eb259c95b2d6e985e61005a90ddd1e70c61c247530c55731d2a7"
"SD0495_T005_5hao","SD0495_T005_5hao.xlsx","hourly-data-04.zip","981011","edb856f4a616e3f613bf5b938cb7c6f2347dcdf51e5dac69fa016cb90e7c34a4"
"SD0495_T006_6hao","SD0495_T006_6hao.xlsx","hourly-data-04.zip","974338","b35d9aaa1c435dd70c70c30f5a38e6f936c3ff4d2a6651b384e2eb7f91e663df"
"SD0495_T007_7hao","SD0495_T007_7hao.xlsx","hourly-data-04.zip","971298","50a47fe80a3fcc0293791b314a12b0a00d0fe1e5222096f096238a97b321788c"
"SD0495_T008_8hao","SD0495_T008_8hao.xlsx","hourly-data-04.zip","974371","7f9d41b586e6e38439eb2bce4918a9d2b22fbfb4f73c92e610477fcc15b44f3b"
"SD0495_T009_9hao","SD0495_T009_9hao.xlsx","hourly-data-04.zip","1001119","33f6ea3b1880df9c7c345f3517b789cf3d90569db308c6b29dee9c243199ef19"
"SD0495_T010_10hao","SD0495_T010_10hao.xlsx","hourly-data-04.zip","985207","01360c71080ebad810dc93786443d0f719d6c4bdafe863e2d8aa922da7e56d1f"
"SD0496_T001_1hao","SD0496_T001_1hao.xlsx","hourly-data-04.zip","986292","090ba04f60f7c4ee44a10fc28b003b0e6104df0ae729caa54170904e106269b3"
"SD0497_T001_1hao","SD0497_T001_1hao.xlsx","hourly-data-04.zip","980025","8d0e549a212f7889d3896d7107c5ba4ce1d042dbde45013c4acd64f30f951d26"
"SD0497_T002_2hao","SD0497_T002_2hao.xlsx","hourly-data-04.zip","983623","778163adc1c5aade6362e5a5ed847680e4d64a3328459a5ab6be78c3afe6bcc4"
"SD0497_T003_3hao","SD0497_T003_3hao.xlsx","hourly-data-04.zip","966457","bdd6552b5434de83524116984bdb7ea20afa567c11561d13be7190c851ea98ae"
"SD0497_T004_4hao","SD0497_T004_4hao.xlsx","hourly-data-04.zip","966997","10b659f1462769b58f1dd8a80f31c5e4c4c91d293ef72a4988ed8254ca75fc8e"
"SD0498_T001_1hao","SD0498_T001_1hao.xlsx","hourly-data-04.zip","978340","e65802e019138b880885ec84906a0d61015ca91dafe159024bdfce1b8e9a9946"
"SD0499_T001_1hao","SD0499_T001_1hao.xlsx","hourly-data-04.zip","970912","3338536d85624d74dfe4d3babb5084622ed13cbdf6741e416dd1630997a3399d"
"SD0500_T001_1hao","SD0500_T001_1hao.xlsx","hourly-data-04.zip","988047","cb9c8dfbde0025368b1e8cff21a29d459b161fbb5f727322dd593fd3a1d745a8"
"SD0501_T001_1hao","SD0501_T001_1hao.xlsx","hourly-data-04.zip","975832","63ea9402272ea98943655016a57e006fc100b7b1d1c9d219e42ade752be0f696"
"SD0502_T001_1hao","SD0502_T001_1hao.xlsx","hourly-data-04.zip","985712","8dbec7151e7e67e2a69d7a2b91bd1190c396f9637ff78a05951bc31e311762a5"
"SD0502_T002_2hao","SD0502_T002_2hao.xlsx","hourly-data-04.zip","981282","c51417245257920f67f9b58b2b08738323861d698b5ea77a3b2512aa58deb2a2"
"SD0502_T003_3hao","SD0502_T003_3hao.xlsx","hourly-data-04.zip","980264","83ba79057a493db59fda84a0c10aa7b274b0c6e61335b0625134f0b94e63725b"
"SD0502_T004_4hao","SD0502_T004_4hao.xlsx","hourly-data-04.zip","976514","6b4e8d8123c7502cbbd4c97e4a5a15e3720598d8a7e6a4f17847c09ffd760911"
"SD0502_T005_5hao","SD0502_T005_5hao.xlsx","hourly-data-04.zip","977839","3acc00a951d84c22dbaeebbbd2fe891793905d2ca8e00dfcd21f3d783a48db9e"
"SD0503_T001_1hao","SD0503_T001_1hao.xlsx","hourly-data-04.zip","1000075","4e158a584a9ad3eb4173527e1445d6d25da0e47b337d4caa2ade4694cc43e443"
"SD0503_T002_2hao","SD0503_T002_2hao.xlsx","hourly-data-04.zip","816253","5b0aaf241392239fd3c48884e17e305b40fc2ed73d88c75dbdc0f913fdd39c23"
"SD0503_T003_3hao","SD0503_T003_3hao.xlsx","hourly-data-04.zip","981016","b71e4fe57e225f2a2139c214c5f2077a1c542f1c49a1a2a7c220e417076249e2"
"SD0503_T004_4hao","SD0503_T004_4hao.xlsx","hourly-data-04.zip","974315","169cc5e5a27e2459b1a869cf1718abfb9f9db3e3bffbf70f49bcb238a180635d"
"SD0503_T005_5hao","SD0503_T005_5hao.xlsx","hourly-data-04.zip","1003279","668dee387e1a06df5c15c963ef13e7d28ea187e0e35866c94a1f4b2d9cf1a9b9"
"SD0504_T001_1hao","SD0504_T001_1hao.xlsx","hourly-data-04.zip","969982","56339919e496073a405a630481fa9b52061fc84293e22bd8c52b37591897ab7e"
"SD0504_T002_2hao","SD0504_T002_2hao.xlsx","hourly-data-04.zip","977317","73346f326e68a9b20d1115364b9e64df7dd37e37b6035f830d35a73da8710861"
"SD0504_T003_3hao","SD0504_T003_3hao.xlsx","hourly-data-04.zip","988585","f4dc85e9803d32bb73156edf0ee5f976c70e6e6ed2c5b5cafcc68f2505eb7354"
"SD0504_T004_4hao","SD0504_T004_4hao.xlsx","hourly-data-04.zip","970021","1e5ab1cda76f17f4703c2beb5a4ade0c051738c4fbebfffa04397ab54f311308"
"SD0504_T005_5hao","SD0504_T005_5hao.xlsx","hourly-data-04.zip","980985","c4b9cc69609304001b440d6daac697f3055ef15c33e921638fba987c95cdce91"
"SD0504_T006_6hao","SD0504_T006_6hao.xlsx","hourly-data-04.zip","988286","0c778c3beb2f95a9dcc14428597816db3a8ef58153ea8d64ad2abcb3fd4d5959"
"SD0504_T007_7hao","SD0504_T007_7hao.xlsx","hourly-data-04.zip","992603","c76d1e74341aaa92a62118df3dabbac8808be53a303eff5c74b307fd6765c7e9"
"SD0504_T008_8hao","SD0504_T008_8hao.xlsx","hourly-data-04.zip","974901","fa684eb935854ec04779f9d50320ae456627cb4e51fc2451b7cb4cbfdfca0755"
"SD0505_T001_1hao","SD0505_T001_1hao.xlsx","hourly-data-04.zip","1003135","ae9db70d13dea08dd7b5f0167c637abe6f6ec662876e0a71dfeffb26629a5e88"
"SD0505_T002_2hao","SD0505_T002_2hao.xlsx","hourly-data-04.zip","984190","e5bb4abca224141d8fb467e3ceedf5bcfe4d81b54df183e1b11f5adbcb521fe9"
"SD0505_T003_3hao","SD0505_T003_3hao.xlsx","hourly-data-04.zip","996635","79fb2e7d259d917ced07b0330d69aad67eba0a0c20afdbe7d43e332acd4a86a5"
"SD0506_T001_1hao","SD0506_T001_1hao.xlsx","hourly-data-04.zip","968585","21edffddfedf23049924ef3d96e85fe9b483dd6556cb81f94e5dd948eab0c63f"
"SD0507_T001_1hao","SD0507_T001_1hao.xlsx","hourly-data-04.zip","984235","f1e5dd86931a6e41870c6bf85f74bc26fc1092057ffdee13bb83b18a5da0e644"
"SD0507_T002_2hao","SD0507_T002_2hao.xlsx","hourly-data-04.zip","1001678","9457ae470185741df69d9a0f351f56c38d92c6d66dd8d784e5b9bfcc9b82a1ac"
"SD0508_T001_1hao","SD0508_T001_1hao.xlsx","hourly-data-04.zip","994505","b289103ad7c7e78a5b214d9516a06250900a41501048a0672514f23512305cd3"
"SD0508_T002_2hao","SD0508_T002_2hao.xlsx","hourly-data-04.zip","995056","7258254dd4a5ac7e5dbc42b7f975315266d41664ca69b106d034db7513ef8819"
"SD0508_T003_3hao","SD0508_T003_3hao.xlsx","hourly-data-04.zip","976991","14ad6daebf020b0d4d8f492b66b177d318a5881e1892b38fcce3f04e17b6e35c"
"SD0508_T004_4hao","SD0508_T004_4hao.xlsx","hourly-data-04.zip","992346","58b7b3998c2fb56c899ee481c2756c469f5238e187c5e4666e4b974039da423d"
"SD0509_T001_1hao","SD0509_T001_1hao.xlsx","hourly-data-04.zip","989055","739e45fd4ae3dd8a1773ec8df47f52d731157875045642c49d146ffcaf1ec8ae"
"SD0509_T002_2hao","SD0509_T002_2hao.xlsx","hourly-data-04.zip","981058","37a02fdea932b9ab374022768f13fce9883871c33cfd4f120baa554c21cfabea"
"SD0510_T001_1hao","SD0510_T001_1hao.xlsx","hourly-data-04.zip","1008474","93e555c48dec7b5735a40f7a66110f733dddf18a4d7bfedf1ad5c4d532c84003"
"SD0511_T001_1hao","SD0511_T001_1hao.xlsx","hourly-data-04.zip","815568","f0a2354a40e5bd84da952fe6d7df24775238aa3b7dbf62b6209339a94de0a80c"
"SD0512_T001_1hao","SD0512_T001_1hao.xlsx","hourly-data-04.zip","981399","1d311d41f685a2d12c7737603d0f69313ba06320fe9fd3051fb7249272f05fa4"
"SD0512_T002_2hao","SD0512_T002_2hao.xlsx","hourly-data-04.zip","980441","6b1837b1c294edae00cc2492d048404c424b40a26755319a498d76a9fbb478e7"
"SD0512_T003_3hao","SD0512_T003_3hao.xlsx","hourly-data-04.zip","984801","181e63d5be560a08b43deb071024abfac923744ba7fada379f74db516f97c804"
"SD0512_T004_4hao","SD0512_T004_4hao.xlsx","hourly-data-04.zip","1000729","d328406dc5f5e20483a0177111188ce5a5c3e8cc4c372b8e7872e76872cdd8e5"
"SD0513_T001_1hao","SD0513_T001_1hao.xlsx","hourly-data-04.zip","981996","8d3b511f08560b9e89c9cb366d99e35f80f66ff8f8c04969a6b06d225f5d6990"
"SD0514_T001_1hao","SD0514_T001_1hao.xlsx","hourly-data-04.zip","981986","c1ba4379320a883a84c8d7f0a8a3dfb6085c1b210898abcf0979fe1267c9f16e"
"SD0515_T001_1hao","SD0515_T001_1hao.xlsx","hourly-data-04.zip","1015819","24986a2fb1727c19ad27d199dc158358b24a1ea6a5e92ae54c7f83ea762b8096"
"SD0516_T001_1hao","SD0516_T001_1hao.xlsx","hourly-data-04.zip","981471","ed198b783e136f324e59afed2b19ab095f3033028821cecd8baaeb8d00ae6206"
"SD0517_T001_1hao","SD0517_T001_1hao.xlsx","hourly-data-04.zip","978424","d1031ec462e7141a8f55bec7967d70ce3c440bc36f1b60df97e17661dfe9eeff"
"SD0518_T001_1hao","SD0518_T001_1hao.xlsx","hourly-data-04.zip","982755","252215d91e22a1ea2de2c1152e9857ddc8e82194aa28561a483c24f1eab25962"
"SD0518_T002_2hao","SD0518_T002_2hao.xlsx","hourly-data-04.zip","987045","3340ac275e9914f7d4abd04ffa90c6b693775bc953b869aa820fa597d4d2c978"
"SD0519_T001_1hao","SD0519_T001_1hao.xlsx","hourly-data-04.zip","987880","b9dc7431b695ad37755b63342b6c2913f0ea1c21a6185e210a1cb7832c83b91d"
"SD0519_T002_2hao","SD0519_T002_2hao.xlsx","hourly-data-04.zip","988534","115cdd51dba60977ea7b8f6a49381dd50783f02de020d0278330d2424928f915"
"SD0520_T001_1hao","SD0520_T001_1hao.xlsx","hourly-data-04.zip","1013525","c0af53440742299df6be54748ddbd578b6fc43ec874c1c1939873d6f50411c1b"
"SD0521_T001_1hao","SD0521_T001_1hao.xlsx","hourly-data-04.zip","1007870","e651c46d9d301441eb4a14e37ec1788804d66f51bd1177b4557cb5b6dfd08389"
"SD0521_T002_2hao","SD0521_T002_2hao.xlsx","hourly-data-04.zip","986416","f1128e2b6f801b8f09a45b87f3db797bd2b4fceb0dfbc72c56cb50c271333dde"
"SD0521_T003_3hao","SD0521_T003_3hao.xlsx","hourly-data-04.zip","997059","122fb319efeb438ff018e0fe7954b66e5534ffcfd307ba33c53a3420ce1c9c63"
"SD0521_T004_4hao","SD0521_T004_4hao.xlsx","hourly-data-04.zip","988026","5c87590653431b72dfc4687608e6e0b78d235efe7b0bf89b5c754827cccce0c4"
"SD0521_T005_5hao","SD0521_T005_5hao.xlsx","hourly-data-04.zip","981749","3488a1f12bcb80c62e0251640a63642426d5ddf373bc922953a94184f785e1a6"
"SD0522_T001_1hao","SD0522_T001_1hao.xlsx","hourly-data-04.zip","988368","9049750f0184c801a61c62087f003a2ecb599593669b0888dc54285711d9fd79"
"SD0522_T002_2hao","SD0522_T002_2hao.xlsx","hourly-data-04.zip","829401","cc306ce7ca34d4e41898eaaa663a3640f765f12ddcad6c1b29b503ccf6477965"
"SD0522_T003_3hao","SD0522_T003_3hao.xlsx","hourly-data-04.zip","986353","e44972244528d96aecc41e0aaca737b1dddb5988a955e3ff1acd57c6e2acf2e4"
"SD0522_T004_4hao","SD0522_T004_4hao.xlsx","hourly-data-04.zip","986263","d3676ab8a4d4799664c1ca6b8bb22b430332ab6cb10587f404d3a48382760f57"
"SD0522_T005_5hao","SD0522_T005_5hao.xlsx","hourly-data-04.zip","987533","33f2e2fcdc806ff42821959a293b27593cc24ff5ba228b8a0d5236670a183fcf"
"SD0523_T001_1hao","SD0523_T001_1hao.xlsx","hourly-data-04.zip","999343","914e8c2e717bc9315c87dcf83c24fb514b5450754b5c43f2a1d4c39e054d57f7"
"SD0523_T002_2hao","SD0523_T002_2hao.xlsx","hourly-data-04.zip","980100","ccbfd12fc7c20eb20c2613dae242ab61df25053a3bbcdff88eacc05882bc2875"
"SD0523_T003_3hao","SD0523_T003_3hao.xlsx","hourly-data-04.zip","983102","29433cd80392dd46189a6eb2305d5adc39855ea899bec5beb6807c773fe55e4d"
"SD0523_T004_4hao","SD0523_T004_4hao.xlsx","hourly-data-04.zip","985059","87b191885d1da21663db40664c092ea50aba2b288f8b53d4ff90a64e0fb86dc2"
"SD0524_T001_1hao","SD0524_T001_1hao.xlsx","hourly-data-04.zip","980348","5edf7ce39dc4930d763bdd93bde10097347dc2f5e577fe1813f5a466c37f52dc"
"SD0524_T002_2hao","SD0524_T002_2hao.xlsx","hourly-data-04.zip","981566","ce3cdf99cbd10ef7c9e3dd6c02ee85d642c65d442736e8acaec5de118bfceb3e"
"SD0525_T001_1hao","SD0525_T001_1hao.xlsx","hourly-data-04.zip","982022","051d3ad351586c84da70679fae9158549c89d5005167e6a682e7e70df977ee22"
"SD0526_T001_1hao","SD0526_T001_1hao.xlsx","hourly-data-04.zip","998038","4392cc147f56b68f7e6e483540c47221ea425c81b32ff398730ff6ba6034f8de"
"SD0527_T001_1hao","SD0527_T001_1hao.xlsx","hourly-data-04.zip","989700","0d2af603d2d526cd610ed8098be4fc145e20404557eedd0018d419209997729e"
"SD0527_T002_2hao","SD0527_T002_2hao.xlsx","hourly-data-04.zip","995776","6f3957ed05b6dc506c9dab2e9438d7fb3ad2661e39ac5bc20eb6444a46deaba1"
"SD0527_T003_3hao","SD0527_T003_3hao.xlsx","hourly-data-04.zip","996024","f3738fe710640fa9d2d1230368d58fd8c3db4707752a001daf478b189c974b35"
"SD0528_T001_1hao","SD0528_T001_1hao.xlsx","hourly-data-04.zip","1005321","9e16c90e6266c4eb36cf9a00725d9f756a5891391f523a4cf48d7800c7e82aed"
"SD0529_T001_1hao","SD0529_T001_1hao.xlsx","hourly-data-04.zip","1004633","3b5fcd4b77e7cad4caf02f9e7391851a0440732535dc3a3f46e99a63da53daaf"
"SD0530_T001_1hao","SD0530_T001_1hao.xlsx","hourly-data-04.zip","996679","a8b31774b98bce4ee3c353ac456187fa639acc5ed13213fb54dc9e2dfe368664"
"SD0531_T001_1hao","SD0531_T001_1hao.xlsx","hourly-data-04.zip","990467","febc746324a3516f1e1d7a26a6ced5108711e85f6837eb713ffd541c8aca4572"
"SD0532_T001_1hao","SD0532_T001_1hao.xlsx","hourly-data-04.zip","990914","ccf184e1c6e07177e7bcc16f427c31a84af9e677edce97fdfbdb1fce1aadf86b"
"SD0532_T002_2hao","SD0532_T002_2hao.xlsx","hourly-data-04.zip","987796","a935e486e6ba67ef452b8d46ef59de43396f36be81a4a44db7054a99ea6468a3"
"SD0532_T003_3hao","SD0532_T003_3hao.xlsx","hourly-data-04.zip","990177","3dab6217b99f938ea67b72284a06da5744713ee69b8b652b5e024ecaba9c21e8"
"SD0532_T004_4hao","SD0532_T004_4hao.xlsx","hourly-data-04.zip","997314","d647e0df2877a12475954b034c9dc0430c26cd22299a1fc5abcc5207cd7e8cd9"
"SD0533_T001_1hao","SD0533_T001_1hao.xlsx","hourly-data-04.zip","985243","b4e320cc1f28a2043cfef66edfabf10a5bee9d1261519bbc966437bb92c7be0f"
"SD0533_T002_2hao","SD0533_T002_2hao.xlsx","hourly-data-04.zip","998265","bb9980bbf0e8135bc4d6bf63d12f966a9b3dbad1490b49e3e659aa55bce066f3"
"SD0533_T003_3hao","SD0533_T003_3hao.xlsx","hourly-data-04.zip","987433","56674cef0326a7cbdb9e44ace52cb57531305ac247efd37d8ea8c4a0053eaa7d"
"SD0533_T004_4hao","SD0533_T004_4hao.xlsx","hourly-data-04.zip","978774","22b49807abeb9290d958e2e252a6f4f4eb136cf110dfd59bd8246d28b728090c"
"SD0533_T005_5hao","SD0533_T005_5hao.xlsx","hourly-data-04.zip","996164","811752010a7732b16e0a159b41adbdcdee6c680d451bef50ff9c0f5ae64942ba"
"SD0533_T006_6hao","SD0533_T006_6hao.xlsx","hourly-data-04.zip","977419","1b9fae8062fff77840bd1ff1537309508cfe3b53469affc288f70ae4057b7774"
"SD0533_T007_7hao","SD0533_T007_7hao.xlsx","hourly-data-04.zip","987349","73eb5343fbf01624b1e3b61d5f814acdc906c121076e9fabd888422274ae42e3"
"SD0534_T001_1hao","SD0534_T001_1hao.xlsx","hourly-data-04.zip","978467","b45a414c6579b2521083ce0873813401223ef293e8d71e5c2c487d569abc155c"
"SD0534_T002_2hao","SD0534_T002_2hao.xlsx","hourly-data-04.zip","981158","06a26ea5ce3bbc8c38336e5b859a8ed9ea63c1262a6944d073e6d645cd185720"
"SD0534_T003_3hao","SD0534_T003_3hao.xlsx","hourly-data-04.zip","976915","ee90472852a1e7f07b4b0f527ca43f5b8ff35c4fd34a8d0154cebc8cb7a2a560"
"SD0534_T004_4hao","SD0534_T004_4hao.xlsx","hourly-data-04.zip","974725","f45506772b11f9b837719b8494d0f84e24295ea4fc80c4261bf2ff7e06a2bccc"
"SD0534_T005_5hao","SD0534_T005_5hao.xlsx","hourly-data-04.zip","978074","e4c8561640cae23a1191e5ec28640adf2f608ffd8550866f5899ab3fd0e43156"
"SD0534_T006_6hao","SD0534_T006_6hao.xlsx","hourly-data-04.zip","973377","11fec88e37d31ad9261a8c61281d480bd6d8bdb0f6b9797f2de78301cf9f75fd"
"SD0534_T007_7hao","SD0534_T007_7hao.xlsx","hourly-data-04.zip","819007","662020e78372581ce4be14e8d02cba15d972b8fc2509c80a3cdcfe97c286ad90"
"SD0534_T008_8hao","SD0534_T008_8hao.xlsx","hourly-data-04.zip","822393","6bb23c4197d84b7576954e7133b1eb30f22019789eed07adf5dbe7a6ba34df82"
"SD0534_T009_9hao","SD0534_T009_9hao.xlsx","hourly-data-04.zip","978525","f77002dc62206eb67b3ab3165f9f1720d30ed068d332118e270765d1ff6876bf"
"SD0534_T010_10hao","SD0534_T010_10hao.xlsx","hourly-data-04.zip","980464","0b09e749521dec91433d4e9223dc1a1227c024c369d9185ddca06329061d9333"
"SD0534_T011_11hao","SD0534_T011_11hao.xlsx","hourly-data-04.zip","1000668","a8843781e465b04aef8cf9c296a794970269cee07b7c9ff06278999bfe163ac7"
"SD0534_T012_12hao","SD0534_T012_12hao.xlsx","hourly-data-04.zip","1006802","c2232cb6b0d46c9723cb63b04b45be02e62d31577064b947755086ee17e7a3ef"
"SD0534_T013_13hao","SD0534_T013_13hao.xlsx","hourly-data-04.zip","820141","7ee0c7e05b2382fc57907cb7b2d7caecb46388c9cf8d9adfb14dd774c97fa0fa"
"SD0534_T014_14hao","SD0534_T014_14hao.xlsx","hourly-data-04.zip","816326","ba7d016ae3f7e92ecfb0d3af986d58ae67ab65d71ca7e3f6d78440c9ad4a026c"
"SD0535_T001_1hao","SD0535_T001_1hao.xlsx","hourly-data-04.zip","995107","1e5d0778705eb61741201875cf774044bd3d528043f5b9073747ba40a0b7f9b7"
"SD0535_T002_2hao","SD0535_T002_2hao.xlsx","hourly-data-04.zip","986820","6c95c708e3077465aa280cf3ba96da5495bebafb2ba912fffc5c4a9a4a81ff39"
"SD0535_T003_3hao","SD0535_T003_3hao.xlsx","hourly-data-04.zip","998051","c05909cabca490178e529b14d58a040f92bd92bfdf2400cfa2e07e64a9e06670"
"SD0535_T004_4hao","SD0535_T004_4hao.xlsx","hourly-data-04.zip","1001909","2dc2a5f460d86268ca3252141107e5e049c4aaf35503c2002373073d8800368e"
"SD0535_T005_5hao","SD0535_T005_5hao.xlsx","hourly-data-04.zip","999517","d17150f53a06385587100b9c44714037f5e37a93c677f9683335631baace1e34"
"SD0536_T001_1hao","SD0536_T001_1hao.xlsx","hourly-data-04.zip","1002803","1bbdebc9779b3736aa89a60cdd48168e4f3621912620e8b0a97fecad8b763704"
"SD0537_T001_1hao","SD0537_T001_1hao.xlsx","hourly-data-04.zip","982099","eb2d3cca30e73b011abee5eab19bd5b9aee60f88c240ca96747c199561f1e2f5"
"SD0537_T002_2hao","SD0537_T002_2hao.xlsx","hourly-data-04.zip","989543","93f7e4b73e7c356348856121b8533c66bb95792480224ec7916107d64511479b"
"SD0537_T003_3hao","SD0537_T003_3hao.xlsx","hourly-data-04.zip","985599","87d8cbacb1889aa00e3c8ba7f880761748322d2f01d99247cc16254bd7846be6"
"SD0538_T001_1hao","SD0538_T001_1hao.xlsx","hourly-data-04.zip","1000012","46f0b4c56ed497f2449aee21d1240e0780ebf7295a49b888d0314f637fa43b8a"
"SD0539_T001_1hao","SD0539_T001_1hao.xlsx","hourly-data-04.zip","987129","e7c789436967939c985a6de71c8a824c1097dec09f35fc9af1ca015ec372dc8d"
"SD0540_T001_1hao","SD0540_T001_1hao.xlsx","hourly-data-04.zip","1010520","997ee742645f8813df10399795a3596188c46461e81df57000184ae091977740"
"SD0541_T001_1hao","SD0541_T001_1hao.xlsx","hourly-data-04.zip","980444","86fc67323119233f04ab215865267a54616b612037d633da924f5ec73e0f4ed2"
"SD0541_T002_2hao","SD0541_T002_2hao.xlsx","hourly-data-04.zip","978780","9735f4df22047be454806e6af9d8539612aa50f53d6589b4c6fa37b60bf813ae"
"SD0541_T003_3hao","SD0541_T003_3hao.xlsx","hourly-data-04.zip","973179","7974a57b78751e843a1871e130fdbe8e095ca6e3459dced93e556bff83965f4a"
"SD0541_T004_4hao","SD0541_T004_4hao.xlsx","hourly-data-04.zip","984210","feac6402763f7d68905f983d7bc4a6f5a9469af57f2e0104b32e2ef5e94746b0"
"SD0541_T005_5hao","SD0541_T005_5hao.xlsx","hourly-data-04.zip","974295","bc752a85128c647cde30f0093b73a9a6cef81bed705af9733772cd35ab45563b"
"SD0541_T006_6hao","SD0541_T006_6hao.xlsx","hourly-data-04.zip","974767","c3a3920079824100a7ad015b0f0a6ba0f53eca469eaf196861f05b117c31f7da"
"SD0541_T007_7hao","SD0541_T007_7hao.xlsx","hourly-data-04.zip","979395","3a0ab2b6bccee4562c72617e38b92b877681464a7a761c6c91f21bc7f09560fb"
"SD0541_T008_8hao","SD0541_T008_8hao.xlsx","hourly-data-04.zip","973823","2be9565f0d8e4bd2934c1d9204c22d1ce2d98e5e347b6baa8b199633e18d2e55"
"SD0541_T009_9hao","SD0541_T009_9hao.xlsx","hourly-data-04.zip","979102","55d360519c749049ab52da2da621a005c437d5e603c1c1a5c65c299535739953"
"SD0541_T010_10hao","SD0541_T010_10hao.xlsx","hourly-data-04.zip","977708","b24c6fe5efacacb3b40d9078097292c4aadca42d448527dc9673de6484584819"
"SD0541_T011_11hao","SD0541_T011_11hao.xlsx","hourly-data-04.zip","978686","5cd8fe95ac579b2d43a90e0cc4644e7183f34ee38e85beda93492d69b5ad58f0"
"SD0541_T012_12hao","SD0541_T012_12hao.xlsx","hourly-data-04.zip","989920","59369d89a67e23bd1937f8ea0191df6cdb7ccc5acd6ed0f97255f4d0b1196f6d"
"SD0541_T013_13hao","SD0541_T013_13hao.xlsx","hourly-data-04.zip","986326","bc237a6e7906cfdb5df0def442efc55d7dd44274cc193a12fe91008a43392b71"
"SD0541_T014_14hao","SD0541_T014_14hao.xlsx","hourly-data-04.zip","987188","ef25ca1f792f6c92690a28259d878124c9438c9d464e1ae7d472187ecc97e9e1"
"SD0542_T001_1hao","SD0542_T001_1hao.xlsx","hourly-data-04.zip","990399","abecd3e73b0b511153f746849f80661cd18f9cea818ff7d87392b5afe9531b20"
"SD0542_T002_2hao","SD0542_T002_2hao.xlsx","hourly-data-04.zip","979864","45df6166fedc9024fa39759a271e49a5e12c6d26de9c8c49cca7e2f5a4175c66"
"SD0542_T003_3hao","SD0542_T003_3hao.xlsx","hourly-data-04.zip","976582","3206a5854c31d3fd90185168783cf238783dc90727d574995c8036f5aab2de2a"
"SD0543_T001_1hao","SD0543_T001_1hao.xlsx","hourly-data-04.zip","988040","c2f1a7e7aad72e1cf3628378ec1154334428814d978ddb0da1d0380e55bdaa3e"
"SD0543_T002_2hao","SD0543_T002_2hao.xlsx","hourly-data-04.zip","987298","f92a2b325fb233b54d6af7dbb9db41f42fe8a8585481b94a3e63bdf2b428ff47"
"SD0543_T003_3hao","SD0543_T003_3hao.xlsx","hourly-data-04.zip","989806","388e92003f8f1499f73d1de0a45bf7b3122049bfebe94b10a64004283287b169"
"SD0544_T001_1hao","SD0544_T001_1hao.xlsx","hourly-data-04.zip","990556","9d0c0a9b24c4a6d92ad12cbcb72d2d9678beba748f1f20975a4c00f124cdf4f0"
"SD0544_T002_2hao","SD0544_T002_2hao.xlsx","hourly-data-04.zip","981706","67190603f81459377c7c372f9cf5563be418ce93fa9511f1c462473cc3d4ac7d"
"SD0544_T003_3hao","SD0544_T003_3hao.xlsx","hourly-data-04.zip","818063","26c9e740317dbc16f690fe0c67f18bcbe815efdeea8f798f01f260ccafbd2e14"
"SD0544_T004_4hao","SD0544_T004_4hao.xlsx","hourly-data-04.zip","983080","652b4a538f15f8f9f7746009ee83a24b7bf2713c5386987492bddba1d233eb7a"
"SD0544_T005_5hao","SD0544_T005_5hao.xlsx","hourly-data-04.zip","977352","6860d1cd408cb68ea1d61b8475c8d5013277b63429ec035cb3d0960b32b6d94d"
"SD0545_T001_1hao","SD0545_T001_1hao.xlsx","hourly-data-04.zip","973071","cf642001ea39f4c6aecf320e844b454c805fad251efbd9e84487bc8f59f7f604"
"SD0546_T001_1hao","SD0546_T001_1hao.xlsx","hourly-data-04.zip","983154","9e95c72c5caf0f61d90bd541cd4287b905fb8ef1667caa78bb0b2fd1751a451b"
"SD0547_T001_1hao","SD0547_T001_1hao.xlsx","hourly-data-04.zip","988481","ff5898632cae549e8c5ebbb1a2b12c9bd525fba7137f16c25e9fe03dcfcdf4e8"
"SD0548_T001_1hao","SD0548_T001_1hao.xlsx","hourly-data-04.zip","982057","689fe3d830527c9045463eb5d310eb3a24b8dec66f011929b00907f9ab513e36"
"SD0549_T001_1hao","SD0549_T001_1hao.xlsx","hourly-data-04.zip","978724","437734e59d68a66a6555c49afc9a41f33c9ab2de4d3156ddf458409d1e47b514"
"SD0550_T001_1hao","SD0550_T001_1hao.xlsx","hourly-data-04.zip","978711","537f58c1f0a0119501b7984f52184ba7e9c5c9cf858f75df1808a237b0ce7d28"
"SD0550_T002_2hao","SD0550_T002_2hao.xlsx","hourly-data-04.zip","979993","1235bda552e48f5de9af13fcd34356777c9042a4aa04370d7629ea5e9a5d1b53"
"SD0550_T003_3hao","SD0550_T003_3hao.xlsx","hourly-data-04.zip","980530","ec5e4e128c15b2fc23d245d1a2fe89b3a0e6734a812d4759ff3721b294f78858"
"SD0550_T004_4hao","SD0550_T004_4hao.xlsx","hourly-data-04.zip","980297","12c7d2add07b74f3a06b4d9865659c72d96125500c001619b8d98d7f7542baaf"
"SD0550_T005_5hao","SD0550_T005_5hao.xlsx","hourly-data-04.zip","983688","45129bba55799df930831a1333a399f63d9750b2952e06e30cc343c447886356"
"SD0551_T001_1hao","SD0551_T001_1hao.xlsx","hourly-data-04.zip","983011","6e6f141cdf88e7021d88792040d1d352e841da110a58cfeb1f9a81d6a37119bd"
"SD0552_T001_1hao","SD0552_T001_1hao.xlsx","hourly-data-04.zip","991478","46e2509fafedeb1d7ab40ce8f43afb25687ffde3a8a566da7123cb544601eb6d"
"SD0553_T001_1hao","SD0553_T001_1hao.xlsx","hourly-data-04.zip","974392","da5b498ec0b6739ada3cb0c3764db935bbe9b391b83b47066fffdf338f159349"
"SD0554_T001_1hao","SD0554_T001_1hao.xlsx","hourly-data-04.zip","992767","2ca6965acded832bfe07c8f6e014ed866db29c05f9ed92187b39865a5d9e7572"
"SD0554_T002_2hao","SD0554_T002_2hao.xlsx","hourly-data-04.zip","995537","afb2fd0d64813d1b74585565271f63be098edfb276aa2565a89c3c6b5d25a788"
"SD0555_T001_1hao","SD0555_T001_1hao.xlsx","hourly-data-04.zip","981422","650b12b86e7c537d7c7e940e7c306b5070e0a59e6c49d4dc0f3635a614d67488"
"SD0556_T001_1hao","SD0556_T001_1hao.xlsx","hourly-data-04.zip","980825","ea161d07ac6dd01d9db53fe9ab7df96115ecb248c0672d85a91647624c3aafd8"
"SD0556_T002_2hao","SD0556_T002_2hao.xlsx","hourly-data-04.zip","984097","6982438ae1d46fca3079db99a551d52836a56da32c0148f8102c6ef5ae2c1d31"
"SD0557_T001_1hao","SD0557_T001_1hao.xlsx","hourly-data-04.zip","976055","b6251f39ec896586d67e8938ef3b0fbbb5a80066fa66aa3ad64d11054d542dce"
"SD0558_T001_1hao","SD0558_T001_1hao.xlsx","hourly-data-04.zip","977958","30fd6dd1d18d24fd240aa798a51bb012b7b11a4f531e9c97dfba04d8c74e0209"
"SD0559_T001_1hao","SD0559_T001_1hao.xlsx","hourly-data-04.zip","982568","55661c7e04358bc8755d33f55ba30ca0caeec927651c56b67f1d67c3e0f2a301"
"SD0559_T002_2hao","SD0559_T002_2hao.xlsx","hourly-data-04.zip","981935","8dbd2c41d26dffb27d79efafa509de822cd10665434b6cc09efcb960e7f56c77"
"SD0560_T001_1hao","SD0560_T001_1hao.xlsx","hourly-data-04.zip","990937","8cf7f3b564a8bd9df908cee76be850250b64c3eb785b68a2881f4e0c1be38b49"
"SD0561_T001_1hao","SD0561_T001_1hao.xlsx","hourly-data-04.zip","986225","8abd8ba13ad671c53f197c4958a3faa3492e8310fca7248b8d7d69516c4ea9b2"
"SD0562_T001_1hao","SD0562_T001_1hao.xlsx","hourly-data-04.zip","989382","2d6fbd8a85ee41066413437cbc016f55c78aac1fd3a214efda3a031440516297"
"SD0562_T002_2hao","SD0562_T002_2hao.xlsx","hourly-data-04.zip","987387","ca595d7c157573345b4e52948f6f1d0771a6f76cc1da692ee7e3928290d20b5f"
"SD0562_T003_3hao","SD0562_T003_3hao.xlsx","hourly-data-04.zip","984141","4315c973231c5e1540ff60b6c33bd1b393e7466d1e62cc43e2099e3e7c84bbbe"
"SD0562_T004_4hao","SD0562_T004_4hao.xlsx","hourly-data-04.zip","987056","49b9f0b6681222f60aaf8d0fdb579f7f7371842f8763f206fbd96d4769066620"
"SD0563_T001_1hao","SD0563_T001_1hao.xlsx","hourly-data-04.zip","1002983","9dc8b15b9e41f65f74db4d25b644b9fe4bb57dc0c2f02f83f9c18eb82e9205b4"
"SD0564_T001_1hao","SD0564_T001_1hao.xlsx","hourly-data-04.zip","974288","22c9e3aac3d1ab2518ac7b20c72efdebdfd1b13b1eca218f5bbaf7f429b68f86"
"SD0565_T001_1hao","SD0565_T001_1hao.xlsx","hourly-data-04.zip","984151","15ec4b9b5bf26665e1718756a047a4a8cf09d65c0760f828c2177254105dd8ba"
"SD0565_T002_2hao","SD0565_T002_2hao.xlsx","hourly-data-04.zip","989969","e826c4380192a65ebbe304fd9f18e1c34bba2fba7f103d5b3a2774327f48f2e7"
"SD0565_T003_3hao","SD0565_T003_3hao.xlsx","hourly-data-04.zip","996133","fd79ec12e150588f4bd3fde8c8ecc591d349259a3073537167077dd042e1b2e5"
"SD0565_T004_4hao","SD0565_T004_4hao.xlsx","hourly-data-04.zip","984496","6f0db17a35792f67e26d1d155abb8d655845171227dcda7ac1bc638262e0c515"
"SD0565_T005_5hao","SD0565_T005_5hao.xlsx","hourly-data-04.zip","991338","6864dcb6f3497594ca26911118de891df4fc79c958394c1e62c9b5f0b650e55d"
"SD0565_T006_6hao","SD0565_T006_6hao.xlsx","hourly-data-04.zip","984666","e92d1538b71f3a9df689417a6e531d3ab3b2b71edf435dccf691c3958442e3a7"
"SD0565_T007_7hao","SD0565_T007_7hao.xlsx","hourly-data-04.zip","982976","f4d51b48f6ed143dba7fe384f23aa4963212eef5b066d3ba74471271065a61c2"
"SD0566_T001_1hao","SD0566_T001_1hao.xlsx","hourly-data-04.zip","989044","2b4c4713d65072244446a42ade48873fca096f30368e7e579c2fe50bcc7ad392"
"SD0566_T002_2hao","SD0566_T002_2hao.xlsx","hourly-data-04.zip","990280","0f9343755c24e3370c8da10a5974215d9399d34cc28a9de950cdc7ed73ff1a24"
"SD0566_T003_3hao","SD0566_T003_3hao.xlsx","hourly-data-04.zip","987942","2134b107d7e8236ed4174b13ef5de3378faf75dde8bc68afa4ecbcfc41795d27"
"SD0566_T004_4hao","SD0566_T004_4hao.xlsx","hourly-data-04.zip","978314","e526a4c591882b0869148d9c6635527a74fb109cc8b181ea34b01a4647e11c68"
"SD0567_T001_1hao","SD0567_T001_1hao.xlsx","hourly-data-04.zip","984515","c0bbcd86de4536369405f38a35796843780f7a64d93bcaa6018ca58778966d69"
"SD0567_T002_2hao","SD0567_T002_2hao.xlsx","hourly-data-04.zip","984121","61bf45ba2e68b46a92854809516c6c32de4d174c9a6521dfa2cab744a4c95b0a"
"SD0568_T001_1hao","SD0568_T001_1hao.xlsx","hourly-data-04.zip","991120","04d08329dea99f32d3d48073e1185720aedd03d6caa44d7d8ba5e9d33dd25400"
"SD0569_T001_1hao","SD0569_T001_1hao.xlsx","hourly-data-04.zip","978568","3f26d7392a61431d1539ec2971b0879dd6000a442ed02b2c97393ce3e59a1f0c"
"SD0570_T001_1hao","SD0570_T001_1hao.xlsx","hourly-data-04.zip","975478","444a6844e7f8cc76dedba9cbf33bbf1192e8342702e658dfda1b6464e9c9f4ae"
"SD0570_T002_2hao","SD0570_T002_2hao.xlsx","hourly-data-04.zip","975730","9a035431e46e7a24ee977daeebfc87a83c12e5b9a0819ee86abcf21421124f61"
"SD0570_T003_3hao","SD0570_T003_3hao.xlsx","hourly-data-04.zip","992793","92c6815c117b6d874062f8bc5a2e1f87fc1f217044cc3e239768c1ed24ead364"
"SD0571_T001_1hao","SD0571_T001_1hao.xlsx","hourly-data-04.zip","975159","4ce72a513f5a67202a1e9ef8fe17d4d647d777b9608b77a95860dbc969207777"
"SD0572_T001_1hao","SD0572_T001_1hao.xlsx","hourly-data-04.zip","986927","9a1d89c6538a8fd0c7396ada92f3553701d93d644eb9eca3f3562af050f187d9"
"SD0572_T002_2hao","SD0572_T002_2hao.xlsx","hourly-data-04.zip","986487","1cc6202e0f367a9099ca54c6bb9b78b38a850e385e2918c9ccf3b6f75443edb9"
"SD0573_T001_1hao","SD0573_T001_1hao.xlsx","hourly-data-04.zip","829245","6d439e96702bb422e4c1cbc32f7923d2149511b4b0a94ab3334b2ae7c76a096e"
"SD0573_T002_2hao","SD0573_T002_2hao.xlsx","hourly-data-04.zip","992151","968128d1a65398b13df618bbdcb6e7b61e2b792c397151478d92dede1ba4ed5e"
"SD0573_T003_3hao","SD0573_T003_3hao.xlsx","hourly-data-04.zip","991920","f15e557567f861d38f84924fe48e394d6dd5ba8cf883b8fa4b6bd9a0b8818b28"
"SD0573_T004_4hao","SD0573_T004_4hao.xlsx","hourly-data-04.zip","993336","cab0044932b87ccd6f2dd19514c40d90a18fa6b489086efe0716aaceb41792de"
"SD0573_T005_5hao","SD0573_T005_5hao.xlsx","hourly-data-04.zip","984047","edc4b2d048472481f040fc06ee9da1532a1247826c4474fe1f52d0bf6b3ce65f"
"SD0574_T001_1hao","SD0574_T001_1hao.xlsx","hourly-data-04.zip","977013","4256588a5d6ae74bf308250b08061c07873e110dbfe0c542592b53920c062123"
"SD0575_T001_1hao","SD0575_T001_1hao.xlsx","hourly-data-04.zip","996731","3c0d3adb9a9d98afa013a023bad047518236485caddaabad8c382ddf9a2f9ef7"
"SD0575_T002_2hao","SD0575_T002_2hao.xlsx","hourly-data-04.zip","990481","899848420970352585fea12028bc6583c8722f114cb10fa255de092e069330bc"
"SD0575_T003_3hao","SD0575_T003_3hao.xlsx","hourly-data-04.zip","982868","ec7f35a00cff9c0426feee581a15d13a2748becf77b9a05dd57619621ed34096"
"SD0576_T001_1hao","SD0576_T001_1hao.xlsx","hourly-data-04.zip","1002212","b27cf91a140e5f2b7c40c8e2b39e66e1aaea46fbf95713ee69e880b2871ed4af"
"SD0576_T002_2hao","SD0576_T002_2hao.xlsx","hourly-data-04.zip","977478","6a02b14a04a766979f1aaf8962ee87a4213c13e64a6d956f3780cc7fa84f34f1"
"SD0576_T003_3hao","SD0576_T003_3hao.xlsx","hourly-data-04.zip","975412","56040e3de910d934d95cd4341ef75c9369452058395d12db161482329ff30ed2"
"SD0576_T004_4hao","SD0576_T004_4hao.xlsx","hourly-data-04.zip","984115","30155588119cb19bd1272c23fbbfd54949a611c1dcaf4bf5b8bba7d2c1147df4"
"SD0576_T005_5hao","SD0576_T005_5hao.xlsx","hourly-data-04.zip","979808","e50a490d44dd4b530e6bf1fd7e7539a0c43b5f1f374020e4610e80864b8740d2"
"SD0576_T006_6hao","SD0576_T006_6hao.xlsx","hourly-data-04.zip","995634","97bedd180a888a28a42dce78e0899eb4eb0a417cddb99e9f03e3abefd7a17ea1"
"SD0576_T007_7hao","SD0576_T007_7hao.xlsx","hourly-data-04.zip","980091","ad124b29741f25d4d5bea6da3d884294e7c280e174b25ed5488576465f70a2e0"
"SD0577_T001_1hao","SD0577_T001_1hao.xlsx","hourly-data-04.zip","992029","77c8073b2e92d2d22cd99248511daa2be8163a0d9a56b4a807b30d9dc5989c35"
"SD0577_T002_2hao","SD0577_T002_2hao.xlsx","hourly-data-04.zip","991873","3a807ca54d3d968854fa667fcc02a0989915a317062212f44adfc7ab71f98a6a"
"SD0578_T001_1hao","SD0578_T001_1hao.xlsx","hourly-data-04.zip","991506","289258f4a8df8524f8cc791712649aa8522c877101d709fa4fc05ce2ba89ac0b"
"SD0579_T001_1hao","SD0579_T001_1hao.xlsx","hourly-data-04.zip","978684","62833c9941dd23126acc7189777ebad3f980a09963f1d3bf4534a97845d37b0c"
"SD0579_T002_2hao","SD0579_T002_2hao.xlsx","hourly-data-04.zip","983467","a14a58b9ec87900fe9590e06a8d096674744cab9fc2ce773b5012109ff7816aa"
"SD0579_T003_3hao","SD0579_T003_3hao.xlsx","hourly-data-04.zip","979986","4fb5bc3f77c6a9f509f51c069c7fee54f6fcfce56fa157778876a6d4d915592a"
"SD0579_T004_4hao","SD0579_T004_4hao.xlsx","hourly-data-04.zip","983735","b914ed0a5fd86e57ea43ed8a31f7e256aa4ee1ba32e5a4e3472c6286675c664b"
"SD0580_T001_1hao","SD0580_T001_1hao.xlsx","hourly-data-04.zip","986631","8edd19c88e5fbc918513bb9ea5a55f3c4fe5e6813ed115d65104f30d997244fa"
"SD0580_T002_2hao","SD0580_T002_2hao.xlsx","hourly-data-04.zip","985524","73a141b71e6ccaf8c94912338a57a0f92990e5ff9cb5a096819d108f6ff849a2"
"SD0580_T003_3hao","SD0580_T003_3hao.xlsx","hourly-data-04.zip","985527","1de0501d529236bd7c16f3fee14326ff47daa032b809dbc455caea7cb7b52d4a"
"SD0580_T004_4hao","SD0580_T004_4hao.xlsx","hourly-data-04.zip","990380","a7e111e0d2242ad920ad05054493b92501d14b8a4f91ff6e41a87570998ce8b4"
"SD0580_T005_5hao","SD0580_T005_5hao.xlsx","hourly-data-04.zip","981634","d208ff755c291f9767f0a498d612aa6348390beff511d4edf97e219f191a3b80"
"SD0580_T006_6hao","SD0580_T006_6hao.xlsx","hourly-data-04.zip","982143","b1b3110208b95ff2f08e0bbef6fc1af9d3ec56af45d9cfb37abf7f71ee4affbf"
"SD0581_T001_1hao","SD0581_T001_1hao.xlsx","hourly-data-04.zip","986103","d457eba62fb032f2e0ab6295d4c5b59008c1d5baf833fbbcea57890d1adb2f55"
"SD0581_T002_2hao","SD0581_T002_2hao.xlsx","hourly-data-04.zip","985444","7de0e8e951bcbdf076a28c2d6c97c61b6d69e435adfdc91c1c44a786dcadf436"
"SD0581_T003_3hao","SD0581_T003_3hao.xlsx","hourly-data-04.zip","985450","087c9eca0401c1dcf41dbfb7b774066f9990f782377dddde2477c37b9a850c9c"
"SD0581_T004_4hao","SD0581_T004_4hao.xlsx","hourly-data-04.zip","987908","4ce69b75bd555affd96c63482d3b27561d1d4deb78e98f02d72f8db22e58ad7a"
"SD0582_T001_1hao","SD0582_T001_1hao.xlsx","hourly-data-04.zip","977424","65f4758ea074206616c3fbc3641ad753698d36e596be418b349018c5bdd3d570"
"SD0582_T002_2hao","SD0582_T002_2hao.xlsx","hourly-data-04.zip","977928","fa9b0cc00b9f0d87e4f5596167537d0e71c4768427cdd0c567575739e92db4f4"
"SD0582_T003_3hao","SD0582_T003_3hao.xlsx","hourly-data-04.zip","977132","498710e0787a4d4ca1e73b4baaf4a1320f813a658cd670cb7c3390bc712f86ad"
"SD0582_T004_4hao","SD0582_T004_4hao.xlsx","hourly-data-04.zip","976907","7607345d53bd16822196141bcb68ed8b0ee60e4851de682c0ecbbcc02b3b32b7"
"SD0582_T005_5hao","SD0582_T005_5hao.xlsx","hourly-data-04.zip","976504","f87e1dcb1aa94c45d6fa5d0af6665aec8f2c09c55d2b6fd075c9148ac9bd2f93"
"SD0582_T006_6hao","SD0582_T006_6hao.xlsx","hourly-data-04.zip","976833","3c8d62d6659f62bd42457723d45b5fe324e3129a49c678a915bcc14aeea92493"
"SD0583_T001_1hao","SD0583_T001_1hao.xlsx","hourly-data-04.zip","979311","121e7dad96741c599488e38a4616148d2c25f0ac2bb179372c22ff9bd5d66d1b"
"SD0583_T002_2hao","SD0583_T002_2hao.xlsx","hourly-data-04.zip","980266","2d033627308618eceb4d50e2e84802d5a2d4b1734c369e31e918d81a9167188f"
"SD0583_T003_3hao","SD0583_T003_3hao.xlsx","hourly-data-04.zip","992713","042bbef50509ce4fae67d9fb3c45091ced21eb4c24f17c49f87748e1da26eea4"
"SD0583_T004_4hao","SD0583_T004_4hao.xlsx","hourly-data-04.zip","979949","f3408c8455c246ba1f28b74102d84f64231a3f1e7c012bf01c358a37a25628d9"
"SD0583_T005_5hao","SD0583_T005_5hao.xlsx","hourly-data-04.zip","979636","bbd774ba0270999b576255d6fa62a4ea4d5ac6ecfde2f55ea2dd8f3e1e8e5dcd"
"SD0583_T006_6hao","SD0583_T006_6hao.xlsx","hourly-data-04.zip","984177","d8a9b5bf5d2071e06d0ab773867d38f8813816bf5ca480ded450fda6b2153ff8"
"SD0583_T007_7hao","SD0583_T007_7hao.xlsx","hourly-data-04.zip","995316","067dc3c293a7a60165212cec841abb2ca511dc3d83e9b50161ce10c1995584d6"
"SD0583_T008_8hao","SD0583_T008_8hao.xlsx","hourly-data-04.zip","978013","012b6e3161e2620e2c6c1e2e13eeba85a68951baa52a009360a996e5842b8462"
"SD0583_T009_9hao","SD0583_T009_9hao.xlsx","hourly-data-04.zip","985789","c33fec3d7164bab02b80da260dc93cc9d35e621ca40fb9cc1cc0e5356b60cab9"
"SD0583_T010_10hao","SD0583_T010_10hao.xlsx","hourly-data-04.zip","984602","14fef21a401944f245cae2ce5d8f243e0f76aad4e108d91be593192b926906be"
"SD0583_T011_11hao","SD0583_T011_11hao.xlsx","hourly-data-04.zip","985951","0a2d014fd76106a414c5e05ee36fb588477781f29c65112187c7afa087b53857"
"SD0583_T012_12hao","SD0583_T012_12hao.xlsx","hourly-data-04.zip","984589","9eeeb09d271c7a527919003f39f5a8380a897892c466dcbd371828631f55d3f5"
"SD0583_T013_13hao","SD0583_T013_13hao.xlsx","hourly-data-04.zip","978036","df4ddd5ed2949b4d81168d5fcdcba76266a34611a40a934a94a8c7ce75461970"
"SD0584_T001_1hao","SD0584_T001_1hao.xlsx","hourly-data-04.zip","978898","0eff996e086c2471c34b321d90608d42ea5b6611986169df0e0578c624e972c4"
"SD0584_T002_2hao","SD0584_T002_2hao.xlsx","hourly-data-04.zip","977810","50d4c725698d5937a5e3a75103810f5ae9cf918d3e222b95e3548d35cbf56fad"
"SD0584_T003_3hao","SD0584_T003_3hao.xlsx","hourly-data-04.zip","978311","c1f3b81f02a6d9716489a369dcc8ba473a6dca1e94053969b66d04faa4de88c4"
"SD0584_T004_4hao","SD0584_T004_4hao.xlsx","hourly-data-04.zip","977794","714429fe966ff16b684ef2fe411ef9c911b1001eaa2d3eb33a3b1e78a51c1d08"
"SD0584_T005_5hao","SD0584_T005_5hao.xlsx","hourly-data-04.zip","979940","18a0de2da319c7bf1d4acf225dd42cdb260d20d5e10aba5ece0830c24d177b5f"
"SD0584_T006_6hao","SD0584_T006_6hao.xlsx","hourly-data-04.zip","978461","7f231ba5fdbce7b9334f2680263f8f8ac5cb0553dd1929e0c24effc976c60f6e"
"SD0584_T007_7hao","SD0584_T007_7hao.xlsx","hourly-data-04.zip","979269","3085caf16ed7765dc25fa68b73b884b1dc70f5c7608ae34b16174f60ac1840a0"
"SD0584_T008_8hao","SD0584_T008_8hao.xlsx","hourly-data-04.zip","993171","863b8eab53fcc6afdf4a58b166c42370bf61fe8d47809a3b3e01088eadbbe888"
"SD0584_T009_9hao","SD0584_T009_9hao.xlsx","hourly-data-04.zip","978959","841fa5f2bc1352569d103f6c8598717a502c828eedefb19ec9cfd261af54598f"
"SD0584_T010_10hao","SD0584_T010_10hao.xlsx","hourly-data-04.zip","979170","31bc3295920930aae96fb9fdda58f7859d644d064e69d1c0b1340c2cdd88afb5"
"SD0585_T001_1hao","SD0585_T001_1hao.xlsx","hourly-data-04.zip","999794","13651a9c1a56afc35e6313f088ef65557161148926e1c109f4630e375df27f1c"
"SD0585_T002_2hao","SD0585_T002_2hao.xlsx","hourly-data-04.zip","1001169","2a596409d5674e4029d55792a8ebf87c2542815cc4479b6264dea074eb28c9e8"
"SD0586_T001_1hao","SD0586_T001_1hao.xlsx","hourly-data-04.zip","995676","ba77303728492d85b7b4e33f0cac086af8c8795709385778580449c01bd8bc29"
"SD0586_T002_2hao","SD0586_T002_2hao.xlsx","hourly-data-04.zip","998922","a8167825c75d0748818e6fed3879ef945d032c4e49dcee08f5a1fc79cf7de43c"
"SD0587_T001_1hao","SD0587_T001_1hao.xlsx","hourly-data-04.zip","997442","1ba129868bdcd349cb1934f0ec4584b0bddc67f509193dd927a2ec480b080276"
"SD0587_T002_2hao","SD0587_T002_2hao.xlsx","hourly-data-04.zip","999394","86038c4205d40b6f714e33e977709807db0670024f14a7127d0da86c7464840b"
"SD0587_T003_3hao","SD0587_T003_3hao.xlsx","hourly-data-04.zip","990444","7e5fb50f87e68c0a4d3e5bc43f5ebfe935d3d69d825531281fb767476d577755"
"SD0587_T004_4hao","SD0587_T004_4hao.xlsx","hourly-data-04.zip","982333","dcdd401c739c3bbad78f1b8beb7e38e831baee0b2672ca33058bb8927024602f"
"SD0587_T005_5hao","SD0587_T005_5hao.xlsx","hourly-data-04.zip","1003489","7ce0f8ea30c230cc578857c9272095184423f79b451a44cab81470d82c8e774d"
"SD0587_T006_6hao","SD0587_T006_6hao.xlsx","hourly-data-04.zip","981928","f7dc1addc34fe1b3241066fc77e96e705f925c205865fb35f18e3a5dabf340cd"
"SD0588_T001_1hao","SD0588_T001_1hao.xlsx","hourly-data-04.zip","984240","48db5338d1d9d1da98093fa2c26fa328a842bc3591a686636288e1fd14263c25"
"SD0588_T002_2hao","SD0588_T002_2hao.xlsx","hourly-data-04.zip","987235","dde00d1d7f3006aa123ee6413131df15432c46e11f3f54f72d315987bfff6e01"
"SD0589_T001_1hao","SD0589_T001_1hao.xlsx","hourly-data-04.zip","994324","0f928ba162d38b35c3143bfba1b91ab3f40f35b0c5558c852a5454b70fd83fa1"
"SD0589_T002_2hao","SD0589_T002_2hao.xlsx","hourly-data-04.zip","1000360","b9153f5b3900723221ef0f59316f0e5debf723fb52b674e6f43d0c87d480b22d"
"SD0589_T003_3hao","SD0589_T003_3hao.xlsx","hourly-data-04.zip","992968","d11db1b16db0c6a0f10e7e6f228c4ab07f9a40fa834c4bb7d80b5ada02138c76"
"SD0589_T004_4hao","SD0589_T004_4hao.xlsx","hourly-data-04.zip","1002053","d4cd3f7a3babbc81fa91792705f284cf180c343fa4ae4845a515a264a9c83da4"
"SD0589_T005_5hao","SD0589_T005_5hao.xlsx","hourly-data-04.zip","995807","a0a853d1f01918eb59521a0eaf2058f615e4f331cd7203653fb0c8c3d1d09647"
"SD0589_T006_6hao","SD0589_T006_6hao.xlsx","hourly-data-04.zip","1004511","526dc355fadd5ec9f13bde8a5ccbb777196490f0ea914881f996da9261369efa"
"SD0590_T001_1hao","SD0590_T001_1hao.xlsx","hourly-data-04.zip","986671","f726518d585130c04bee16b8e5310a6039d4bda4b16a8cabf7bd145161500bb2"
"SD0590_T002_2hao","SD0590_T002_2hao.xlsx","hourly-data-04.zip","995738","c51b5286beb53fe1de888976a5d20ee3ef8563ed407151b61ec5f1952c2b1c92"
"SD0590_T003_3hao","SD0590_T003_3hao.xlsx","hourly-data-04.zip","994824","3bddf4de01a39e5a66471b24032e19d07ddf949bd93a9f5bdebbd6d241af87bf"
"SD0590_T004_4hao","SD0590_T004_4hao.xlsx","hourly-data-04.zip","823526","2d6e0e5dde19af0e2b6b62158fc7e415aec217941b17c55e8dfd4a7ec954a043"
"SD0592_T001_1hao","SD0592_T001_1hao.xlsx","hourly-data-04.zip","992727","a294639833e535fd875fbc2c59770a3ae2793d244c5958066987e4e4681b5a34"
"SD0592_T002_2hao","SD0592_T002_2hao.xlsx","hourly-data-04.zip","1013620","5818225dfecf598ce5aadd522f0bae0e59df07242c158ea8df521856f89b8640"
"SD0592_T003_3hao","SD0592_T003_3hao.xlsx","hourly-data-04.zip","1003329","cff2fb27ddb6b11f6fe9dd0a0093f27c79f670f3eefb15fbe0c0251ddc39b1af"
"SD0592_T004_4hao","SD0592_T004_4hao.xlsx","hourly-data-04.zip","1006541","d6b52ddb1b8bc49c5cf5d191d0c8edb76dc4ed46e634ef4deb3784d9c167d87a"
"SD0592_T005_5hao","SD0592_T005_5hao.xlsx","hourly-data-04.zip","975554","76e5c09e6b2a48ca318fd1869e8a21c135e28a00cdb42ed168902854f78d9622"
"SD0593_T001_1hao","SD0593_T001_1hao.xlsx","hourly-data-04.zip","985268","14299c70c611396c75bb3616532c31512719e396f151be131ca20ab66ced99b5"
"SD0594_T001_1hao","SD0594_T001_1hao.xlsx","hourly-data-04.zip","984845","97afd5f5410f5603ffe4c38d406ec2902a4b7e1b96647387de126bde7891758c"
"SD0594_T002_2hao","SD0594_T002_2hao.xlsx","hourly-data-04.zip","993229","2b3f27dc42537e7e8e8ab12e37d6f8c17159d75e33d598a57dbb7f948b6ae64d"
"SD0594_T003_3hao","SD0594_T003_3hao.xlsx","hourly-data-04.zip","999263","05caf5cc0bb83458e79330074917d3d04c17c16a15216e3cf1b891d5e2989232"
"SD0594_T004_4hao","SD0594_T004_4hao.xlsx","hourly-data-04.zip","999275","866300d256cfaf860470c82834a0d44c3b5dbd0c35d4271c30642b4fe677b2bf"
"SD0595_T001_1hao","SD0595_T001_1hao.xlsx","hourly-data-04.zip","996266","fceb92876d13f25170b0f5d18eca63442ebac910817fd307b2f2481be406b7d0"
"SD0596_T001_1hao","SD0596_T001_1hao.xlsx","hourly-data-04.zip","1006134","5ad0482694213c71af7592d21016f783b37efd9d66bd6ce6488e3ab6391d6ef1"
"SD0597_T001_1hao","SD0597_T001_1hao.xlsx","hourly-data-04.zip","985529","39a5db155a11882c20bdaa955bc91fa4f70553a2319706d6be80c5329263f272"
"SD0598_T001_1hao","SD0598_T001_1hao.xlsx","hourly-data-04.zip","979991","54c42fcb2959a7555736efc106fb06f244d382151544ef5110872db7a34bb1e6"
"SD0598_T002_2hao","SD0598_T002_2hao.xlsx","hourly-data-04.zip","976116","f7f8c8ba1ac206c9a05dce57310c9c3ee812f1f9077a48aa50ff4b296a341139"
"SD0598_T003_3hao","SD0598_T003_3hao.xlsx","hourly-data-04.zip","831299","54ac02d34699e1f4c1c48ef4d51de57819fc4acb521d9ce29a2085daeebabe6d"
"SD0598_T004_4hao","SD0598_T004_4hao.xlsx","hourly-data-04.zip","984006","ece2cd33ff6cdd7a99c6f5d07c2c04acca81162e15b47bd9d4f4c5935e4e3bbc"
"SD0598_T005_5hao","SD0598_T005_5hao.xlsx","hourly-data-04.zip","991232","b487137ec5f94646a6cd588a4db5d3504131d7aa0aaf42be73c87375466ce832"
"SD0599_T001_1hao","SD0599_T001_1hao.xlsx","hourly-data-04.zip","1000014","45bba24f4299076380c44bfe7db5d7ce692794cc3366239c8cb52a0fd831b674"
"SD0599_T002_2hao","SD0599_T002_2hao.xlsx","hourly-data-04.zip","993146","5d82ef117701a67eec6a546fe5b80bd2ae04bd4eaef44c362c50c7141ad7b57b"
"SD0599_T003_3hao","SD0599_T003_3hao.xlsx","hourly-data-04.zip","1000651","49a3d505eb0392444df3b4ed215c35d12d74f4d4f5edf663c426fe867e6d1f95"
"SD0600_T001_1hao","SD0600_T001_1hao.xlsx","hourly-data-04.zip","1000813","a74a4e9e1facd0e7e4c408b14a58332c3c9534f3b728273c7060c3593fc4dbe8"
"SD0600_T002_2hao","SD0600_T002_2hao.xlsx","hourly-data-04.zip","987018","9457114baf430306f38c681ac4f2240c0956bcda77afafaeb74efc08413a837d"
"SD0601_T001_1hao","SD0601_T001_1hao.xlsx","hourly-data-04.zip","990821","80d7f386225020a97aa3b076c46b7b0a12184c6186850611ba2249058e39e21c"
"SD0601_T002_2hao","SD0601_T002_2hao.xlsx","hourly-data-04.zip","984106","9e58ad255f5640ab299a03d124047f7c160625e537650580b920802178f1039b"
"SD0601_T003_3hao","SD0601_T003_3hao.xlsx","hourly-data-04.zip","992114","758dec76571dfe2e5d4142089a0ac9adfb12ad4d46fa6981e58b203910dd4d3f"
"SD0601_T004_4hao","SD0601_T004_4hao.xlsx","hourly-data-04.zip","989285","43491bdeed75c88a26a9190e424af83a950611716d9ffe3b41779be47da8c0f8"
"SD0601_T005_5hao","SD0601_T005_5hao.xlsx","hourly-data-04.zip","994477","19eb933ed3174b0388790c925279517b612f2558f08646d6f2bfbd7179c1ca7b"
"SD0602_T001_1hao","SD0602_T001_1hao.xlsx","hourly-data-04.zip","1004093","bfc7fc2bd256ef7f08b34958e890894540f7c638bd823509646d976ef1031ca5"
"SD0603_T001_1hao","SD0603_T001_1hao.xlsx","hourly-data-04.zip","986596","e0eae14827e320a83755471a6d1fe0ce3bc1ed9268e4932810ae763335367273"
"SD0604_T001_1hao","SD0604_T001_1hao.xlsx","hourly-data-04.zip","1004304","693d3ec81b6ca9c72d273032d87a15a558c5764f81024486d5d59b1d48a0f760"
"SD0605_T001_1hao","SD0605_T001_1hao.xlsx","hourly-data-04.zip","1021002","7e90bb670112e2ea86b08927d64a67a3c600f2fe41acfa642e72afff4a97cd96"
"SD0606_T001_1hao","SD0606_T001_1hao.xlsx","hourly-data-04.zip","981606","73bb5d041c968a80978e92ea749942cca194afd6a47bd7c6c287de46d2333d1c"
"SD0607_T001_1hao","SD0607_T001_1hao.xlsx","hourly-data-04.zip","978071","8b8e3c3cb0e96050a73fc14f29e5d72cf70f1f42b26bd4db659c0f3a375d9d94"
"SD0607_T002_2hao","SD0607_T002_2hao.xlsx","hourly-data-04.zip","991707","60a6ff76f13331484b9c593ee250ed430676a35e2803c5ace530ee09e6dcc4e0"
"SD0607_T003_3hao","SD0607_T003_3hao.xlsx","hourly-data-04.zip","979798","8cda99dfaf37549cf4cea2adb62ab0527192eceb2f7ff4aa99e9a313ec6c667b"
"SD0607_T004_4hao","SD0607_T004_4hao.xlsx","hourly-data-04.zip","979524","3f14cbe6a0fd656b71188a34f403fd3d5ef6697892f2859634ec32b9c0b22296"
"SD0607_T005_5hao","SD0607_T005_5hao.xlsx","hourly-data-04.zip","979720","bbba10c88105b2bbbe064ca3274d8409543bc4e407ddfd221af4f75683f6aaa8"
"SD0607_T006_6hao","SD0607_T006_6hao.xlsx","hourly-data-04.zip","820469","17a33b659e37c6c194b42efd72ebee1ee4c33afb0786bff2ea8b4592ea127bf8"
"SD0607_T007_7hao","SD0607_T007_7hao.xlsx","hourly-data-04.zip","981413","dff60a090abbf93af83294d743d037d762314f5b323f978fa2aae1eb3cfca423"
"SD0607_T008_8hao","SD0607_T008_8hao.xlsx","hourly-data-04.zip","979482","148ede4751386c429e6360e3aff586b6bb0c6ebebf97e551ac5b6decc1471305"
"SD0608_T001_1hao","SD0608_T001_1hao.xlsx","hourly-data-04.zip","978601","02c9cced29761c31087637cc73bcc7e4eacada2b37b848edb69851282df4a061"
"SD0608_T002_2hao","SD0608_T002_2hao.xlsx","hourly-data-04.zip","1001590","46441766e054d6e2c801bc5f7053955de97423bfd97236c78109717a8a8d18c1"
"SD0608_T003_3hao","SD0608_T003_3hao.xlsx","hourly-data-04.zip","1002287","ae808abe9dd2ce2c9be414f21cfdca04d6cc76845faee4cbb72e2362250a3c1d"
"SD0608_T004_4hao","SD0608_T004_4hao.xlsx","hourly-data-04.zip","1000706","c73e6ef71c8a38c0b06b6d4027012db4c8f92bcfcb16310fe974599c119ec781"
"SD0608_T005_5hao","SD0608_T005_5hao.xlsx","hourly-data-04.zip","1002462","d1b0308b29cee0473942a35cf4a7700739adcf9828ce9d533a0943c9971a0c5f"
"SD0608_T006_6hao","SD0608_T006_6hao.xlsx","hourly-data-04.zip","1019786","84d07798c180661fc58eafb2d31f885a6fc0f2ea0432efb8fb81b33be6fe1060"
"SD0609_T001_1hao","SD0609_T001_1hao.xlsx","hourly-data-04.zip","994673","89030a1843e6c18bada46c18cfcfe88d90da901b4e73fd64252ce37098527720"
"SD0610_T001_1hao","SD0610_T001_1hao.xlsx","hourly-data-04.zip","1000392","4e27904f6f81abbdeaffe9ddd8cfcd843c8cc4b2337dc413e5bf11ad9b67234e"
"SD0611_T001_1hao","SD0611_T001_1hao.xlsx","hourly-data-04.zip","1001180","a16916647dc5cfc5f3fef48eeefba2bee18f46ca63714b970d83d60ab6c7f26e"
"SD0611_T002_2hao","SD0611_T002_2hao.xlsx","hourly-data-04.zip","998937","d70dfc310c484abe59e8bb25c60648c3fbcb249f71301f4aa886c1d2a9d6acf0"
"SD0611_T003_3hao","SD0611_T003_3hao.xlsx","hourly-data-04.zip","986895","1b0888be8f60cc839bf4257aff0976d0bf81d642f437789898123fb64a168839"
"SD0611_T004_4hao","SD0611_T004_4hao.xlsx","hourly-data-04.zip","981831","13473f011b09a78b70070524f711c75d9e76ec6bda012b426d5319ee455e5f9d"
"SD0611_T005_5hao","SD0611_T005_5hao.xlsx","hourly-data-04.zip","987893","53f4b37980d0db2021aae01dfcd4c8931dd016ba9981ed9aef28f968c575573d"
"SD0612_T001_1hao","SD0612_T001_1hao.xlsx","hourly-data-04.zip","998579","e7632af7fc44e6cb3b7ca1c4c835f0af6ccb287d41f1b808e2508d785e392cac"
"SD0612_T002_2hao","SD0612_T002_2hao.xlsx","hourly-data-04.zip","984514","5c4ac8966c37f054c51ebdbdf2ad852731da3a98cea2a68c134660693af37e33"
"SD0612_T003_3hao","SD0612_T003_3hao.xlsx","hourly-data-04.zip","983128","2aeb44e64bb7267ee991b085ca69df86e88cd8d4d75ab6746b2801d62cf73bf7"
"SD0612_T004_4hao","SD0612_T004_4hao.xlsx","hourly-data-04.zip","986879","1a10a1caafd02b79507d60daba7b63dda9f883b557f432c0d401ba8f6d81d13d"
"SD0612_T005_5hao","SD0612_T005_5hao.xlsx","hourly-data-04.zip","995624","26c6e4109fe1bc8b0c81dc15841d6b65a21088759b1b695039af5064d1e80cc3"
"SD0612_T006_6hao","SD0612_T006_6hao.xlsx","hourly-data-04.zip","997344","a8141f80b3ab8bdfd3e815f8390230d93a477ad4dc152b6e746a0d46e24e6923"
"SD0612_T007_7hao","SD0612_T007_7hao.xlsx","hourly-data-04.zip","987291","26ec00ce8ea17d6c9c0360c5613ab4d446d00e8918fcb2692957fe88b22aafcd"
"SD0612_T008_8hao","SD0612_T008_8hao.xlsx","hourly-data-04.zip","985885","0020d451fef959e2c963fbb2f7f600adb8a390f589800730f3093711a8d3bbea"
"SD0612_T009_9hao","SD0612_T009_9hao.xlsx","hourly-data-04.zip","984956","0d8785f4ff090165383b3be3d4f7bb2f3d30c5d4e805094c8717f00ee1cb75e9"
"SD0612_T010_10hao","SD0612_T010_10hao.xlsx","hourly-data-04.zip","986903","ed72fe52668d59e9cbceccefc1c10c93dba7b8e8c099ef18161a7ad51ae3eece"
"SD0612_T011_11hao","SD0612_T011_11hao.xlsx","hourly-data-04.zip","984309","226842d7279ee10f14b5d296f8b17acb1f345bcffbf5957811f2c1fe504c0baf"
"SD0613_T001_1hao","SD0613_T001_1hao.xlsx","hourly-data-04.zip","981263","57f14d39263cddfc88b259ba7f1e94cc62b4388e294b9a2c437d70eb1f51625e"
"SD0613_T002_2hao","SD0613_T002_2hao.xlsx","hourly-data-04.zip","983723","f92c0ce7d457222d69daf8c6d9d3ee078cb2c19aaa8968577015413f71ea4c17"
"SD0613_T003_3hao","SD0613_T003_3hao.xlsx","hourly-data-04.zip","997824","8a12051077fb25d46acd2588310c2237f26b176122360d4aa005c880905ff565"
"SD0613_T004_4hao","SD0613_T004_4hao.xlsx","hourly-data-04.zip","986085","7b1aad6ab12c54f2c09f2e9cf4854b0dce0963017c4529041a33cae1a36d86d9"
"SD0613_T005_5hao","SD0613_T005_5hao.xlsx","hourly-data-04.zip","976222","14f4fa2b1f34a4896da0c942889a61234b20a9233a14050499eb5a07a7489ba8"
"SD0613_T006_6hao","SD0613_T006_6hao.xlsx","hourly-data-04.zip","998876","69d7ce5dd8561366b412ff2b06cc3a9d87bcbb6baadb24da2feb99447ed35493"
"SD0613_T007_7hao","SD0613_T007_7hao.xlsx","hourly-data-04.zip","998125","da57032c7b5e6bc23e3d1f34bf5d9ccb4434258104c4c8eabca1d319a5406985"
"SD0614_T001_1hao","SD0614_T001_1hao.xlsx","hourly-data-04.zip","989589","c43630ea3184936a3b263025334ca47637d31e4dbcc82c4dbbfac9ad44eb6e4f"
"SD0614_T002_2hao","SD0614_T002_2hao.xlsx","hourly-data-04.zip","1003150","203ab3dd0c4e6a4902c5b0d29c671173090c71d36192e0f542c3ffe3f64d390f"
"SD0615_T001_1hao","SD0615_T001_1hao.xlsx","hourly-data-04.zip","980355","c94d81ae3cfea4cac2411ddd3337160e8bc670b4c6aecca1bcb7f44be35bbe67"
"SD0615_T002_2hao","SD0615_T002_2hao.xlsx","hourly-data-04.zip","985132","07091b80d605b253d4f1aa380090bf1d4f2268cfba93bdb5ab200c4a7a28c4da"
"SD0615_T003_3hao","SD0615_T003_3hao.xlsx","hourly-data-04.zip","988800","4e07163caad84a3b4708cc6e6b70086c8df19d2ee9683fb88ed60c7c43c16ef5"
"SD0616_T001_1hao","SD0616_T001_1hao.xlsx","hourly-data-04.zip","996287","4b9449f1c24193acb9a102c4ed17400a5d09e9a6aeef70152693803f0c42c0d5"
"SD0616_T002_2hao","SD0616_T002_2hao.xlsx","hourly-data-04.zip","994684","8da1872fe33e4698170c902b146ef4159c8b49949bceb2b34d444a89ce2ca54b"
"SD0616_T003_3hao","SD0616_T003_3hao.xlsx","hourly-data-04.zip","1008774","9862bb5cc4232af21ed9a687532a5a82880857b3ebc7381791e66976257a1eb9"
"SD0616_T004_4hao","SD0616_T004_4hao.xlsx","hourly-data-04.zip","995274","693b1e5d23ae9c40776c1074ed1207b81b3e0caddadce1fb6240006c1be6930b"
"SD0617_T001_1hao","SD0617_T001_1hao.xlsx","hourly-data-04.zip","998582","8c8138cd224d69e5e76b0f15e0f05c0c46f5c13de16caa9d09119a176b0e3766"
"SD0618_T001_1hao","SD0618_T001_1hao.xlsx","hourly-data-04.zip","1001607","74abb7b132290dab422c7ccb772ae1b9b80e9d86e8c94319882eeaca1e212e82"
"SD0618_T002_2hao","SD0618_T002_2hao.xlsx","hourly-data-04.zip","827221","eb4aeab3df08e3bf8135d05ffc43c73afc3b294b627a865685ae95564725fffe"
"SD0618_T003_3hao","SD0618_T003_3hao.xlsx","hourly-data-04.zip","993653","abac626e66ff5d50c8da7933a2fac4963876d57f123004bd3911cff6d4049973"
"SD0618_T004_4hao","SD0618_T004_4hao.xlsx","hourly-data-04.zip","987720","4568c647ba1f2cb66f2539a7c0e1857ffdc29ffb111e1dd2c83a5a4c5e9f93a2"
"SD0618_T005_5hao","SD0618_T005_5hao.xlsx","hourly-data-04.zip","1001104","f543a05eeff23bcd5fca7a353f47bea06a985535b162ec89a7d8e497ea04dd73"
"SD0618_T006_6hao","SD0618_T006_6hao.xlsx","hourly-data-04.zip","999541","c71caa539fcf53f8927906f7c67e87bd7a5a75cf8a7f6e680fdd301439135c91"
"SD0618_T007_7hao","SD0618_T007_7hao.xlsx","hourly-data-04.zip","1002412","ca1b154130528fea0dee1f584eac4dca646fe91a29fd832f9e0fe743eb5e753c"
"SD0618_T008_8hao","SD0618_T008_8hao.xlsx","hourly-data-04.zip","989962","6352f9507cf404f24fc55bf55e5e0e82e96759a19f1854678b85bbc8a5e5fc9b"
"SD0619_T001_1hao","SD0619_T001_1hao.xlsx","hourly-data-04.zip","1003090","8c1d0c315ee56694c3cbd9a157fa06cef3d7e73e2985bc987f3c65ef34053ad7"
"SD0620_T001_1hao","SD0620_T001_1hao.xlsx","hourly-data-04.zip","831146","66b83de6f2ce84179601dc51e261e36429afbff5430cd2427b3705e92cc4f655"
"SD0620_T002_2hao","SD0620_T002_2hao.xlsx","hourly-data-04.zip","1004705","e38e140fd13a7b0f0e7aa5fe6d23536e10439739bd1ba3e316fe3f7f892a8109"
"SD0621_T001_1hao","SD0621_T001_1hao.xlsx","hourly-data-04.zip","1010216","74d5574075885fa1af22e9ec1818036bf83b5ff2d51321c4c9598c0ff90ab026"
"SD0621_T002_2hao","SD0621_T002_2hao.xlsx","hourly-data-04.zip","992937","d5d9e7af8ff60980b42287f49a986a3a9ad50b4bd7e3d62c3f8757351a0e6dea"
"SD0621_T003_3hao","SD0621_T003_3hao.xlsx","hourly-data-04.zip","992327","fdc1172bca676c10ae251538cf31f0c9b0fe845f85cf23d16ae999f2bccf5dfa"
"SD0621_T004_4hao","SD0621_T004_4hao.xlsx","hourly-data-04.zip","984527","19191becd7f99b0610410f0c9591b9247368441a6d9986b070fc29031e41275f"
"SD0621_T005_5hao","SD0621_T005_5hao.xlsx","hourly-data-04.zip","989406","ff4130c3ec84f90349c6d7aefdce2d4ed1822f48d926db7462364d5f6e0476b6"
"SD0621_T006_6hao","SD0621_T006_6hao.xlsx","hourly-data-04.zip","993247","d948e063fdad3f5f97cab5d225e21fa06a43759bbd72e223b50871faf5097474"
"SD0621_T007_7hao","SD0621_T007_7hao.xlsx","hourly-data-04.zip","988485","47ebc9f5799fff91326c674f5e26d31300eff44013cc2ee5d7f589c3815b172e"
"SD0621_T008_8hao","SD0621_T008_8hao.xlsx","hourly-data-04.zip","989454","00219cbecd6358c7d270057c8e1157146e1ec7b1f99d031ee3ecc603af81ba42"
"SD0621_T009_9hao","SD0621_T009_9hao.xlsx","hourly-data-04.zip","818837","f3f9e8716d8faacdbc1d7dc63b17899bff41ab2bf822470ab900f6bb4a98fb1c"
"SD0621_T010_10hao","SD0621_T010_10hao.xlsx","hourly-data-04.zip","990455","517af1592c7bd3630c4325654e804a4916834aaa8f6a174bd5c99c7056f745fc"
"SD0621_T011_11hao","SD0621_T011_11hao.xlsx","hourly-data-04.zip","994279","d828f9ba4b18b4ecf971833dd32d9929a4b20057002083d1a0cab8632571a2ab"
"SD0622_T001_1hao","SD0622_T001_1hao.xlsx","hourly-data-04.zip","982268","6c30e371661a175c52ce7b171c97a5e95655334ee89b6307d5e80c3578065904"
"SD0622_T002_2hao","SD0622_T002_2hao.xlsx","hourly-data-04.zip","992618","505a19d3b0f795db5300c56b34ee2b309309609c5051600d57a7d9c7734070bb"
"SD0622_T003_3hao","SD0622_T003_3hao.xlsx","hourly-data-04.zip","989553","d66173ce5687c51e94f97e515c4e9bd513efe38eb98e253bc53b098413428f31"
"SD0622_T004_4hao","SD0622_T004_4hao.xlsx","hourly-data-04.zip","993743","6f92292f6509de6fb65ece1787e77352be2611f300b1984f4fd946499e6e43fa"
"SD0622_T005_5hao","SD0622_T005_5hao.xlsx","hourly-data-04.zip","986236","ca0c8e7d2d38812271e2548b6e2780cc0008813c50240fb2da246467650a30b9"
"SD0622_T006_6hao","SD0622_T006_6hao.xlsx","hourly-data-04.zip","990488","97d420e1d44c95da3c42529a212c1f25586be31ab63521140250143fa1008229"
"SD0623_T001_1hao","SD0623_T001_1hao.xlsx","hourly-data-04.zip","985099","cce829d028fa6eaf86ff42efb619dc2367d4cbc8694201b89dbb77120d41b700"
"SD0624_T001_1hao","SD0624_T001_1hao.xlsx","hourly-data-04.zip","1002898","bddb12c90970b4682c9b893fc9bc4d349c95fa3978271399de6518806304de16"
"SD0624_T002_2hao","SD0624_T002_2hao.xlsx","hourly-data-04.zip","1004083","301395227ef23cb3afcf648abb1cc3537a015142f014a9f18d6cf69562c13c06"
"SD0624_T003_3hao","SD0624_T003_3hao.xlsx","hourly-data-04.zip","992670","af41cee0ecd20c6bf78f5c0987ea8850d9cb712adfb85a2df9dee3ae406210fb"
"SD0624_T004_4hao","SD0624_T004_4hao.xlsx","hourly-data-04.zip","1005180","964c3cfae0e1eb95fdc2d006d6439a827943895dde5f4c4a763b970e3837f2ce"
"SD0624_T005_5hao","SD0624_T005_5hao.xlsx","hourly-data-04.zip","1013028","5898614bfd069eff02e7db6ae3399a891e8725fad3965e4321f633fca9f0360a"
"SD0625_T001_1hao","SD0625_T001_1hao.xlsx","hourly-data-04.zip","977985","230bdf878a35f449e2c909d3253954343fd3db2b8328a615a01b4d80ff8b7270"
"SD0625_T002_2hao","SD0625_T002_2hao.xlsx","hourly-data-04.zip","977559","19144b1206d1769eed00fbd25a50fe0f54977b42edcfa8dc8ec8af3ccd2dd97a"
"SD0625_T003_3hao","SD0625_T003_3hao.xlsx","hourly-data-04.zip","1008027","9fc001db5fbe8240e775368de4278eb0e7af59af7488c6bf1da896c690b9b843"
"SD0625_T004_4hao","SD0625_T004_4hao.xlsx","hourly-data-04.zip","989428","23264fd075d71236c7ef248743800e377c767b99de71ade38bbc97360185a258"
"SD0625_T005_5hao","SD0625_T005_5hao.xlsx","hourly-data-04.zip","987790","bcc817bc64dc7e4166cd4169b4c5e8760ba89d6c1fbc09db189f13b3bcc141a3"
"SD0625_T006_6hao","SD0625_T006_6hao.xlsx","hourly-data-04.zip","999769","6a53ac4e05bffedda2b4b298d9217e48684a76646542ed8a1fea5e8a0fc6ff21"
"SD0625_T007_7hao","SD0625_T007_7hao.xlsx","hourly-data-04.zip","981525","c41c71d5dcc897285e9a61757b50363a83a36d84c05baeebde62c297eb53ace0"
"SD0625_T008_8hao","SD0625_T008_8hao.xlsx","hourly-data-04.zip","833744","c4f467de545504348fd9600d221ba8ec61be6ff25c8a81dfc783cd3b40e76c83"
"SD0625_T009_9hao","SD0625_T009_9hao.xlsx","hourly-data-04.zip","994447","ffddf6a92da64833b4bf7f03d205c96d2191102ad2ae593b82fcc0b05fa6b9a0"
"SD0625_T010_10hao","SD0625_T010_10hao.xlsx","hourly-data-04.zip","986344","b9483e403aa8b77f06652222a92a29b9108f196e0abe4917af5d5ff2a108ee93"
"SD0625_T011_11hao","SD0625_T011_11hao.xlsx","hourly-data-04.zip","987520","627aeb03e655d2b7e2af1f2de0fb51b9931e3f7133c76a2bb2f60947f45f0427"
"SD0625_T012_12hao","SD0625_T012_12hao.xlsx","hourly-data-04.zip","1006862","29d6cb9fa2bb3f41eacd6e580c6cfe5bab0287a7bc917d7c7dd46af843708a1e"
"SD0625_T013_13hao","SD0625_T013_13hao.xlsx","hourly-data-04.zip","835173","58641ab32f1463b9fdb15b2cd232072cc648291dec36d8c0baf761f7f6512fe1"
"SD0625_T014_14hao","SD0625_T014_14hao.xlsx","hourly-data-04.zip","986208","c9b1b445fea2015598d4cec3312204c96de44ab9f350b22391060fde137ba0a7"
"SD0625_T015_15hao","SD0625_T015_15hao.xlsx","hourly-data-04.zip","977714","a19acf6e766168b16cd21f4092ae02cc8809540d04fac66d73d89fb02747606a"
"SD0626_T001_1hao","SD0626_T001_1hao.xlsx","hourly-data-04.zip","987297","3247e02022ed4ffbdf4f8800421a6a63492114bc07ce93e772e3ff08dfaa059d"
"SD0626_T002_2hao","SD0626_T002_2hao.xlsx","hourly-data-04.zip","995032","4b1e8626214b3046268bd3af692316c8e2e1898496261f764272e60add630d6a"
"SD0626_T003_3hao","SD0626_T003_3hao.xlsx","hourly-data-04.zip","993270","bad871d2ab74c441f6ab732df598c3340b9836003d9a97af67b30b40fe94a39f"
"SD0626_T004_4hao","SD0626_T004_4hao.xlsx","hourly-data-04.zip","996855","1df9aab3f99f793b9cf8daa23a664b63e635a5172dd674609fb7159ca3010ace"
"SD0626_T005_5hao","SD0626_T005_5hao.xlsx","hourly-data-04.zip","982200","8101fb8396416499bad1dbde2929ec45f40218163a16189285c3b8ec8f67b8c5"
"SD0626_T006_6hao","SD0626_T006_6hao.xlsx","hourly-data-04.zip","982313","afda74754fe5b2951178c55c68c5ea4e8dc382c53321e2b01c21b2207c9161bc"
"SD0626_T007_7hao","SD0626_T007_7hao.xlsx","hourly-data-04.zip","982817","10d4a1671757fb73d5a5fefd8dd233972c0971dbd4fa04e9b9c10862713563a9"
"SD0626_T008_8hao","SD0626_T008_8hao.xlsx","hourly-data-04.zip","983583","85beb0f71473d21fad014885e8719f8d5259410c95fd35a11f62976655fe26d0"
"SD0626_T009_9hao","SD0626_T009_9hao.xlsx","hourly-data-04.zip","979456","45666d54a536765b2d7b7706fb0744c7f27b06f64203df5ecd853444eaec4807"
"SD0626_T010_10hao","SD0626_T010_10hao.xlsx","hourly-data-04.zip","986330","a867eb1373827a1ae6f46786fadfef39a0454ae2c4bb1dc021eab116a3908e09"
"SD0626_T011_11hao","SD0626_T011_11hao.xlsx","hourly-data-04.zip","985516","ac5268e93504e8719a1b83153dc256756294dfb57cf8bcbcce54fb2e334bc226"
"SD0626_T012_12hao","SD0626_T012_12hao.xlsx","hourly-data-04.zip","994321","bf5ff718e4bfe3bf9e822a52a364a5427463db10babde946cbd1e273c45f7d43"
"SD0626_T013_13hao","SD0626_T013_13hao.xlsx","hourly-data-04.zip","994750","9e8594f5d41c0fc3239f34bbaa903974520118ba831576de9443724ed52e498e"
"SD0626_T014_14hao","SD0626_T014_14hao.xlsx","hourly-data-04.zip","980222","530eeffe94d8457d55c10452972b4eb5202982fdd35d0ba41e114b557c1b95fb"
"SD0626_T015_15hao","SD0626_T015_15hao.xlsx","hourly-data-04.zip","977527","189b52d36d5aafd5d79634fbd321e95d6b38a21a95d35f83a9be40335c1e597f"
"SD0626_T016_16hao","SD0626_T016_16hao.xlsx","hourly-data-04.zip","998074","c4edbbf0dc8250e2e8acbacd61cbb6e40102756c3e720571f81ad9a17f509973"
"SD0626_T017_17hao","SD0626_T017_17hao.xlsx","hourly-data-04.zip","979748","da8fa017abcedaf6b37934589b5db58245b45aa1beb8ee0c5cc9ffa595e22d75"
"SD0626_T018_18hao","SD0626_T018_18hao.xlsx","hourly-data-04.zip","991685","10622c156bc159cdc57422a09d7c3f38455fc73e5a91b612bcd000ca1ca37407"
"SD0627_T001_1hao","SD0627_T001_1hao.xlsx","hourly-data-04.zip","991240","c76254290c8e68a2c1725f29cc3390326ea9259fa03497b1bda52d9a129fbffc"
"SD0627_T002_2hao","SD0627_T002_2hao.xlsx","hourly-data-04.zip","984592","c9d9b9fcaed7b8dc5581b3dc769eab6f64b5a5600673c8f34c9974b34694152b"
"SD0628_T001_1hao","SD0628_T001_1hao.xlsx","hourly-data-04.zip","990394","a77f41bd96610461337d0cc8d102a3e3049b4a0131964249a5595de44387d6ea"
"SD0629_T001_1hao","SD0629_T001_1hao.xlsx","hourly-data-04.zip","988998","bbe7ec47ccb23bf9f8236506be130977dfb89082fd087b2fbde7a86bb6d0e450"
"SD0630_T001_1hao","SD0630_T001_1hao.xlsx","hourly-data-04.zip","989607","36377364a9e064049069df1638259eb54d039382c21134a236231432982a3c9c"
"SD0631_T001_1hao","SD0631_T001_1hao.xlsx","hourly-data-04.zip","988494","c0897feda7cff7eb2473814fd242a8210f6a503a17a449dcb2165b62489b959a"
"SD0631_T002_2hao","SD0631_T002_2hao.xlsx","hourly-data-04.zip","988122","d9054d87b56694e1c5ce51aa8afb87645633d674b2665f3f95e0f7af6098d799"
"SD0631_T003_3hao","SD0631_T003_3hao.xlsx","hourly-data-04.zip","988410","fd4677d49ad4c57872022166cee119781550e8025cba25630b1e6ae7f695ca53"
"SD0631_T004_4hao","SD0631_T004_4hao.xlsx","hourly-data-04.zip","978545","f07dd6bd32b234bc34f72bb11dd585f0a6240937cb8a9f28aa72a7e08cd37453"
"SD0632_T001_1hao","SD0632_T001_1hao.xlsx","hourly-data-04.zip","985647","65e2dcfd3834b01b255fe6793b7dc52fc34086695678042435e03a2307033efc"
"SD0632_T002_2hao","SD0632_T002_2hao.xlsx","hourly-data-04.zip","997818","c73f4c6ee0c1516a270c5015c7b0066ea13314ef38d97bada132f252285b4bf3"
"SD0632_T003_3hao","SD0632_T003_3hao.xlsx","hourly-data-04.zip","821648","a470c2dd251525a2b006b8bdca348a5c159adf4a9a67a33b07aeb0e68860adf3"
"SD0632_T004_4hao","SD0632_T004_4hao.xlsx","hourly-data-04.zip","976234","1593762b05f1fd999c92298ea5b3adbb4ceec49fcd1f9475114d4f97677da528"
"SD0632_T005_5hao","SD0632_T005_5hao.xlsx","hourly-data-04.zip","982762","d61ad0ef4391975844722f96cb36095b9c4f4db3269c53aa6d28c38a230b8ce4"
"SD0633_T001_1hao","SD0633_T001_1hao.xlsx","hourly-data-04.zip","985011","8e2a4745889639b94b7bc215f46bc07c3c3c8f47b18f592c732f41c5a3421f93"
"SD0633_T002_2hao","SD0633_T002_2hao.xlsx","hourly-data-04.zip","989431","8d255b25447bffd333ca3ef0685eba32e6b88026c1aea1fd9d9035b581af13e5"
"SD0633_T003_3hao","SD0633_T003_3hao.xlsx","hourly-data-04.zip","999381","52644bb968ddeb99909060c728f33ffc61861483f4006e2e655667ca261f8761"
"SD0633_T004_4hao","SD0633_T004_4hao.xlsx","hourly-data-04.zip","986273","23433c120d9e95e290e3713c499e87be7aa53e723459463a4911445eed3f7d46"
"SD0633_T005_5hao","SD0633_T005_5hao.xlsx","hourly-data-04.zip","989823","eac270cf65912bb65f72b7d7dd87feab80e7d638c5898b40d2990ca74dea03d2"
"SD0633_T006_6hao","SD0633_T006_6hao.xlsx","hourly-data-04.zip","985238","c1b7d9422e75f5a4f1652f5f15e524c84f7a510e313cbf889a2c8927d88cf8f2"
"SD0634_T001_1hao","SD0634_T001_1hao.xlsx","hourly-data-04.zip","995047","50b55f601c7a4d453676836fd455a027c986385e8b49371250c766a96e692950"
"SD0635_T001_1hao","SD0635_T001_1hao.xlsx","hourly-data-04.zip","992089","5f7d663d393f861e24ce5036b33c04aa9c874c62104ec718bb726438df6d1c0f"
"SD0635_T002_2hao","SD0635_T002_2hao.xlsx","hourly-data-04.zip","980831","aa76d965b000ceba3f0b5c1dfff43ff858489c08b562b43c05a4d7c59ae3e61a"
"SD0635_T003_3hao","SD0635_T003_3hao.xlsx","hourly-data-04.zip","989074","3dd88aec4dfa507a5bc08787d6fb429871bf365e64026ec6bf2e0dba68c05a80"
"SD0635_T004_4hao","SD0635_T004_4hao.xlsx","hourly-data-04.zip","985054","2b66f1cd0621792f2642a89a4b969390c522514cfef6827ac1ec6feeedba38dc"
"SD0636_T001_1hao","SD0636_T001_1hao.xlsx","hourly-data-04.zip","999479","796871081194d30d79ba28a3e042f67e9bcd895e856ce0f9ccc37369162b44d7"
"SD0636_T002_2hao","SD0636_T002_2hao.xlsx","hourly-data-04.zip","995595","04e8bf28f22534d9668d2db455d349aaa8ac53ec42bc0329bbb82ab3a6537cc0"
"SD0636_T003_3hao","SD0636_T003_3hao.xlsx","hourly-data-04.zip","983779","06f220e430e31d1d5591ea7d7f4a1ed3bfb9e04a2ed12beb45255004c1513280"
"SD0636_T004_4hao","SD0636_T004_4hao.xlsx","hourly-data-04.zip","984368","44acc7174b77b183c51a91b9713b15c360f1b75131fe4c2e7937113a5ec1fdc9"
"SD0636_T005_5hao","SD0636_T005_5hao.xlsx","hourly-data-04.zip","1002376","9b46c426086d7147caa6bcbeb0e22b567f6b8610f5c2debc19ebc84a9c09637d"
"SD0636_T006_6hao","SD0636_T006_6hao.xlsx","hourly-data-04.zip","997261","d273202e310d5f888140fb8d5cc24fe7e86d75b5936293ed92d23bf453d2aff9"
"SD0637_T001_1hao","SD0637_T001_1hao.xlsx","hourly-data-04.zip","981197","faac69f72a00a622e1a911aba6ed5d4410b5089ab6b65e88694bffa2e579fe93"
"SD0637_T002_2hao","SD0637_T002_2hao.xlsx","hourly-data-04.zip","982630","28fa9e048ebaa607b548bcad1d93c40e5ed5b1d4b7f689c989d250b0df684d35"
"SD0637_T003_3hao","SD0637_T003_3hao.xlsx","hourly-data-04.zip","982023","b950e30b1133624d80c6309a84fda0f2d8397d515009ccaea71de2bc3cbc78a0"
"SD0638_T001_1hao","SD0638_T001_1hao.xlsx","hourly-data-04.zip","983461","3567b8b4bac3586c90a8699d9ba316bc626bc4a8f1037637acb157b2b2d8ccc4"
"SD0638_T002_2hao","SD0638_T002_2hao.xlsx","hourly-data-04.zip","985839","c5e93931fdf84107a8c00c0eefb6d9d0e7ab80ac35843c6c549a0e9872066fab"
"SD0638_T003_3hao","SD0638_T003_3hao.xlsx","hourly-data-04.zip","988215","a4728c99999673d48b0a7335404f149082f1cfc97e12ae8f6a55174e337d0c91"
"SD0638_T004_4hao","SD0638_T004_4hao.xlsx","hourly-data-04.zip","988265","922d054dc74062c17444607595424a5da9f9240d96e35c36de97af18b899b933"
"SD0638_T005_5hao","SD0638_T005_5hao.xlsx","hourly-data-04.zip","981705","a317dc884c89be928089481cdfac8245a18b48be53bdb5adc547b73e3c5193ba"
"SD0638_T006_6hao","SD0638_T006_6hao.xlsx","hourly-data-04.zip","984954","884ccb0843cec9e11bbf8f870e4bf877495f0fff7b2d20b66ec23fbb19ffb99e"
"SD0639_T001_1hao","SD0639_T001_1hao.xlsx","hourly-data-04.zip","979290","44adf4688e65493bc00b493376292f438f112922d741c76cfa31d3afcd816980"
"SD0639_T002_2hao","SD0639_T002_2hao.xlsx","hourly-data-04.zip","978901","bdedd5744ec82f88cd3073ba24ba01326f52e33455f5fc77059b04a3d9548a05"
"SD0639_T003_3hao","SD0639_T003_3hao.xlsx","hourly-data-04.zip","993405","78e295d135eb23742904c9b73f2d2e0662a73a49e16b7da52d9c33f868d5e591"
"SD0640_T001_1hao","SD0640_T001_1hao.xlsx","hourly-data-04.zip","979110","ea8db630414da2ef4a66985774cbe8e2bed93af7f89d4475119799656887cb94"
"SD0640_T002_2hao","SD0640_T002_2hao.xlsx","hourly-data-04.zip","981394","f525562df60fd9579070539843e9e4ef56a9258a972bb18dfe4ad1fa6861b60e"
"SD0641_T001_1hao","SD0641_T001_1hao.xlsx","hourly-data-04.zip","989255","6965e192cf69e958cdbc2978f5ad70f944626a5e1818d90432e2ca60c6819157"
"SD0642_T001_1hao","SD0642_T001_1hao.xlsx","hourly-data-04.zip","982886","981753422b15e72c756bb66bde70ca1f41cd836c3eecf193812d3eed2cd9df22"
"SD0642_T002_2hao","SD0642_T002_2hao.xlsx","hourly-data-04.zip","976195","819dc977e8dc0f9054f5008408cc5547f8cf187c055f6ee59d1190e006641c2f"
"SD0642_T003_3hao","SD0642_T003_3hao.xlsx","hourly-data-04.zip","1001954","efefe482de74ef2a1d899164874a380994685b4a8a0be17332ec119604b6a5b0"
"SD0642_T004_4hao","SD0642_T004_4hao.xlsx","hourly-data-04.zip","1000274","9e4ee47e5c34e221fd8cbf2a9d9168ad6cf7ae8115b9ed9931b2b173180a4263"
"SD0642_T005_5hao","SD0642_T005_5hao.xlsx","hourly-data-04.zip","991051","1924d92817a2eb8279c7ade6dae059b1306826eafeb3540c17efae8d3ba751e3"
"SD0642_T006_6hao","SD0642_T006_6hao.xlsx","hourly-data-05.zip","988550","94db8395cc51c70d89e95c1643a3b146617c7e8bcf139b1544552e02c189762b"
"SD0642_T007_7hao","SD0642_T007_7hao.xlsx","hourly-data-05.zip","988560","3fdf468ae9a561a7c7f7de2cf2ba027d6f83284a080cdc679e051e2b7a6b4ea2"
"SD0642_T008_8hao","SD0642_T008_8hao.xlsx","hourly-data-05.zip","1001933","24adcd3ec7f02352093219c457be78a9258928c749fa4ba9e6ef6180c41828ca"
"SD0643_T001_1hao","SD0643_T001_1hao.xlsx","hourly-data-05.zip","1000411","02e61720ff6697d318866c45f887d24f66bb9663b24152a2e36b7952b850dcb7"
"SD0644_T001_1hao","SD0644_T001_1hao.xlsx","hourly-data-05.zip","996782","f4131e2f93c9221282a26f668d9bce675648bd4a60ec8f25705f94f74ed16d6b"
"SD0644_T002_2hao","SD0644_T002_2hao.xlsx","hourly-data-05.zip","997746","a3adef445547cb086544ac0beb09547d0217a477b0bd119c618b2abff537f143"
"SD0644_T003_3hao","SD0644_T003_3hao.xlsx","hourly-data-05.zip","1001887","34f607d669597fbafebc4793ca0e8874f2e8cf60388286da2cdf9c0734e69116"
"SD0644_T004_4hao","SD0644_T004_4hao.xlsx","hourly-data-05.zip","998228","bcf47ab115ad37b90155aad496601d453bd1dc558629e5af1bcef973e7a043a4"
"SD0644_T005_5hao","SD0644_T005_5hao.xlsx","hourly-data-05.zip","988996","f4951774d3c94957ffdfd281ffaf5b686ec9fe0a39a61186d7377fec38345583"
"SD0644_T006_6hao","SD0644_T006_6hao.xlsx","hourly-data-05.zip","992647","57ba3e4012385237147ba73ec88d711d9e85e4de6dda413b0625a8dcccb6b65f"
"SD0644_T007_7hao","SD0644_T007_7hao.xlsx","hourly-data-05.zip","990963","002546628a075b0d3d78e4afa37e59aba6c6d583ec7c6b23b31ca8fe0770f686"
"SD0644_T008_8hao","SD0644_T008_8hao.xlsx","hourly-data-05.zip","992773","d0a7e93890acf28e1cad4c2b35b52fe539c31bf237c8eb0ea7f0a4e8d5e37842"
"SD0644_T009_9hao","SD0644_T009_9hao.xlsx","hourly-data-05.zip","992353","98416b4af3d7534824055a8825fb9b45b4b76753d2fc39a273c355734ab16d59"
"SD0645_T001_1hao","SD0645_T001_1hao.xlsx","hourly-data-05.zip","1002577","9d7ad26d79a91672486d0921aea7fb7f8eaeaa70c7cb6ff009b78f5dc848c6f5"
"SD0646_T001_1hao","SD0646_T001_1hao.xlsx","hourly-data-05.zip","1001639","e38593d8af73751fd3d5c3333b8b7ae1d54ff4d487b5bf6f3d55bf5f0ee64be7"
"SD0646_T002_2hao","SD0646_T002_2hao.xlsx","hourly-data-05.zip","995486","67be4a7b0c5604f9dfddb83ca9bbedc2d87cb42db6f1ff1263073cc70d788ad3"
"SD0647_T001_1hao","SD0647_T001_1hao.xlsx","hourly-data-05.zip","1011387","59ab57c62131dab5460d7da6270f8cb03d67b4e3773c4f25dd7e18f9a73aaf36"
"SD0647_T002_2hao","SD0647_T002_2hao.xlsx","hourly-data-05.zip","977656","3b2c963fa2e958c58d4a811ed4b18057ca6c6dcdeb8a9a2bd17b92acab9505d7"
"SD0648_T001_1hao","SD0648_T001_1hao.xlsx","hourly-data-05.zip","985606","04ab3d57850bd3356a3ddf29f510465bdd985be18692c67792afa6f1b5e576e4"
"SD0648_T002_2hao","SD0648_T002_2hao.xlsx","hourly-data-05.zip","982385","ad9c52692cd3677928fbf29a4744b372b233ac230fbb9b27dd2489a9ca3bceee"
"SD0648_T003_3hao","SD0648_T003_3hao.xlsx","hourly-data-05.zip","984155","572378cd8ecf72ce00e7b93c19b39fac6a5fcdc0e980582ad219b493d30c1337"
"SD0648_T004_4hao","SD0648_T004_4hao.xlsx","hourly-data-05.zip","982511","c8c089fb544b80b4924907f61eaeea5b5df147d9d6829321ba301a2b509778c3"
"SD0648_T005_5hao","SD0648_T005_5hao.xlsx","hourly-data-05.zip","813640","75e4c6f5fb10c3efe969d352420b733c2a8f3c9a2abfea607b2964bb677d8226"
"SD0649_T001_1hao","SD0649_T001_1hao.xlsx","hourly-data-05.zip","1011057","7a9674e94db1c885872578984fdb25fefb3677a3dc25cf8c376089b6d94a54e9"
"SD0650_T001_1hao","SD0650_T001_1hao.xlsx","hourly-data-05.zip","1000830","8fbe1ed0b2ef18707c80be2dc25fd221efcc31159d33161b7265f5e71f1f976f"
"SD0651_T001_1hao","SD0651_T001_1hao.xlsx","hourly-data-05.zip","989885","752dde185a6a287b67c03760ef7326038aa8c814f96af84a3d5ce2097a2b7617"
"SD0652_T001_1hao","SD0652_T001_1hao.xlsx","hourly-data-05.zip","1011138","83ea4c8d2d91d96a9d1fa0e76052f4d758b67f5de5bf695d8a6d3722519e55cb"
"SD0653_T001_1hao","SD0653_T001_1hao.xlsx","hourly-data-05.zip","977355","bb840ffa204a7983dc811d2d4bc22e77ffb26a68cb8b19c12475e45524ad9b69"
"SD0653_T002_2hao","SD0653_T002_2hao.xlsx","hourly-data-05.zip","974532","c8f17957e815305079d582b50e04196e12034cda1430fef84d0ae768868d425f"
"SD0654_T001_1hao","SD0654_T001_1hao.xlsx","hourly-data-05.zip","998387","7df31558c1163ebdd6e26407001899aafacc0571245d43d3e9803993dce98227"
"SD0655_T001_1hao","SD0655_T001_1hao.xlsx","hourly-data-05.zip","978818","a44f9f6a8d46ad6713d7ba3232447b615ea589399cab8ae284e78164c3dd9502"
"SD0655_T002_2hao","SD0655_T002_2hao.xlsx","hourly-data-05.zip","985568","c66f5647f0d9d0299b4d2dccb102265e37f8aa27b354012144d405f23fd4c13a"
"SD0656_T001_1hao","SD0656_T001_1hao.xlsx","hourly-data-05.zip","1001089","01f4c1a3eeccba57059813bb0cc9527cf209297c0a5dd5706c28a873322c2450"
"SD0656_T002_2hao","SD0656_T002_2hao.xlsx","hourly-data-05.zip","977588","cdd78de7bceef18d86e4e331139d9e063b886c29e650af422c7e78e5e45b0546"
"SD0658_T001_1hao","SD0658_T001_1hao.xlsx","hourly-data-05.zip","1002569","50f644c9a9b1b85b683dc279eb31fb6052abd74c1b15aba86cd09b9a3d1768f1"
"SD0658_T002_2hao","SD0658_T002_2hao.xlsx","hourly-data-05.zip","997679","3f204ba9af82d09222896a7cf8e992dfc5a9b3f48c6d2183a4cb4fe044a390ed"
"SD0659_T001_1hao","SD0659_T001_1hao.xlsx","hourly-data-05.zip","982165","465f776de0b00d97c4d2d6e85f08c596d165ab9c3f6be06a64dc5515ca4021ac"
"SD0659_T002_2hao","SD0659_T002_2hao.xlsx","hourly-data-05.zip","991739","688ebfe4fc7529c6c6c40a589396bf850deb255a6773f602cc213476b09faf7f"
"SD0659_T003_3hao","SD0659_T003_3hao.xlsx","hourly-data-05.zip","992158","383860c165815c0102e25972b353e0ccddb5fee3c01931b42cc0b02100f7ff6b"
"SD0659_T004_4hao","SD0659_T004_4hao.xlsx","hourly-data-05.zip","993407","75b0b8f695e18efac872358f703bbbc7e2513caada330da4bb8207c590c7a315"
"SD0659_T005_5hao","SD0659_T005_5hao.xlsx","hourly-data-05.zip","988548","9f1a11a5d3d1428aa8b05032e2c73eb873a7051bcd266ed9e0f46c3d57297637"
"SD0659_T006_6hao","SD0659_T006_6hao.xlsx","hourly-data-05.zip","989190","534a04e47f22bce3adb5194659b9adbb1755de34edd33468086f006f5432e1a1"
"SD0659_T007_7hao","SD0659_T007_7hao.xlsx","hourly-data-05.zip","994999","6568b569cfaf1e761d1231422e607330cff4e06c044b73d6d11194171d95ae0d"
"SD0659_T008_8hao","SD0659_T008_8hao.xlsx","hourly-data-05.zip","983348","02020ea32cb4f6a95d37da290c48c04c11648c0b345225aa3e7fa9e28977d794"
"SD0659_T009_9hao","SD0659_T009_9hao.xlsx","hourly-data-05.zip","994038","8a26e54a2f139080f530a6c2674d2f341050672a97ac8836924d86d0c0032137"
"SD0659_T010_10hao","SD0659_T010_10hao.xlsx","hourly-data-05.zip","995264","e79aec5af0ceb87ec04a4498fe36922febf36cb4155dddf6644a6066ce7bd35b"
"SD0659_T011_11hao","SD0659_T011_11hao.xlsx","hourly-data-05.zip","994228","4d8c9e4447d2c87505689268749acb6f37bb2e6258595856f02a668757582273"
"SD0660_T001_1hao","SD0660_T001_1hao.xlsx","hourly-data-05.zip","1019826","dd3adaa15b21658d036ad2752c6b241e588ed3d5e60e93638edb98572720f9ff"
"SD0661_T001_1hao","SD0661_T001_1hao.xlsx","hourly-data-05.zip","994072","d85ad9def7307a67d372a79a799ed3b19be31765a22d0d610c0acf0b4e5eff19"
"SD0662_T001_1hao","SD0662_T001_1hao.xlsx","hourly-data-05.zip","1013084","b811335be3eadc2a08983b8ed09618a7bf0c5dd3bc3182d10750607909d02a89"
"SD0663_T001_1hao","SD0663_T001_1hao.xlsx","hourly-data-05.zip","988588","6bc43212b6d612c716c27651f9a55fe32c6f54283bb1922c6ede39977220a6f2"
"SD0664_T001_1hao","SD0664_T001_1hao.xlsx","hourly-data-05.zip","1018329","68ebd99a3991320ea1939cd28394107b3f4e213f2a81ab4fe3f351b4b00bd1a7"
"SD0665_T001_1hao","SD0665_T001_1hao.xlsx","hourly-data-05.zip","968618","3240edb7b57de63e4216c94d2a3c2c5791e40deef657becab75af15d11073d95"
"SD0666_T001_1hao","SD0666_T001_1hao.xlsx","hourly-data-05.zip","990519","6f0b99ca3d03b78be3705f6d00ffeeb89980fce291b200efdca5b9ec04807435"
"SD0667_T001_1hao","SD0667_T001_1hao.xlsx","hourly-data-05.zip","829043","a33d1b30369328e93d7753a3990cad18758706ba34668727583c4db260520771"
"SD0668_T001_1hao","SD0668_T001_1hao.xlsx","hourly-data-05.zip","1006831","6f338a57c4e3718b8a20cc8cfbe5b6deb50705d4ea413ac88beef5b65643d986"
"SD0669_T001_1hao","SD0669_T001_1hao.xlsx","hourly-data-05.zip","980021","24bf5037d801a00c5b38b8a492fde707387c24feda997ae132366a76491cb073"
"SD0669_T002_2hao","SD0669_T002_2hao.xlsx","hourly-data-05.zip","976873","7caf8606cced172982c4a377c13fc80bc479c83789180be45e38df5ccb1dba65"
"SD0669_T003_3hao","SD0669_T003_3hao.xlsx","hourly-data-05.zip","974076","d97b3a4878ae5fe3fbf3d2f209a1b4088d97df5a72b1afa3466970af8821866d"
"SD0669_T004_4hao","SD0669_T004_4hao.xlsx","hourly-data-05.zip","978227","ad0084c0873a077ae2775da363fb59d84a7270c97d692eeec3d1e91e25e6e8ee"
"SD0669_T005_5hao","SD0669_T005_5hao.xlsx","hourly-data-05.zip","980079","0aa13b09712a5a063b32a6d51aaf379c4633f28b6bbd56a4df60d99efec951cf"
"SD0669_T006_6hao","SD0669_T006_6hao.xlsx","hourly-data-05.zip","983482","d47854ffa475e765483f081f8c11bee3e6881c30ed68e04fec171dcc59446655"
"SD0669_T007_7hao","SD0669_T007_7hao.xlsx","hourly-data-05.zip","977031","276e5c911d6e5010eb04dc19f1cf00df8097e4f90028d8705584220d07ea8244"
"SD0669_T008_8hao","SD0669_T008_8hao.xlsx","hourly-data-05.zip","981231","999cf3a330d9417b881278640f22be20662cbd89b9b9d9d2f712a66d578053cb"
"SD0669_T009_9hao","SD0669_T009_9hao.xlsx","hourly-data-05.zip","971712","40b33ba49110e4e467b5fd4bebe2764f9821db00cbbced7a0e0077f4a5ce4342"
"SD0669_T010_10hao","SD0669_T010_10hao.xlsx","hourly-data-05.zip","973959","0ec38f4fade350c37fb6fa4a75b36cd38f9d8526999996604d4d053a5cf7c70d"
"SD0669_T011_11hao","SD0669_T011_11hao.xlsx","hourly-data-05.zip","973666","509b7ebd24d883832d87a91f4c2e512e6a8996971c9e57f26ddd4a03daa95068"
"SD0669_T012_12hao","SD0669_T012_12hao.xlsx","hourly-data-05.zip","982136","d97131928acb0fef6695e37edb8f8718c0e3609433090be961816781c903840d"
"SD0670_T001_1hao","SD0670_T001_1hao.xlsx","hourly-data-05.zip","998524","69078ffd6e31cf6f50ba04ebf984f9a43441d0d0d23487d15e5705aab9779b95"
"SD0670_T002_2hao","SD0670_T002_2hao.xlsx","hourly-data-05.zip","999653","82a1b65bc470376440e29dfff6899bf1fa794f640a485f0ce81cee7a40c57df6"
"SD0670_T003_3hao","SD0670_T003_3hao.xlsx","hourly-data-05.zip","1005969","28a0f778e4ebf12d217eec9de54257daf55011a73b3a9cbd5778522bd0d884c2"
"SD0670_T004_4hao","SD0670_T004_4hao.xlsx","hourly-data-05.zip","825768","81ab4110961655a75e0d55dc9d7e292accc3aad75bd9d565529fc0e93c0ebd51"
"SD0670_T005_5hao","SD0670_T005_5hao.xlsx","hourly-data-05.zip","987147","1b6ff3dc6f0266ad27b793d6d8e3fd35fa46595b57e362d8ed60e85f1b6bbefa"
"SD0671_T001_1hao","SD0671_T001_1hao.xlsx","hourly-data-05.zip","1006103","5cefc4ec7ef7c0f22be7067f5cc76ecfadea19e56b765ef0000dde62a8268107"
"SD0672_T001_1hao","SD0672_T001_1hao.xlsx","hourly-data-05.zip","1004499","248a075e7e0052ecb978cc4f75c0fa491d3b0d10b4e2d1ee54dad918c13bf283"
"SD0673_T001_1hao","SD0673_T001_1hao.xlsx","hourly-data-05.zip","1007127","6094be1e4b56b3437034055e1a39be0985627eede74c1d0a07899d7b62888e02"
"SD0674_T001_1hao","SD0674_T001_1hao.xlsx","hourly-data-05.zip","1008781","da4ac0030ae2a9cded7f5746aca88b43c76f0ecf9be0657aa7e17b50566cdf51"
"SD0675_T001_1hao","SD0675_T001_1hao.xlsx","hourly-data-05.zip","1002346","07886d8c38a4b6aa01547cbd52ab363422426c9eb75b83506f4aa441594ce372"
"SD0676_T001_1hao","SD0676_T001_1hao.xlsx","hourly-data-05.zip","991090","339bee9ab1ed2628726f88caccf81abb9bf93e7fb83a2b74f2b11358470d8099"
"SD0677_T001_1hao","SD0677_T001_1hao.xlsx","hourly-data-05.zip","1008077","b5a4622ecc1d652d17b5136f557ad5071c328273a2d91077cd37cd077cfddccd"
"SD0677_T002_2hao","SD0677_T002_2hao.xlsx","hourly-data-05.zip","979969","2406cb9398626fe03e62fdea06523d39a553066dcfb81dc9307469844b458751"
"SD0677_T003_3hao","SD0677_T003_3hao.xlsx","hourly-data-05.zip","986337","adc7bf175d0839ce78ec56196dc61eafdc5ef2cec170594583f949a68a58587d"
"SD0677_T004_4hao","SD0677_T004_4hao.xlsx","hourly-data-05.zip","977194","e52821f5a027fe9a35070d209247ac3e65148bcddee0a5c04ec8b9fe368c97fe"
"SD0677_T005_5hao","SD0677_T005_5hao.xlsx","hourly-data-05.zip","985517","944e6512054f936d2fa8989e3c235585f811b6f46189d808f306e8ff24e3885c"
"SD0677_T006_6hao","SD0677_T006_6hao.xlsx","hourly-data-05.zip","989255","61b77c06b3d04309ff8636b3df45274240509ca544bb14d5a8baafe45e5ac340"
"SD0677_T007_7hao","SD0677_T007_7hao.xlsx","hourly-data-05.zip","973871","7ba53d3466ac61880b97b5b37e6da839eb2e117cecb814cc1c9af37f1e70b19f"
"SD0677_T008_8hao","SD0677_T008_8hao.xlsx","hourly-data-05.zip","984571","fe1aca4b91547bf1f79ff673d34c1f3d09e5f9d2ad99356a60a2ef5412e5cb7b"
"SD0677_T009_9hao","SD0677_T009_9hao.xlsx","hourly-data-05.zip","987708","298314f2c9f3d73a79673ceb7615ac6ef368b81e2edca91b1f56c4583ae4ab59"
"SD0677_T010_10hao","SD0677_T010_10hao.xlsx","hourly-data-05.zip","987527","1f895b7b74de12a960906750cb48e042a2197ae0a4dc3649e54b660f3d0bbd7d"
"SD0677_T011_11hao","SD0677_T011_11hao.xlsx","hourly-data-05.zip","996107","36fa0e241a9088fd4b05688e835d27cfa8295b0c541e79e152c711a9dedc8948"
"SD0677_T012_12hao","SD0677_T012_12hao.xlsx","hourly-data-05.zip","978775","7afca6cbbb6ff7ad1668364c13dad9495a75b8c09d76060569461fcd87166bea"
"SD0677_T013_13hao","SD0677_T013_13hao.xlsx","hourly-data-05.zip","982163","ca2d74b6f7fdcf2b56cf103fd94207966d181389e5c880d3de0de6012d85bab5"
"SD0677_T014_14hao","SD0677_T014_14hao.xlsx","hourly-data-05.zip","1001276","ce61dbef6957e880eed8103cf34a9651662a3873d54c983c0384ade6e6e9b37c"
"SD0678_T001_1hao","SD0678_T001_1hao.xlsx","hourly-data-05.zip","1005061","8f9b38cd5bf0b547167e6a7eb1c1e14954cde294a56c08467b2c110e99d9c9e4"
"SD0679_T001_1hao","SD0679_T001_1hao.xlsx","hourly-data-05.zip","1010540","320731f40d36936ce10c90bb1b004f8c12dc3350a51b86c036899188033a9b40"
"SD0679_T002_2hao","SD0679_T002_2hao.xlsx","hourly-data-05.zip","997140","33fe239f6e5150065926d3b89907d82873031c2f34949a1570fc9a1c8ccebe14"
"SD0679_T003_3hao","SD0679_T003_3hao.xlsx","hourly-data-05.zip","985819","673796042a6936ed80129fd8133600c8f7b7dcae7a381f4337e9ea8f9b8358c2"
"SD0679_T004_4hao","SD0679_T004_4hao.xlsx","hourly-data-05.zip","1005740","0fe74cc8ad97d720c0869f340f9fc8214e7ddb23d3a1c3fb0e63b1e4eaf8377e"
"SD0680_T001_1hao","SD0680_T001_1hao.xlsx","hourly-data-05.zip","991111","08dc8caa555f3b0581a8c797375a84b25855ac73ca5f326414a019f5e970aa9d"
"SD0680_T002_2hao","SD0680_T002_2hao.xlsx","hourly-data-05.zip","986607","d6a1d21559d289d5b81ed09b70c5a43381478179fdac50e8a5625c83d374e273"
"SD0681_T001_1hao","SD0681_T001_1hao.xlsx","hourly-data-05.zip","1007686","3753c462e7b6329d563fbffd7570dd7ada58be953e78ac16de89ffcdd89991a8"
"SD0682_T001_1hao","SD0682_T001_1hao.xlsx","hourly-data-05.zip","996159","ba819a5e66635ae242ed160b9d0341a4eb8c94be52f2a1214bb4f61aaebde4e3"
"SD0683_T001_1hao","SD0683_T001_1hao.xlsx","hourly-data-05.zip","1004556","a0fe6b81c9bd7ad3879eb044e29f69df23029d0f944bd93d35862683f3badd52"
"SD0684_T001_1hao","SD0684_T001_1hao.xlsx","hourly-data-05.zip","981489","9eb481fac2a8f7aa63ca63e8e8753afa2afa353d34db8a58c724be7a2fb0a17a"
"SD0685_T001_1hao","SD0685_T001_1hao.xlsx","hourly-data-05.zip","1000161","5ddedf0df993480fd98066eacaa2cb278808a27c22d71bd2f8a97b9ddb21d066"
"SD0686_T001_1hao","SD0686_T001_1hao.xlsx","hourly-data-05.zip","969316","3f428d6a18ee53c720d24ea0b7fd07c677854e09cd72213268d7a484457be6c1"
"SD0687_T001_1hao","SD0687_T001_1hao.xlsx","hourly-data-05.zip","1024215","4b8a4d73d2a699915ab9446fd3fbf5dd1848665b80a4c986260ed6b3ca6bf924"
"SD0688_T001_1hao","SD0688_T001_1hao.xlsx","hourly-data-05.zip","1019791","4e1ca1940469178fee000692d661d4911d3b770de1c4b4d8b0c8f7e6250e6b48"
"SD0689_T001_1hao","SD0689_T001_1hao.xlsx","hourly-data-05.zip","997395","af83a510b47c432b857614ce8acf9520c3696845ff2030755604927b7ca33bf7"
"SD0690_T001_1hao","SD0690_T001_1hao.xlsx","hourly-data-05.zip","977438","4b52b8d2136af1f5b22529782254ec659275f5f1ab831955276b5ff370c6d92b"
"SD0691_T001_1hao","SD0691_T001_1hao.xlsx","hourly-data-05.zip","990174","7a9fc0b9f75ef743869a1ba7f35798dfde385347c411f16a95a20f1c5b42f711"
"SD0692_T001_1hao","SD0692_T001_1hao.xlsx","hourly-data-05.zip","994335","3fe353b79ebfb2d7c7d47661ff410416a1d17213c6eb03eb38bb468e6af017c9"
"SD0692_T002_2hao","SD0692_T002_2hao.xlsx","hourly-data-05.zip","984710","c7c4b9e4d8ea0e545296f493d2521009e5304a1771c5219c6e42b7c8ba6f3ad7"
"SD0693_T001_1hao","SD0693_T001_1hao.xlsx","hourly-data-05.zip","971943","9e7e6d8bf700694bf170b48f93e6aba1f37bddd290801c1f2337641ee344ba3e"
"SD0693_T002_2hao","SD0693_T002_2hao.xlsx","hourly-data-05.zip","984136","5003fb62d40a77f1035ce21cd3263e3da275c53a7403fa5837c041ac30ac1c77"
"SD0693_T003_3hao","SD0693_T003_3hao.xlsx","hourly-data-05.zip","972189","efd9cc0a7550ab911cd4f5be24c7424228170e458e32602a4f1175da83963648"
"SD0693_T004_4hao","SD0693_T004_4hao.xlsx","hourly-data-05.zip","969625","4cbc9cb4edc2dd2166099f27c72b2dcad4e4f2798acb06000d79d66fde2ac923"
"SD0693_T005_5hao","SD0693_T005_5hao.xlsx","hourly-data-05.zip","972132","8e6492b955d508b1d9f92460ab6e063cc59154858c0a618ffefd4049c99b0237"
"SD0693_T006_6hao","SD0693_T006_6hao.xlsx","hourly-data-05.zip","972900","19d8f0b0f838343e9a3e1f9ff0a6d3916ec6a3cb2a9bfee8dbddc88dda213140"
"SD0693_T007_7hao","SD0693_T007_7hao.xlsx","hourly-data-05.zip","984564","efc5645104e1b78452598622c49026fdfc5900f92f943ec56dee87b5576829c0"
"SD0694_T001_1hao","SD0694_T001_1hao.xlsx","hourly-data-05.zip","977257","7a9d62e9acb8d3147dc3460fa7021bed77eaa68f972f4508d5108ba0b8f80a45"
"SD0694_T002_2hao","SD0694_T002_2hao.xlsx","hourly-data-05.zip","976101","f5abaa41473d65f7f37a831bd1e081acc4ab629a607f0212506bc57d43a1d338"
"SD0694_T003_3hao","SD0694_T003_3hao.xlsx","hourly-data-05.zip","827612","54cfd4e0be56ceff0daca67e4f964232719668034c1373d48069b84d4bcb4bb2"
"SD0694_T004_4hao","SD0694_T004_4hao.xlsx","hourly-data-05.zip","976393","303392cfb6def0f6b796f26dd1ff302186f58ad2d2d9baef4a306bcf85cbd686"
"SD0695_T001_1hao","SD0695_T001_1hao.xlsx","hourly-data-05.zip","982799","309c1315566f8d15d9cb31f757ff56998c4e7aaa3f3698278ecc909d77656a83"
"SD0696_T001_1hao","SD0696_T001_1hao.xlsx","hourly-data-05.zip","993805","297a6bb9e4e17775df52ef8b6bb65ce36ac7132c513c9e238e60cf74303a331a"
"SD0696_T002_2hao","SD0696_T002_2hao.xlsx","hourly-data-05.zip","995553","656b4719f34d6a7109595241d83023b188c49ffd22315446b804016ea3d7cf33"
"SD0697_T001_1hao","SD0697_T001_1hao.xlsx","hourly-data-05.zip","980653","f4f985ddd3757ef62841d952a85981abbf1599f9c142f3eb6e267a59a2e1d512"
"SD0697_T002_2hao","SD0697_T002_2hao.xlsx","hourly-data-05.zip","972587","3ca38238ae03a76b13285d1b36ede3d9f8ff8db9a486c89677f9a5660a4ba651"
"SD0697_T003_3hao","SD0697_T003_3hao.xlsx","hourly-data-05.zip","997105","c81b3ddccf9e9b09be479da3c36825430e891739288269cc80b572627f5eda55"
"SD0697_T004_4hao","SD0697_T004_4hao.xlsx","hourly-data-05.zip","997687","4eff7f9544d837717bfa3f2a57dd620557b31f9241a45aa1e9eed4ddd94f15d3"
"SD0697_T005_5hao","SD0697_T005_5hao.xlsx","hourly-data-05.zip","993639","e09bc4fc251d21177f70b3f4e6598a7dd0e5accef7716db4eefbba5eaac0b618"
"SD0697_T006_6hao","SD0697_T006_6hao.xlsx","hourly-data-05.zip","979205","6f49b2c120da41fe775bc5c16fb951577a3857bd4cc074c846b903029feca2a0"
"SD0698_T001_1hao","SD0698_T001_1hao.xlsx","hourly-data-05.zip","980976","383c482a8f990abae4b7dc9b5562cdf9000d580d7626b50bcc76def01438e214"
"SD0699_T001_1hao","SD0699_T001_1hao.xlsx","hourly-data-05.zip","996849","6e06f9603c19f5036e7a83f494d169e47a2111b028c63ec25c9283428bcd5cb7"
"SD0700_T001_1hao","SD0700_T001_1hao.xlsx","hourly-data-05.zip","991259","9e0e68fbd212e2588e43410b50600a153ee623b2b4ea60c9cf018209fc9c8b5b"
"SD0700_T002_2hao","SD0700_T002_2hao.xlsx","hourly-data-05.zip","1002209","1670d4d3c47050d97a156c5951aa644f9b95c425b06e5d064e5248aa9772592d"
"SD0700_T003_3hao","SD0700_T003_3hao.xlsx","hourly-data-05.zip","990279","288188a68074f58de7e19954e1c98d0460947f86dbd2afa4d46700eddbcfb2ff"
"SD0701_T001_1hao","SD0701_T001_1hao.xlsx","hourly-data-05.zip","981001","de8d471a9c69ec58d2d36b34ec3e395fd7a671c0c7fe267ad51294a1c6f9e856"
"SD0702_T001_1hao","SD0702_T001_1hao.xlsx","hourly-data-05.zip","1009166","729cbdf783e85779f216436519f172391eb4f1ff89ea683c5f0fdd593fb71eae"
"SD0703_T001_1hao","SD0703_T001_1hao.xlsx","hourly-data-05.zip","988256","7fab447c31de2afdd56f87271ec3a6ae2c934e4c7f333f6a9faf1bf7a3ec7542"
"SD0704_T001_1hao","SD0704_T001_1hao.xlsx","hourly-data-05.zip","1003331","335cc3e094ec00a92d56d580e5e7fcff8b86e4838c8bf5ecf1bf6a70f5a0de97"
"SD0705_T001_1hao","SD0705_T001_1hao.xlsx","hourly-data-05.zip","998307","2f03712b572b81ee20c99c686ec837c3c1019d46eb7f5abb4df1a2a530143c68"
"SD0705_T002_2hao","SD0705_T002_2hao.xlsx","hourly-data-05.zip","976249","8607daf05a745d712609af906bc52b43eca0cd91decde552d3393170981e79d0"
"SD0705_T003_3hao","SD0705_T003_3hao.xlsx","hourly-data-05.zip","992326","55af4f674537ad5bffbf2d266ba33c924b9019f1e889f51601cc9707f05ae704"
"SD0705_T004_4hao","SD0705_T004_4hao.xlsx","hourly-data-05.zip","816092","93d4705d71125115df97be7b5aeb2618c59a4b1945754aaef5a9ca8ed8853060"
"SD0706_T001_1hao","SD0706_T001_1hao.xlsx","hourly-data-05.zip","977201","942746d737420346bfdf1a450313888cd6b96c8d650e677adde5b8bdafd3af7e"
"SD0706_T002_2hao","SD0706_T002_2hao.xlsx","hourly-data-05.zip","978100","260969182acf9c51f088b5d4f04f3d059b8f4eaa94629027be1d17b8b2103dde"
"SD0706_T003_3hao","SD0706_T003_3hao.xlsx","hourly-data-05.zip","996534","e80c9991077380a3de30706ab6c98b7fe29169bb71444e0c110f28068313d794"
"SD0706_T004_4hao","SD0706_T004_4hao.xlsx","hourly-data-05.zip","1004277","da31fb965e61a518c2e6ae4ea6f75e1f449bc1360720b5dd8a083411179ea708"
"SD0707_T001_1hao","SD0707_T001_1hao.xlsx","hourly-data-05.zip","1005324","dd4b28949d7ad1af7c149f76a8f3c94cbc0de65baf530ae397082e8d34dfe63e"
"SD0707_T002_2hao","SD0707_T002_2hao.xlsx","hourly-data-05.zip","983968","dac0d47c5480f31947a5797138ebd23bb7102b463adf6fb0837cfde45390faf6"
"SD0707_T003_3hao","SD0707_T003_3hao.xlsx","hourly-data-05.zip","990730","e34149e7988e798b5df352f4df19422a6f4a1906a79e5c364a3248fe8d90ab9f"
"SD0707_T004_4hao","SD0707_T004_4hao.xlsx","hourly-data-05.zip","982083","7226163e37ac5c4c4051e14c482e0881f9b598d83f3d827e9cbf0e1d2556460d"
"SD0707_T005_5hao","SD0707_T005_5hao.xlsx","hourly-data-05.zip","991909","f567831fcdf0e84e4db747039dab8c9ebe548b2ce64170362d03862cbec4b663"
"SD0707_T006_6hao","SD0707_T006_6hao.xlsx","hourly-data-05.zip","827146","01b770a33306b980b2f56213a488eb4e323d5c42ca921e23f9e2004a52da7d8d"
"SD0708_T001_1hao","SD0708_T001_1hao.xlsx","hourly-data-05.zip","992915","8bf41385b2e3c7f170b5b18a368ff8ba42da60094a2443a8299ff60c5ad9bfcb"
"SD0708_T002_2hao","SD0708_T002_2hao.xlsx","hourly-data-05.zip","992449","ffdc2e7b10bca56ffa47a02f2c3a153960e9254561030570ea5fa530d21f0670"
"SD0708_T003_3hao","SD0708_T003_3hao.xlsx","hourly-data-05.zip","988867","f313d004d2d42417e70318156f4b925ed8201ab2fa84344e61870ff7a58c269d"
"SD0709_T001_1hao","SD0709_T001_1hao.xlsx","hourly-data-05.zip","983391","882966b8cac961fa3ed81ccb1e2518ecb54821f7da14748e7b63aa270d0d5b59"
"SD0710_T001_1hao","SD0710_T001_1hao.xlsx","hourly-data-05.zip","981284","91eae63e7f4ba2e0c214be4d20123737f19477c40f9a4f72b2e27c906feef1ca"
"SD0711_T001_1hao","SD0711_T001_1hao.xlsx","hourly-data-05.zip","990536","9dc5e28f51a1d36e45ad928b27e2dd681678de48ee991407198ec6fee6dc0651"
"SD0711_T002_2hao","SD0711_T002_2hao.xlsx","hourly-data-05.zip","993495","f487dcb1c10da6c33b36d97323ad4ba06b91dfda0dd84368a7b4cc962c08b30d"
"SD0712_T001_1hao","SD0712_T001_1hao.xlsx","hourly-data-05.zip","993833","fec45b02dd9efcc5277f53c001bb9ec0c53d6a2379f0ca9d1eba8c6ab3600643"
"SD0712_T002_2hao","SD0712_T002_2hao.xlsx","hourly-data-05.zip","994365","7c57adf64ef07842794cda230b4fde4d9afc46a2bef6a9c3358575381fdbca8d"
"SD0712_T003_3hao","SD0712_T003_3hao.xlsx","hourly-data-05.zip","993600","2f97126d7d5516655e09f01dde11334e13312cd97c0b06005444e7643c60eed6"
"SD0713_T001_1hao","SD0713_T001_1hao.xlsx","hourly-data-05.zip","993418","e158d7c3975effa5d85d9c80b6b83469c041dd5e7dc4563661c1f145376c82a7"
"SD0713_T002_2hao","SD0713_T002_2hao.xlsx","hourly-data-05.zip","998814","5c9bf97ba3d959b7382f488d10b6b5d513b4745592038f993bc6472f75fc4896"
"SD0713_T003_3hao","SD0713_T003_3hao.xlsx","hourly-data-05.zip","823450","7058b80e967dbde7a248699ed6190d70c80e070951c2de3a4d1fd4342177f2d8"
"SD0713_T004_4hao","SD0713_T004_4hao.xlsx","hourly-data-05.zip","983781","60546bc2d07a0becb88fbd2abdcf54b9ef3d5506cc688eb2e95301c417f384a0"
"SD0713_T005_5hao","SD0713_T005_5hao.xlsx","hourly-data-05.zip","991898","438977cd899e2bf7d4494ba9618aabe66463dc67b96ef78de6b44512d3175ee4"
"SD0714_T001_1hao","SD0714_T001_1hao.xlsx","hourly-data-05.zip","1000568","655a9be445649e9153340b96b350f54791cbad4a0cc85b6a0f6b6ceec203b2c5"
"SD0715_T001_1hao","SD0715_T001_1hao.xlsx","hourly-data-05.zip","995859","32bce67c22e7ac3bc5159122b3acf2cd0c52b18510ff5f8ecf2a926db15a8d2d"
"SD0715_T002_2hao","SD0715_T002_2hao.xlsx","hourly-data-05.zip","982890","c19c3010a681465be28e39e470b8c7a3d394c9ce0c7b5230fc86c47d52dbcb54"
"SD0715_T003_3hao","SD0715_T003_3hao.xlsx","hourly-data-05.zip","979853","128e23c7983f687b881c4b67d712190880ac5001b461c51c3ec8c9f7e0988acb"
"SD0715_T004_4hao","SD0715_T004_4hao.xlsx","hourly-data-05.zip","982797","4290df0be5f65965345cdddf84cae754b8ebcc2f43d86feb38894e58963d2698"
"SD0715_T005_5hao","SD0715_T005_5hao.xlsx","hourly-data-05.zip","978771","fba5dca0faf4c9fe67f15e2a87e0d62e933aa76ba3c56871bbf5dfea8a682023"
"SD0716_T001_1hao","SD0716_T001_1hao.xlsx","hourly-data-05.zip","985395","b9b9ab5fd2aeb70d04159c6ae0f8231aec1229d92265145061b87acf487914fa"
"SD0716_T002_2hao","SD0716_T002_2hao.xlsx","hourly-data-05.zip","834366","519fb02cbc22ab03d1351e56ff122b393f8fae878b6a54abe16e79045fd1a832"
"SD0716_T003_3hao","SD0716_T003_3hao.xlsx","hourly-data-05.zip","988467","7d7680bb84ccd6fa67a39c5c50ce3fe949b38e59029e911870384cce2cf2e076"
"SD0716_T004_4hao","SD0716_T004_4hao.xlsx","hourly-data-05.zip","985099","6cb8004d861d2adfa31091f407dbd8128a237b8946e07d9446c3fccd9fc95414"
"SD0716_T005_5hao","SD0716_T005_5hao.xlsx","hourly-data-05.zip","983204","662f5a72f20010d6585498679d2b0f3783b7e31dfc5926ae5052f9375b43b5ba"
"SD0716_T006_6hao","SD0716_T006_6hao.xlsx","hourly-data-05.zip","984848","5f04aa48eb72774eac72d3cca5e028b2b901678a8bca4927467a58ceef848d3e"
"SD0716_T007_7hao","SD0716_T007_7hao.xlsx","hourly-data-05.zip","980185","8a95456013f6b2a8d45b774b32cf62ac87f1da36339b77a03dbe6eacbec149f2"
"SD0716_T008_8hao","SD0716_T008_8hao.xlsx","hourly-data-05.zip","994109","6cd7ab6bcdf7b80ed7827d6f7ad5431b67e5f00969e446298b581e8241f71a92"
"SD0716_T009_9hao","SD0716_T009_9hao.xlsx","hourly-data-05.zip","986471","8c399237b30bc76a9a5997998992093cb871695236db022efb4b0b3014adccac"
"SD0717_T001_1hao","SD0717_T001_1hao.xlsx","hourly-data-05.zip","1008624","58c7a3211b53474e6d41a76afdbc18d7edd1aceab7a3c99a7641d36c19d45de5"
"SD0717_T002_2hao","SD0717_T002_2hao.xlsx","hourly-data-05.zip","836506","e7eb15bdbffe772d11d84eb3cb216f8e5d6ff717ff37ee0ac643581e770987f5"
"SD0717_T003_3hao","SD0717_T003_3hao.xlsx","hourly-data-05.zip","828192","5fdf515f7732b44cdfb9d90832a69d729c4d1c1b93846f498b170612dbbf09c5"
"SD0718_T001_1hao","SD0718_T001_1hao.xlsx","hourly-data-05.zip","999416","0a1026344b70240456d1ef9ef04214c65b10594eceefaa66426038bd972c581c"
"SD0718_T002_2hao","SD0718_T002_2hao.xlsx","hourly-data-05.zip","991503","d8a93b4fa3594c388bbdc9688ef1adb7a287e986eb39838bc991743effeb726e"
"SD0718_T003_3hao","SD0718_T003_3hao.xlsx","hourly-data-05.zip","989429","e27714f16f96464acbb70039ac20e1e5d331ef460456a30f2dac6f40b8de4e2b"
"SD0719_T001_1hao","SD0719_T001_1hao.xlsx","hourly-data-05.zip","988062","0f4f0e9bf437f6f1da57da9c6c456b944e77e17e238941ce9226e83c434e91a3"
"SD0719_T002_2hao","SD0719_T002_2hao.xlsx","hourly-data-05.zip","985496","6ad687c7b3c9462cdc25b5003a6c748e7921a2b11663f4f2415efeb87af0e593"
"SD0720_T001_1hao","SD0720_T001_1hao.xlsx","hourly-data-05.zip","991456","6306627fbdfb35c153bef80294d0e55ad7a937440296c987591f104f2173c69f"
"SD0720_T002_2hao","SD0720_T002_2hao.xlsx","hourly-data-05.zip","1005477","bd0a8aeb8d81908445a05f390b95e7d02725508a0fe5020c4a922e9c72b9abb4"
"SD0720_T003_3hao","SD0720_T003_3hao.xlsx","hourly-data-05.zip","825855","5743ff77ab45489bdb3f6e912e2a83f55e451c9bbb5b390d00ea3835b4e4df16"
"SD0720_T004_4hao","SD0720_T004_4hao.xlsx","hourly-data-05.zip","989192","232fdd233904e38e38e3a3f54afcb1d031a2383cd2e85e4c389aa0f3d3296f3a"
"SD0720_T005_5hao","SD0720_T005_5hao.xlsx","hourly-data-05.zip","993875","63b4136074bc2814657c74def3fc56c9779d0cd943f5c18580a1ff5b9fe1c46a"
"SD0720_T006_6hao","SD0720_T006_6hao.xlsx","hourly-data-05.zip","992405","06c0b99ef26c5b71ce0fe61b9911bfd858432790d2ca7f6331a968e7478fd0c9"
"SD0720_T007_7hao","SD0720_T007_7hao.xlsx","hourly-data-05.zip","996676","7788edcc0364f1e1515ec9e0db2e50f0f2177fbe25237bb7390a8b5781fd35ca"
"SD0720_T008_8hao","SD0720_T008_8hao.xlsx","hourly-data-05.zip","985542","27cf8658c66e1e27af9863da98c8817422d859d720ec9429681a8357c5b35e7d"
"SD0720_T009_9hao","SD0720_T009_9hao.xlsx","hourly-data-05.zip","986876","278f883565af32f2f5dc7a446a72bbd8620f1d62066bfbec881f6fd1cc446525"
"SD0720_T010_10hao","SD0720_T010_10hao.xlsx","hourly-data-05.zip","993180","6e417fd325f85b327b0f4c56831f8ee0030753ccd5dbb58c23e163a4e703b34b"
"SD0721_T001_1hao","SD0721_T001_1hao.xlsx","hourly-data-05.zip","987596","366f354e03bdd4250e68a65fe1d43e95a0533b8db45f4c0c888bc10bfc9734b8"
"SD0721_T002_2hao","SD0721_T002_2hao.xlsx","hourly-data-05.zip","985742","fb859a413769b696aa5f57961c8b7718ae9de616e5f24d2908fe44615c5c5b0f"
"SD0722_T001_1hao","SD0722_T001_1hao.xlsx","hourly-data-05.zip","989529","466f9d80cfe959335039f72b5830b88e8bebcbce30d34e6b9a3ae8ef76a25fe3"
"SD0722_T002_2hao","SD0722_T002_2hao.xlsx","hourly-data-05.zip","984072","5037933309f03fb84908abeed9c262c99c735b10af24792dddc4f97c7b161d3f"
"SD0722_T003_3hao","SD0722_T003_3hao.xlsx","hourly-data-05.zip","984337","302b137a90aae436df2eeee97ade873e7a7654271f254f3ac3eb8cad97e7a338"
"SD0723_T001_1hao","SD0723_T001_1hao.xlsx","hourly-data-05.zip","984811","5f4f782819f19dad978dfacdee7cd847abd42533eb48c1c1d44a36d477ab235b"
"SD0723_T002_2hao","SD0723_T002_2hao.xlsx","hourly-data-05.zip","981817","bdc4845f9153b1a57a6d5d5fcb2a1886a7db0b0a0bbfbe350324a7fb66e00d8d"
"SD0723_T003_3hao","SD0723_T003_3hao.xlsx","hourly-data-05.zip","986990","dd52c6d87f46cc87c2b8bcc8d10444963a2b252c39f5e757ff50e5e341e0fa56"
"SD0723_T004_4hao","SD0723_T004_4hao.xlsx","hourly-data-05.zip","988691","14432b0d13244d2e07483916541438c91afa5c6af03e8ba5dce3a564c49e22e4"
"SD0724_T001_1hao","SD0724_T001_1hao.xlsx","hourly-data-05.zip","977992","08fa430432970c0ff62771fbf866a9b46cd0bdf6e5635f2c55c990481e10b32d"
"SD0724_T002_2hao","SD0724_T002_2hao.xlsx","hourly-data-05.zip","991239","529844c153828806abdfe854978f30fba36feaf44ebed37aef132309736cad2f"
"SD0724_T003_3hao","SD0724_T003_3hao.xlsx","hourly-data-05.zip","977939","b01e463a2cfdd174940ae97a060dc5dfe4e20840c5cd42f33c9c48c158647626"
"SD0725_T001_1hao","SD0725_T001_1hao.xlsx","hourly-data-05.zip","1018060","baf95e36024c46ddfb33fe604de3b724ac1aeee87b48102e35b183fad49c8a90"
"SD0726_T001_1hao","SD0726_T001_1hao.xlsx","hourly-data-05.zip","1007172","f0fe4ebedda410bfe9182dad6c6cd4acd52ef825f8042a22a567ee2da93c831b"
"SD0726_T002_2hao","SD0726_T002_2hao.xlsx","hourly-data-05.zip","985317","ceef761d6eaec14e168b345942fa539a841a9e24c6491e6125242ae3c234c8b4"
"SD0727_T001_1hao","SD0727_T001_1hao.xlsx","hourly-data-05.zip","1003994","26778be7e2ac85f04b248d8bd1a09f9c0b41c9be44b5ec40243a3a750f7486e9"
"SD0728_T001_1hao","SD0728_T001_1hao.xlsx","hourly-data-05.zip","1011732","b58a885041fab387668d2cb4e5e1d7a59bd7aabb3fa3ec6f80c560d68afc7228"
"SD0729_T001_1hao","SD0729_T001_1hao.xlsx","hourly-data-05.zip","1012841","322ad6638e5e4af8730975c452e82473186c5e34c7acec2db28cd8b4c2590c1d"
"SD0730_T001_1hao","SD0730_T001_1hao.xlsx","hourly-data-05.zip","990824","72c81692bf7ac3744ac879af65eec1cda09914f76e9869eb4fe389ad5416f532"
"SD0730_T002_2hao","SD0730_T002_2hao.xlsx","hourly-data-05.zip","987348","b3bd8fb570b4b3b3e82b986eab922aa5f68414937dc464f9f38f3dfb0bf8cc4c"
"SD0730_T003_3hao","SD0730_T003_3hao.xlsx","hourly-data-05.zip","985091","934009ee0706cdbf1dc14bca440d7e00e28d14f5a6c6ec79f826c95997ab5fc6"
"SD0730_T004_4hao","SD0730_T004_4hao.xlsx","hourly-data-05.zip","991795","96dda9370cc4fb9a0b4a45234ec8f3f3453e63abf728df87fc85e7e2ba2215f7"
"SD0730_T005_5hao","SD0730_T005_5hao.xlsx","hourly-data-05.zip","996981","6e9ff01044e92378c6107ad282b20ba89b67f1a902d96a731bb5abee6b7e6567"
"SD0731_T001_1hao","SD0731_T001_1hao.xlsx","hourly-data-05.zip","985388","b365fb185f40e5035caa468b5b093f73a8aa953c4176c820592cc13a53269cbf"
"SD0731_T002_2hao","SD0731_T002_2hao.xlsx","hourly-data-05.zip","1003429","f91762584f91d32808bb5ff3a1f6e169026cfb54ba63465d7a879f6dfffdc752"
"SD0731_T003_3hao","SD0731_T003_3hao.xlsx","hourly-data-05.zip","982360","20cdee52684559b1dc37cc472cb33f4c5a36da1fc440f3d8bd1f205368cebc5d"
"SD0732_T001_1hao","SD0732_T001_1hao.xlsx","hourly-data-05.zip","995621","e6b972710c6dbc55fab056e130040aaf61ef3557b3d12caeb7eddf06c5681fd4"
"SD0732_T002_2hao","SD0732_T002_2hao.xlsx","hourly-data-05.zip","995561","2f1f1b169af3fd1d531d952452ec3ea5d61000b4ec135e9b89d41180600f8095"
"SD0732_T003_3hao","SD0732_T003_3hao.xlsx","hourly-data-05.zip","995810","a4d583c7bdb87ff69614838384cf1ff269c083983e1eeab4290b0a54eb47023a"
"SD0733_T001_1hao","SD0733_T001_1hao.xlsx","hourly-data-05.zip","823112","467011c4da8e9ff3fcf4a2bdc68f01bba8e2fe537ecb9e89e3803d9b1f734922"
"SD0733_T002_2hao","SD0733_T002_2hao.xlsx","hourly-data-05.zip","997925","f6c4d4af105498a8cd9a198e822f319057edc23ae9d8e72f4ca60cce359c86f1"
"SD0733_T003_3hao","SD0733_T003_3hao.xlsx","hourly-data-05.zip","991760","ae3328798951d82ad2adabafff12d0286dbdef4f4328d4103d6f30679e157afb"
"SD0733_T004_4hao","SD0733_T004_4hao.xlsx","hourly-data-05.zip","992478","7a1f759c02cbb2833cc6c7730aa6f4b223a7ce6ef63ae4644b917e6ebb051428"
"SD0733_T005_5hao","SD0733_T005_5hao.xlsx","hourly-data-05.zip","987052","3ffc41d7770e3863eb9ea7fb8560d948c26447bb6b88ab35b8f7ae44d55486ae"
"SD0733_T006_6hao","SD0733_T006_6hao.xlsx","hourly-data-05.zip","987452","7efb788688951b8911446b74f359350058dd4361bdc00cbc5e34391fc80cd146"
"SD0733_T007_7hao","SD0733_T007_7hao.xlsx","hourly-data-05.zip","1004206","9330125ed3cd78edc7c4788e7f533d02cb636dccfea2fe138f83a02ab2941946"
"SD0733_T008_8hao","SD0733_T008_8hao.xlsx","hourly-data-05.zip","990767","8ff929ae682ded4f867c037a6e357fa4d69b340473aa58f091293595fad8c58f"
"SD0733_T009_9hao","SD0733_T009_9hao.xlsx","hourly-data-05.zip","992347","9a03ff95eaf3bbd8adf746ebadc3b88de342de9b00d71212d9a5a56ff9a84ff9"
"SD0734_T001_1hao","SD0734_T001_1hao.xlsx","hourly-data-05.zip","999946","6d73631519649850db8b4ef5690a16c0f9081348509ba7f8c37c2977072c06fb"
"SD0734_T002_2hao","SD0734_T002_2hao.xlsx","hourly-data-05.zip","986177","ce47b34716dc363085a78cca58cb702749f68d039739ec13e8f2ac0c4f58622c"
"SD0734_T003_3hao","SD0734_T003_3hao.xlsx","hourly-data-05.zip","988393","953aaf7fa8bc075699503422bea097b86cda7e4bde45a7de4555309ac2523908"
"SD0735_T001_1hao","SD0735_T001_1hao.xlsx","hourly-data-05.zip","982109","94678bcdbee40dc09e679b408dd4da852aa953ba52ea3a0467f83cf4b4d0e513"
"SD0735_T002_2hao","SD0735_T002_2hao.xlsx","hourly-data-05.zip","1003776","7a6fc9c4d194ccef63677e991e3848f505d8219fb0bff0d4bcd9d9f7b6f3846a"
"SD0735_T003_3hao","SD0735_T003_3hao.xlsx","hourly-data-05.zip","982341","8c4b0311a941125d4e8ecb695622037854a099b81cbaa2f7714499bce40bf1bb"
"SD0735_T004_4hao","SD0735_T004_4hao.xlsx","hourly-data-05.zip","978287","3101d094108c47b38e3bed4b0dd53ea3a046d8992d465c6ad5e63b010a234c66"
"SD0735_T005_5hao","SD0735_T005_5hao.xlsx","hourly-data-05.zip","978153","62f1a327bde384ab2d52a737fe96389e19cafbfa71379f461cb9acdb161d0b67"
"SD0735_T006_6hao","SD0735_T006_6hao.xlsx","hourly-data-05.zip","983893","e380ec541d94547b6873be7a59ff922db263271917c297ead90f23ea246285a9"
"SD0735_T007_7hao","SD0735_T007_7hao.xlsx","hourly-data-05.zip","991462","c2e1fec81d6deb4ea6e5a736206cef69561ab5b2344795c21308561271b6ab58"
"SD0736_T001_1hao","SD0736_T001_1hao.xlsx","hourly-data-05.zip","988268","9d975c90a5f303c5be6ee021e17ed82ee774628c56d64ccc0cb785b2d5ac64a9"
"SD0737_T001_1hao","SD0737_T001_1hao.xlsx","hourly-data-05.zip","987323","715f17db9dd14b6c6064ef3fe2d9e3e82c2079a391833db2c73e818aebf8e008"
"SD0737_T002_2hao","SD0737_T002_2hao.xlsx","hourly-data-05.zip","985728","36f2631f296b614540cc819c359795ad43711cfba0831cc1cf9d242633e06034"
"SD0737_T003_3hao","SD0737_T003_3hao.xlsx","hourly-data-05.zip","976833","611f9881f0664796d4b507e14e40e3f976f18da6a10033c8919e64b30fbd9995"
"SD0737_T004_4hao","SD0737_T004_4hao.xlsx","hourly-data-05.zip","981832","5518c179f482f3e27f952deb8d013b2f550f7474ec5ce8038b77d5624885844b"
"SD0738_T001_1hao","SD0738_T001_1hao.xlsx","hourly-data-05.zip","986342","a96dfbc266753e18c0edafe6e87ced77f3fd15a0dd4fabba346adbe91c88f318"
"SD0739_T001_1hao","SD0739_T001_1hao.xlsx","hourly-data-05.zip","990516","306eef9503815b76ca137af43192cb5cf5c1097dcdddb170ab11778d85ae8441"
"SD0740_T001_1hao","SD0740_T001_1hao.xlsx","hourly-data-05.zip","1015139","f7fcf1ff32cbe4c0f47770b5f709b34858c63d4774545ee942e96cd39bf9a801"
"SD0741_T001_1hao","SD0741_T001_1hao.xlsx","hourly-data-05.zip","814326","278e5ef7915aa7bc0333f4e4f37b6f09b9da07d2f2e9d95499be718565c0758e"
"SD0741_T002_2hao","SD0741_T002_2hao.xlsx","hourly-data-05.zip","997262","48715113e508a6f4e59278f4001f0e84e85a5f0f6b5a10fc6d9dd63517e838ed"
"SD0741_T003_3hao","SD0741_T003_3hao.xlsx","hourly-data-05.zip","995742","9f3688aa04bf89dd719b076346366c0ffbec424bdf6fed0589e1416b60b6307c"
"SD0742_T001_1hao","SD0742_T001_1hao.xlsx","hourly-data-05.zip","967047","3bb19a2997971df37a22c3ff433e3e3e64b9173475ac7e068c3f639bfb956ae6"
"SD0742_T002_2hao","SD0742_T002_2hao.xlsx","hourly-data-05.zip","966913","350a31567c331004bf65794755382e0ce2d77e3d31c130dca98892f29ff8c409"
"SD0742_T003_3hao","SD0742_T003_3hao.xlsx","hourly-data-05.zip","967055","ada39ff92653207d73654dbb43881f865d0630d3fa060d671d74bf5ce73312d0"
"SD0742_T004_4hao","SD0742_T004_4hao.xlsx","hourly-data-05.zip","967486","7710f871061056fab26fee20c2aadccfc711fef954d1864083c23983f93e09ce"
"SD0742_T005_5hao","SD0742_T005_5hao.xlsx","hourly-data-05.zip","969833","dceb189cbefed3ded1e2e48e6022ccfdda0ad42486017323ef6af15ee8295577"
"SD0743_T001_1hao","SD0743_T001_1hao.xlsx","hourly-data-05.zip","976954","4c477394a04261603aeb4e1df4b0a345281d960fdcd21f7664f5ca1d4160747d"
"SD0743_T002_2hao","SD0743_T002_2hao.xlsx","hourly-data-05.zip","972917","74d7174e5a1d066bb1873731cfd419e25f740fb13b7d732bb7533e4239d32ea6"
"SD0743_T003_3hao","SD0743_T003_3hao.xlsx","hourly-data-05.zip","973731","0650f79ccbcf4df092ae324e4891fb82fee130f21a02a4eef2f112ee613f33e6"
"SD0744_T001_1hao","SD0744_T001_1hao.xlsx","hourly-data-05.zip","977634","bb3d02b78b6d04f8e67478780e765a4114a249ffe7e70e80ba584ed603715ad8"
"SD0745_T001_1hao","SD0745_T001_1hao.xlsx","hourly-data-05.zip","992892","00de82d2a3f37013174efbd76d4394d1cb59a7c736315f6ff602004e65c62be4"
"SD0745_T002_2hao","SD0745_T002_2hao.xlsx","hourly-data-05.zip","972084","f1e90e066aa877418988720186848a18486b0a9ce405a5ae41ae4eb74012413d"
"SD0746_T001_1hao","SD0746_T001_1hao.xlsx","hourly-data-05.zip","985314","31934a92fe0c46261511d77c47057736f56574d40ec4c07be79920622121d3a4"
"SD0746_T002_2hao","SD0746_T002_2hao.xlsx","hourly-data-05.zip","966515","468805e683e611220e65ee5cd3f6d59c9327b8f21e54479e4c9a9fc344be7f3e"
"SD0747_T001_1hao","SD0747_T001_1hao.xlsx","hourly-data-05.zip","968193","813de72d744ccbb7454777376e2dd787c277f5ec442f352275db0e34cf4e938e"
"SD0747_T002_2hao","SD0747_T002_2hao.xlsx","hourly-data-05.zip","820249","6402c030996471cd8295873e69e4fb3bc2ba328048046b10366313fa05da59f0"
"SD0747_T003_3hao","SD0747_T003_3hao.xlsx","hourly-data-05.zip","989222","94a7ae2a49d25c3f8a4ec741f4d3d5b5768362e1d34dc14809e289dd9061cfe4"
"SD0748_T001_1hao","SD0748_T001_1hao.xlsx","hourly-data-05.zip","978421","5176038d103bc7c08c7f729cbccd89b256f6b040da19d25ba9918841e518dc67"
"SD0748_T002_2hao","SD0748_T002_2hao.xlsx","hourly-data-05.zip","986685","26129a6ab79610516784e4b089ba7d4874143e6be5376c27e508dea8d992237c"
"SD0748_T003_3hao","SD0748_T003_3hao.xlsx","hourly-data-05.zip","977509","5ee2ca6ca0438cb5a04fb79e24965a305d92f3ec5d406c86c6605fa1fae08ede"
"SD0748_T004_4hao","SD0748_T004_4hao.xlsx","hourly-data-05.zip","974476","c7ff9ed9384e6131c4c08e41b46a82c9ce7372f47644d769e3ec2cb212b8ec61"
"SD0748_T005_5hao","SD0748_T005_5hao.xlsx","hourly-data-05.zip","975020","72c53f8667266357787648380c0a0a41d3f17bea5ba4d53e7eee149d05f56a4c"
"SD0748_T006_6hao","SD0748_T006_6hao.xlsx","hourly-data-05.zip","980111","8276cf5a078a8417a167c8075a961fc093a05d71257fe101a4a1d963d3eaa993"
"SD0748_T007_7hao","SD0748_T007_7hao.xlsx","hourly-data-05.zip","977936","d386a6471b8d00ac58675f27255f9d05a08705198a55e49a63660e29862eb3e9"
"SD0748_T008_8hao","SD0748_T008_8hao.xlsx","hourly-data-05.zip","979740","866004edb00ecf64863228a01e59b9a5a2d552b9f6a340d5ef51c9bd67685d9b"
"SD0748_T009_9hao","SD0748_T009_9hao.xlsx","hourly-data-05.zip","975038","7a1e41a69f6ce7e13fab49eecce0c0dd853aaf048842d131df6d28b4d347f97b"
"SD0749_T001_1hao","SD0749_T001_1hao.xlsx","hourly-data-05.zip","969129","f47d7cbbcd888945547026006b3be1daf93eb34bfff7786033de1c320459cdb2"
"SD0750_T001_1hao","SD0750_T001_1hao.xlsx","hourly-data-05.zip","997755","7cfe74d9a97fba0a2bc06fbefc160d381c4b83093f22093c036eaf3e798ee4c6"
"SD0751_T001_1hao","SD0751_T001_1hao.xlsx","hourly-data-05.zip","960834","30e35fe5f971007fd3803d9d7678c987c6cbd61c463cc24cdf1b9de6a91d6056"
"SD0751_T002_2hao","SD0751_T002_2hao.xlsx","hourly-data-05.zip","963191","54473e3fbe982c2f772fcf7e180561bf1c313e122cbb85820dc615262acd7ec9"
"SD0751_T003_3hao","SD0751_T003_3hao.xlsx","hourly-data-05.zip","961018","72c511aa3355c604b16caa0aa8dfe0eefa01ea095eb4a442df31b3ce647fc65d"
"SD0751_T004_4hao","SD0751_T004_4hao.xlsx","hourly-data-05.zip","968919","507695e310650b490ecd56842903f1a09a0225348694b418b1ffbd0f8ca66500"
"SD0751_T005_5hao","SD0751_T005_5hao.xlsx","hourly-data-05.zip","966782","a8e02d962a05ded119b408132c05fc20daa95be6e46b729ea65fdbba6d64052d"
"SD0751_T006_6hao","SD0751_T006_6hao.xlsx","hourly-data-05.zip","966564","9e13c309441c0db2d44d0f3ce0b849c33926f692fc33fcf5748e41ec9a16a6da"
"SD0751_T007_7hao","SD0751_T007_7hao.xlsx","hourly-data-05.zip","982319","ec2813ba1c50bb62a6c5a12c4ae5a098f9a5fd552aed12b1254adbd04d6d6cfe"
"SD0752_T001_1hao","SD0752_T001_1hao.xlsx","hourly-data-05.zip","816438","6ac8ed3e1666509afc6c28cbbd7147f7ea72db104972513d61b1de843ca91e48"
"SD0752_T002_2hao","SD0752_T002_2hao.xlsx","hourly-data-05.zip","971846","e72a83cfbe1dcd3adac771aa26a8c2d2525f509f5b9b34cc84c54d90603d198b"
"SD0753_T001_1hao","SD0753_T001_1hao.xlsx","hourly-data-05.zip","970664","888e34a3f8ef838883fea5928e2d7673ec14312f3f6a8b0dad8ee05bb2ebdb4f"
"SD0753_T002_2hao","SD0753_T002_2hao.xlsx","hourly-data-05.zip","971371","083396523fecd0bd87733559c48734d47e4c9a6081d3e88c5fb2d992c765015b"
"SD0753_T003_3hao","SD0753_T003_3hao.xlsx","hourly-data-05.zip","970074","177d7ba03656ed3f53605ed0faf29e61100bc87c237cfd77363263d32d8435ed"
"SD0753_T004_4hao","SD0753_T004_4hao.xlsx","hourly-data-05.zip","970708","9cfc47db0ac96a6acaa97f15203109d4992c4b71c93c3d9b208408140636e629"
"SD0753_T005_5hao","SD0753_T005_5hao.xlsx","hourly-data-05.zip","970299","1cc9d7d7c28a3a54bea52b8ebb63c31ff5dfc868e4e134b4a2e3979c67107231"
"SD0753_T006_6hao","SD0753_T006_6hao.xlsx","hourly-data-05.zip","970381","0d1b6b68f2cae20a2b1fcb24a560569f281f235c64e1ce4b9ac8f40e879c86b9"
"SD0753_T007_7hao","SD0753_T007_7hao.xlsx","hourly-data-05.zip","971356","aad59e5060e8a60ab377af9cf05109bac58cdbef3605b89094e3d74d9b5a7f41"
"SD0753_T008_8hao","SD0753_T008_8hao.xlsx","hourly-data-05.zip","969688","f61c78ad18e81508988cf0d3a59c77c50dd1a0ff9e6578193037cc6c47b72ee7"
"SD0753_T009_9hao","SD0753_T009_9hao.xlsx","hourly-data-05.zip","996178","12445e8b7795709641216cf62c336b716d2bedc1b1cdaf0d7c94b6f2802f2923"
"SD0753_T010_10hao","SD0753_T010_10hao.xlsx","hourly-data-05.zip","985674","b7d3c416e9e6d7e4da1f68c117bf7e50999e4b547a9ffadaa3a68ed05356fb75"
"SD0753_T011_11hao","SD0753_T011_11hao.xlsx","hourly-data-05.zip","990742","71f61335e3a2cd8434614d0b9b5d5e580ce73f3792bc2ac95f171d577189b906"
"SD0753_T012_12hao","SD0753_T012_12hao.xlsx","hourly-data-05.zip","993035","2dec9d29488d2650fe3e497abd0a6825243576bbee91ff565ddc038f8db02382"
"SD0753_T013_13hao","SD0753_T013_13hao.xlsx","hourly-data-05.zip","989129","0b417a303024245a09b1588cafbe930b5d227ff7cd0fdf07a1456b13eb2b2bd9"
"SD0754_T001_1hao","SD0754_T001_1hao.xlsx","hourly-data-05.zip","987749","bb6826b2e9015a8750124450bb2069ad4da5da812d8d31476a2f13d5e9f501b5"
"SD0754_T002_2hao","SD0754_T002_2hao.xlsx","hourly-data-05.zip","816240","aa7ba47879548ec2a8bfc871ca53ba35eb87d9f7d41c5539414a3204b9542cac"
"SD0754_T003_3hao","SD0754_T003_3hao.xlsx","hourly-data-05.zip","976872","f51a3f1641c5b6e579e73fc9cc7b5f3c69891181478b783773c8da7c6058755d"
"SD0755_T001_1hao","SD0755_T001_1hao.xlsx","hourly-data-05.zip","985638","d589f1203c01d34f98b724cfda1a13ad3e6e4ac532db3eca31d7fdbbeb9181a8"
"SD0756_T001_1hao","SD0756_T001_1hao.xlsx","hourly-data-05.zip","971966","87bed74541f9ab603d959e9c2dba8e2534a166a877f3ff595a00d7c3e1b35003"
"SD0756_T002_2hao","SD0756_T002_2hao.xlsx","hourly-data-05.zip","981484","8ba48f743321a113b8019a4e92e499fb508489a09add64b2fece7f1816a8153b"
"SD0756_T003_3hao","SD0756_T003_3hao.xlsx","hourly-data-05.zip","993723","1a1b43e357d7798d70ada65805940536f60c1fcd0e840c24e875ec1280933b48"
"SD0757_T001_1hao","SD0757_T001_1hao.xlsx","hourly-data-05.zip","970786","08b3aed55adea40f8d5a808d2521db6c490902222b55f9c3f7e2983d98eef321"
"SD0757_T002_2hao","SD0757_T002_2hao.xlsx","hourly-data-05.zip","973495","517c788ca63cb23bace62093a650a570946843fa2c2529a0e6579397998de5ee"
"SD0757_T003_3hao","SD0757_T003_3hao.xlsx","hourly-data-05.zip","973062","8f58ddebbcb95b925ba98b1b926cfe737f7aed3a976e4b5dc747f76e57401f68"
"SD0757_T004_4hao","SD0757_T004_4hao.xlsx","hourly-data-05.zip","970505","e2b7140f92e38ffc0aa073f5762d1b7a983646cd12f233cfde51d3c7b5857458"
"SD0758_T001_1hao","SD0758_T001_1hao.xlsx","hourly-data-05.zip","994706","2a2200961c1dfcf16d0cface30936e779a3e24ca0c84c7d98bab5d0a393bb8b5"
"SD0759_T001_1hao","SD0759_T001_1hao.xlsx","hourly-data-05.zip","987873","d6bdc11368cd4bf4272e31ec99e1841cd8612b624bc2ff93dbb443fdb4446fc3"
"SD0759_T002_2hao","SD0759_T002_2hao.xlsx","hourly-data-05.zip","963298","2391dfb7944e580b1909d34eedad83bb8b0a9f9d72dc8663b0fd20b87a87f229"
"SD0759_T003_3hao","SD0759_T003_3hao.xlsx","hourly-data-05.zip","984521","fa51574763c9a5c67f90226b20cd90c02729a8d8a86ca2fa8d161ff8c776dd20"
"SD0759_T004_4hao","SD0759_T004_4hao.xlsx","hourly-data-05.zip","973195","e7b1fd7fc1e033e4f2e882b32da7d8e508752cccec18e7c879f00671995bbff2"
"SD0759_T005_5hao","SD0759_T005_5hao.xlsx","hourly-data-05.zip","982924","f02e12ee56e0cbf77b69cb8afc7210d0db8d6978688bf6a68fdd20324736b951"
"SD0759_T006_6hao","SD0759_T006_6hao.xlsx","hourly-data-05.zip","963682","93657620304b5074736beb48d7ab0766f5c39c67179dd5adea98c2518c144b2f"
"SD0759_T007_7hao","SD0759_T007_7hao.xlsx","hourly-data-05.zip","964976","26fdb8195a9a7a49240c57b00a07e33300c4c2ee8704957d5d1e1ba5fadffd93"
"SD0760_T001_1hao","SD0760_T001_1hao.xlsx","hourly-data-05.zip","986626","a01c308a8123a9f55ab5a8f8a944af56a42dc48cec1f35564fcaa57367a7bc12"
"SD0760_T002_2hao","SD0760_T002_2hao.xlsx","hourly-data-05.zip","997114","53e323e80e41b24f116db00d9aeb737a9876bf84f42ae0a39f2ed921845a6748"
"SD0760_T003_3hao","SD0760_T003_3hao.xlsx","hourly-data-05.zip","981687","591e0fafd47dab37f09ea6b2de3b03e2f741d0b3850e80f24832ca580fbb0757"
"SD0761_T001_1hao","SD0761_T001_1hao.xlsx","hourly-data-05.zip","971330","2312b43250f4e253f55cb5e42fc9649e86188e2d45d85eea6cf611368aad95c6"
"SD0761_T002_2hao","SD0761_T002_2hao.xlsx","hourly-data-05.zip","991286","4cc65e38a23d1dfe6a2928bf9740f54814cedf50dd852da7fdbd8d44eb89cce0"
"SD0761_T003_3hao","SD0761_T003_3hao.xlsx","hourly-data-05.zip","976405","89e6b8e352c99ac29b8d961b3b35d7b0ee638b2e0d383645c88979bf34da916e"
"SD0761_T004_4hao","SD0761_T004_4hao.xlsx","hourly-data-05.zip","995661","8135d76a8b647ec80d8f7151b8916a03d6a665d370effc32204f1375998c9e34"
"SD0761_T005_5hao","SD0761_T005_5hao.xlsx","hourly-data-05.zip","975338","b0fb9e1d784745fbf8f6446d147e1848bd305e7123fdd11557d1e1a129937235"
"SD0761_T006_6hao","SD0761_T006_6hao.xlsx","hourly-data-05.zip","974929","1dc705fbf5cb7e17092349e09b6f96a15f340daa8091673d2535cb050552aa0b"
"SD0762_T001_1hao","SD0762_T001_1hao.xlsx","hourly-data-05.zip","984080","9381f9ab76b9a320af6e2c1247184537dd15f1015acd3ce0c6de6ac5b22f735a"
"SD0762_T002_2hao","SD0762_T002_2hao.xlsx","hourly-data-05.zip","983533","a3fc7cf65d2eed7935f0ab98999fa9aec860a196b4ff94dfbbeb36ce0d440779"
"SD0763_T001_1hao","SD0763_T001_1hao.xlsx","hourly-data-05.zip","972983","7848a5b6864386e970836b26eeedec9c498ad3dd74335d59bee4ed2437fe5162"
"SD0763_T002_2hao","SD0763_T002_2hao.xlsx","hourly-data-05.zip","971509","2c1be009fab25128f500322b20104fea2526268b3930183f86874a2af0b59182"
"SD0763_T003_3hao","SD0763_T003_3hao.xlsx","hourly-data-05.zip","989328","b374c3263648ae72049db6c210c1035707a65fc046ad4c257dc3937d0b40e2d1"
"SD0763_T004_4hao","SD0763_T004_4hao.xlsx","hourly-data-05.zip","977801","14c3157f7bebfd082cb9f008dfb04ca9a5fed6d90dd2f7fdb65d65845ea97b2b"
"SD0763_T005_5hao","SD0763_T005_5hao.xlsx","hourly-data-05.zip","976454","02f1f4857661947fc105b03fda678ecef157da10dff835c457697fdc19e62ddd"
"SD0763_T006_6hao","SD0763_T006_6hao.xlsx","hourly-data-05.zip","977752","676bb2ae226b3d1048eb85109a0793c87ed0d0ce362c771c2506b4a0a8ba3b58"
"SD0763_T007_7hao","SD0763_T007_7hao.xlsx","hourly-data-05.zip","977495","91ad09b96595f4f5a34c7d671a8b67d3ff775b5340e8ddc42546334616b56420"
"SD0764_T001_1hao","SD0764_T001_1hao.xlsx","hourly-data-05.zip","976987","02467fbc1097c89d0cbad243b7c95a5b5692ef3bd56da4bd015dc5cf1849b56c"
"SD0764_T002_2hao","SD0764_T002_2hao.xlsx","hourly-data-05.zip","995769","2d7d4480b6b6bc957afccc752aa4ac600a4aa0eea7164cbce28ae88f0cab27a2"
"SD0765_T001_1hao","SD0765_T001_1hao.xlsx","hourly-data-05.zip","983147","f0a6efa2ae54974930f18523b7e589c7d771cac5b5cb1dc5b782b56ee8059969"
"SD0765_T002_2hao","SD0765_T002_2hao.xlsx","hourly-data-05.zip","983419","745d0eb8c17e043838997f45cd60d1f78c32201b431c574e0dae8d9d090718d2"
"SD0765_T003_3hao","SD0765_T003_3hao.xlsx","hourly-data-05.zip","979895","ee79be815187e856d630b8ee2bc2f57d11308806235ef68d0b0d119c9ca78f0c"
"SD0765_T004_4hao","SD0765_T004_4hao.xlsx","hourly-data-05.zip","978572","604caf04d11c4bcf5551b9a0adcca80ef51c90dcb2ecc7712ab17b998d677160"
"SD0765_T005_5hao","SD0765_T005_5hao.xlsx","hourly-data-05.zip","987335","a87021ffaa4e1644149334ecc7fcdef1228b2d5d345fef354ce50d41508579af"
"SD0766_T001_1hao","SD0766_T001_1hao.xlsx","hourly-data-05.zip","980234","a300dce4d9371993385c10be0e84f8957e0099da79918e9367a01341c264728f"
"SD0767_T001_1hao","SD0767_T001_1hao.xlsx","hourly-data-05.zip","1001982","e2eb693a5a2c265cdca4a69287830fe3f7deeafc29a8bc41c0e23f716658bc63"
"SD0768_T001_1hao","SD0768_T001_1hao.xlsx","hourly-data-05.zip","977010","77daa7c8261e14f0b3395b00b04c1a246bd39fa70ad05d5fbf9982e0a8c5b7ee"
"SD0769_T001_1hao","SD0769_T001_1hao.xlsx","hourly-data-05.zip","973386","5467ddbf35e854e783edd8908d0db7dea033dbefe744fba4867ab8945a833e7c"
"SD0769_T002_2hao","SD0769_T002_2hao.xlsx","hourly-data-05.zip","979568","7af796c9584a04eded72c91a99f424d404ebf0df19a0f415597b320e84e8c677"
"SD0770_T001_1hao","SD0770_T001_1hao.xlsx","hourly-data-05.zip","977071","d65012c2526eabab20c803723fb66b572f33c3b61784cfae600ca7f4e90852c4"
"SD0770_T002_2hao","SD0770_T002_2hao.xlsx","hourly-data-05.zip","972316","3c4411fff39e19bf6e4774fcbe36bc45ad6d1204e90d935aba572c9c67de74fb"
"SD0770_T003_3hao","SD0770_T003_3hao.xlsx","hourly-data-05.zip","992221","35f96bd72bd8d708ba95603b14ac62746253592394aa98033de4d5eb0dea0b40"
"SD0770_T004_4hao","SD0770_T004_4hao.xlsx","hourly-data-05.zip","988328","2361b5c1e0ca48c89bd764807c8d4a9a1a5441c22937f7fc237cae87e5ea0fc9"
"SD0770_T005_5hao","SD0770_T005_5hao.xlsx","hourly-data-05.zip","974061","5aa7d89a4a7cd9862d4aed34657e23b9d1a806cbaa5fb40227ec5cc7848fef67"
"SD0770_T006_6hao","SD0770_T006_6hao.xlsx","hourly-data-05.zip","973976","1e645c6f3d34e9bb8f37b93ce12369d986c3bb663a6e273f624ba0914f91cefe"
"SD0771_T001_1hao","SD0771_T001_1hao.xlsx","hourly-data-05.zip","972734","62dfdef21e90037f48c82fd35cdfed184872d0d42188fe5caf0c29c6ba454234"
"SD0771_T002_2hao","SD0771_T002_2hao.xlsx","hourly-data-05.zip","996007","bac4f0bb7f1282ea9ef66fbff97c0c5ddb55f66d90efb8082ae480a4d0d86d41"
"SD0771_T003_3hao","SD0771_T003_3hao.xlsx","hourly-data-05.zip","983827","b97f74d09ff817f832449d3bbae532731df162be131045a7fa133d422ea31f17"
"SD0771_T004_4hao","SD0771_T004_4hao.xlsx","hourly-data-05.zip","973679","b8ab8d923f5f250096795f56f5ddd38363891a39d15375f714d5bdb271319983"
"SD0771_T005_5hao","SD0771_T005_5hao.xlsx","hourly-data-05.zip","996086","bf1213758ceeea6f69ed4872048d8bf9fb79b02a8aba343bc9c5ebe7da882c2c"
"SD0771_T006_6hao","SD0771_T006_6hao.xlsx","hourly-data-05.zip","973438","a72eca39e696874e1dd43fbc43ce8330cb61dfdc8f491238dd93e57bb9c63ac5"
"SD0771_T007_7hao","SD0771_T007_7hao.xlsx","hourly-data-05.zip","998673","5e94ea96ede3fa68463b140c9e8da16da01bd9a2d8272fe12ba21c8bdccc61ac"
"SD0772_T001_1hao","SD0772_T001_1hao.xlsx","hourly-data-05.zip","965391","05674e6a86fef79ca13dc581c8ec7e49190897c0a2b14f3e6232d9e2b3515e15"
"SD0773_T001_1hao","SD0773_T001_1hao.xlsx","hourly-data-05.zip","973818","94f45b470f11e1fc0c06d8021aff7fec8dc75e06b4631f7e7bc8ea2ce8603123"
"SD0773_T002_2hao","SD0773_T002_2hao.xlsx","hourly-data-05.zip","971358","9afbe3d27096e772a28e6e9139eccb7d6eab6fe86e21eb767eb64de82c4aa6c5"
"SD0774_T001_1hao","SD0774_T001_1hao.xlsx","hourly-data-05.zip","999995","9cdf75f4ba2464046c5b0ec27f9fb16e4d194a8838d2c04cd30c9fe211f80a19"
"SD0774_T002_2hao","SD0774_T002_2hao.xlsx","hourly-data-05.zip","989818","26a29020e089732defa05219932066d7c6d2d91ddfaecb8d5a9d34b495f8777a"
"SD0774_T003_3hao","SD0774_T003_3hao.xlsx","hourly-data-05.zip","1006268","359374e0acbf0a3ddc94f69fd61b9b12b64eec0d19bd2a78c7587c40e698dc5c"
"SD0775_T001_1hao","SD0775_T001_1hao.xlsx","hourly-data-05.zip","988318","cc590ff7467ef94833b77c4e9323052a07abfcece7121fb3418ba72fe2b501c5"
"SD0775_T002_2hao","SD0775_T002_2hao.xlsx","hourly-data-05.zip","982995","1e1904aa89b05ddacb1fca5433ae27bb6c08578ee23249ba5c746c73cde393fb"
"SD0775_T003_3hao","SD0775_T003_3hao.xlsx","hourly-data-05.zip","820583","01b92449223a713ad5f3001ee0cb78b34897d7a28269e1aaa78ebc07956b23f2"
"SD0775_T004_4hao","SD0775_T004_4hao.xlsx","hourly-data-05.zip","986241","7063438ba65c5d98a003ef408fa9180ef7c9b5b9fe6864fab5e46ee9eba9c1ea"
"SD0776_T001_1hao","SD0776_T001_1hao.xlsx","hourly-data-05.zip","968355","66abf87ff894334c3ef95171336c0cdbe230b3c9d6e0d6ec937348fb3b098dfb"
"SD0776_T002_2hao","SD0776_T002_2hao.xlsx","hourly-data-05.zip","975468","47a4859a55695b9ce41f77536e59e1abb4a454218d63eb3d5c995c2ada3a0831"
"SD0777_T001_1hao","SD0777_T001_1hao.xlsx","hourly-data-05.zip","996737","e280240418ce2883811ec95bd2526114f230072ea5388fdb0d11d56d728dcd08"
"SD0777_T002_2hao","SD0777_T002_2hao.xlsx","hourly-data-05.zip","990862","011612aae4ac2fd31b714f4e2b2cc80a8247d4d976394535409ca07e91aadc52"
"SD0777_T003_3hao","SD0777_T003_3hao.xlsx","hourly-data-05.zip","978947","1dcbf1cd48b568b2cea97661d47e6fce2069591042877bede89388c60be929bd"
"SD0777_T004_4hao","SD0777_T004_4hao.xlsx","hourly-data-05.zip","994728","79f8ec47d385090038d24c6173f9bd07fc711ee02c774af1e7fc78bc1a8c6b6f"
"SD0777_T005_5hao","SD0777_T005_5hao.xlsx","hourly-data-05.zip","999672","bc8b219a9c35afc54c5834f3999f20dbc18e83407e70ae4960495d0c31e0c703"
"SD0778_T001_1hao","SD0778_T001_1hao.xlsx","hourly-data-05.zip","969803","ce2647a67880ca4e8a2fd2dbf3c44ceb54636b612b0009986e3113ab650de73f"
"SD0779_T001_1hao","SD0779_T001_1hao.xlsx","hourly-data-05.zip","984853","3eca603da6f9e4486f9fbf9d0e9ad17a66c218e56396b73db398056add436d68"
"SD0780_T001_1hao","SD0780_T001_1hao.xlsx","hourly-data-05.zip","991816","e17c2467ff81b982f21d7517219b52a2d917cc14d59eee4db36c6e5da9a8c7cd"
"SD0780_T002_2hao","SD0780_T002_2hao.xlsx","hourly-data-05.zip","977181","849e5c2df0aa0e4ad1d5078f9e6d08ce9bf5d9c9fd9ef3d4c39f0feca4772304"
"SD0781_T001_1hao","SD0781_T001_1hao.xlsx","hourly-data-05.zip","991346","c1b35da806f31a54955ed81234936ce612e377be598186c9b30b6238ee3ba3b2"
"SD0782_T001_1hao","SD0782_T001_1hao.xlsx","hourly-data-05.zip","965703","7736c8987197a72cbb4c6928d21b1d8d2231664d9024771542c625faf7bb043f"
"SD0782_T002_2hao","SD0782_T002_2hao.xlsx","hourly-data-05.zip","982307","bc10dc9fbde1a28da993fcf44e49a5688bcdd6c2e8321f94638e38f910790fcc"
"SD0782_T003_3hao","SD0782_T003_3hao.xlsx","hourly-data-05.zip","976954","84b73fcddcc46142fd4aee6e35dc78d6a573e655d03b5bf004b3c440c47b5d85"
"SD0783_T001_1hao","SD0783_T001_1hao.xlsx","hourly-data-05.zip","994249","c5fae73ad76c1962b19606767f6c7398d380f232ecbac5df7f22d492d75bc86a"
"SD0784_T001_1hao","SD0784_T001_1hao.xlsx","hourly-data-05.zip","812316","f5e591d6e318c2e1a595d85fa621cf94748be30099d3f80f261e63e3f156b88b"
"SD0784_T002_2hao","SD0784_T002_2hao.xlsx","hourly-data-05.zip","985130","9ac4b0a49cb1781c574309e8897eef569b7aa858faa582f822fcaa61fab61e54"
"SD0785_T001_1hao","SD0785_T001_1hao.xlsx","hourly-data-05.zip","960222","79967df85d178ee72a7537ca903debd0e6a7b854c3a4571e52ecf3953f83fe68"
"SD0785_T002_2hao","SD0785_T002_2hao.xlsx","hourly-data-05.zip","960970","9adf1d96a5fd26c49b1daf9e0b1b78d759d5e8feaf5e9af420bca634791e8e4a"
"SD0785_T003_3hao","SD0785_T003_3hao.xlsx","hourly-data-05.zip","964893","e6b37498c742cd0933fb25b761754e90e97d50e100ed5e12830df305e2824a45"
"SD0785_T004_4hao","SD0785_T004_4hao.xlsx","hourly-data-05.zip","960854","1f22a0759b1d756c7cf0aa09a41ed3032304fda57f24f825cd8bf4d650680848"
"SD0785_T005_5hao","SD0785_T005_5hao.xlsx","hourly-data-05.zip","960875","722199366e360023411deece9fafcf2792b7c3007343c69bf6a2f1d5c1e683bb"
"SD0785_T006_6hao","SD0785_T006_6hao.xlsx","hourly-data-05.zip","961138","163ca16c53b5a3fad47496f31b347abf559486ffc1232046791aa23aa7aa9dc1"
"SD0785_T007_7hao","SD0785_T007_7hao.xlsx","hourly-data-05.zip","965630","bea25ac384c20ec4c2d93062f28c000ec67e2ebc6cc92ed0aaedeb9d69be255a"
"SD0785_T008_8hao","SD0785_T008_8hao.xlsx","hourly-data-05.zip","958607","23bf006e080f9b5267cb29b16ed11254412270ab6c141a0bfbf726ab51a7d8c1"
"SD0785_T009_9hao","SD0785_T009_9hao.xlsx","hourly-data-05.zip","958838","65d1b7ef3e4c57eb92d290f1d4c974f6251308342e7da514274e0df2a9496c2d"
"SD0785_T010_10hao","SD0785_T010_10hao.xlsx","hourly-data-05.zip","958980","33b893af50ea58b0b2e487dc49843b9c927d9eae9ead53ffd02df6ff87c2d9e8"
"SD0785_T011_11hao","SD0785_T011_11hao.xlsx","hourly-data-05.zip","958366","39bada3310b452149442898f684ea5b1dd873d9896f7e92c65dc1636af067759"
"SD0785_T012_12hao","SD0785_T012_12hao.xlsx","hourly-data-05.zip","971359","e27474bc6286d7c19c4cdd414d907626cfcd669c4d1c7c6b8bc196ba9166119b"
"SD0785_T013_13hao","SD0785_T013_13hao.xlsx","hourly-data-05.zip","958819","25b306b0ba4e44832e3027bca56197e3109883f592ba44d9d9b15d39cc28a6ec"
"SD0785_T014_14hao","SD0785_T014_14hao.xlsx","hourly-data-05.zip","958491","879ebcfe081dd43b43d89d0d05042ef5b9811a14f201c699724e11cf238d5a09"
"SD0785_T015_15hao","SD0785_T015_15hao.xlsx","hourly-data-05.zip","958470","6b3a11329eda50f84b9cc0a8aa4e9612f9d70d08a7d87598c4b9b9bdead5d339"
"SD0785_T016_16hao","SD0785_T016_16hao.xlsx","hourly-data-05.zip","958179","5f5f29799f65eee259e5274a450f381fd0af6af23f3652e6a1aad8dd4f377d5e"
"SD0785_T017_17hao","SD0785_T017_17hao.xlsx","hourly-data-05.zip","958470","fcbd664f3c9187533ff1389f1ce5830a645c2fe2b17fc6632c1f96ad381f914a"
"SD0785_T018_18hao","SD0785_T018_18hao.xlsx","hourly-data-05.zip","959347","f3ba07f89bf31172de8f12b73e3f5db0e8699b0f8377a1e57c4c57f27d83706d"
"SD0785_T019_19hao","SD0785_T019_19hao.xlsx","hourly-data-05.zip","958185","06c84bcf0d902e9d30d9b44944c58e821b97c53edd81550e050c4c7ae07fc1a9"
"SD0785_T020_20hao","SD0785_T020_20hao.xlsx","hourly-data-05.zip","959287","fa8a59cc3682bb1d3840c15c8641f164546c3ddb6301c67f1768f544356946c2"
"SD0785_T021_21hao","SD0785_T021_21hao.xlsx","hourly-data-05.zip","958874","f5f51705ee6ad8bbfbcaebf4fd649b1947e05b06666de0e1ba8ce80bda1c1594"
"SD0785_T022_22hao","SD0785_T022_22hao.xlsx","hourly-data-05.zip","958252","24d799190a051c2c71dcbb476cc431c349d9bd694c447cc5790176aa8fb66414"
"SD0785_T023_23hao","SD0785_T023_23hao.xlsx","hourly-data-05.zip","958947","f3849a773408ff9918d5b0da295223d6af49c91ca05dd77e58b42827f205611c"
"SD0785_T024_24hao","SD0785_T024_24hao.xlsx","hourly-data-05.zip","965462","3ad33948eb9d53e40d3f0cc77ce618411934a0f1206eac41cdf00f76b2d683af"
"SD0785_T025_25hao","SD0785_T025_25hao.xlsx","hourly-data-05.zip","970030","cbdbd680638a4334325e173afd52f920bc710f9a806945287ae0987342889e19"
"SD0785_T026_26hao","SD0785_T026_26hao.xlsx","hourly-data-05.zip","957622","2e492c426a6b2717eae70242382a21718fb9b3e332045396da0166fcf429f3b5"
"SD0785_T027_27hao","SD0785_T027_27hao.xlsx","hourly-data-05.zip","957811","8c65d4d9dd54bace990e7fa05837639e5a8f1070b15a392ab531a6d7a76545cd"
"SD0785_T028_28hao","SD0785_T028_28hao.xlsx","hourly-data-05.zip","958529","2afaa420f46146876b54fc1d7555f5d271295b01dcfa0906ad6cb5a0f7c1e22e"
"SD0785_T029_29hao","SD0785_T029_29hao.xlsx","hourly-data-05.zip","973547","d243ad5026b41ed27057d4e9ba0aba2dadcb0e7f63ddfb2b12d30899ec94136f"
"SD0785_T030_30hao","SD0785_T030_30hao.xlsx","hourly-data-05.zip","957332","b4d5299092bc4d395d839e072b311893568074924b4c66342b724ce86614b2f4"
"SD0785_T031_31hao","SD0785_T031_31hao.xlsx","hourly-data-05.zip","958219","bedbd21de7882220c00be7094385bd660ad7749b58aee803b17e386cf4c4b85b"
"SD0785_T032_32hao","SD0785_T032_32hao.xlsx","hourly-data-05.zip","962486","67cb69f56127b18102538ac942b24e362871ac1cd4fc17c5e88da2280215032a"
"SD0785_T033_33hao","SD0785_T033_33hao.xlsx","hourly-data-05.zip","958306","bb8763fcc3b944249a774de4d942c839814ce6615ef742eb66c325a9b318cfe8"
"SD0785_T034_34hao","SD0785_T034_34hao.xlsx","hourly-data-05.zip","971503","0c89ad2f58e61084b884e174906fe189f653fe24f9ea2f8ccbb5ea518cae34ea"
"SD0785_T035_35hao","SD0785_T035_35hao.xlsx","hourly-data-05.zip","971043","3e9a338ea92117cd615a945c5376541ac812101d26b3f0edf2c3c0cb34c01cef"
"SD0785_T036_36hao","SD0785_T036_36hao.xlsx","hourly-data-05.zip","971184","0b77f3703e1b9d3fec2eb764b1298036b221495f8b8dc12775f6c4b956b0ea7d"
"SD0785_T037_37hao","SD0785_T037_37hao.xlsx","hourly-data-05.zip","980001","245d0f68d12e5956226d9908f0b25f699ba1618d92c8357fefe7aa1c564ed7c6"
"SD0785_T038_38hao","SD0785_T038_38hao.xlsx","hourly-data-05.zip","975869","2db696de76f1d9d0b6b576fea0cd051f6341a05a3d025a4606facd1309726f63"
"SD0785_T039_39hao","SD0785_T039_39hao.xlsx","hourly-data-05.zip","970649","bc5f4168daeea685156113c1bbfdad36d988feeb6bf30d99dea22ff4e64cdba7"
"SD0785_T040_40hao","SD0785_T040_40hao.xlsx","hourly-data-05.zip","982967","3adb8e72c51b1ed6d771e85b58b6b0ca1138a2a4f8b96b2cfef89f1b1e690ac0"
"SD0785_T041_41hao","SD0785_T041_41hao.xlsx","hourly-data-05.zip","981554","119c1d3f45f328a691eb6841144bfd64f2caf3b1dc92abd980ad1fb043003dd9"
"SD0785_T042_42hao","SD0785_T042_42hao.xlsx","hourly-data-05.zip","970694","1c906270f7e7b48d49e5b6101a10b6244323ac9f7c668c02c670315258e89759"
"SD0785_T043_43hao","SD0785_T043_43hao.xlsx","hourly-data-05.zip","982089","89b8e1c7aab0d7a5a1a7c4108709d5dd89f601c7d12116e56f05c707962b8fab"
"SD0785_T044_44hao","SD0785_T044_44hao.xlsx","hourly-data-05.zip","971073","a852cf804705ffcf7bb1ee80c655938e0bd55d15062d1b300739a6f3b7eae7d3"
"SD0785_T045_45hao","SD0785_T045_45hao.xlsx","hourly-data-05.zip","967407","fbfb97ec156c797b746625165c4bfc0a1dd3ab4575f27af810f84207a7f56f67"
"SD0785_T046_46hao","SD0785_T046_46hao.xlsx","hourly-data-05.zip","961759","333829bb5760d199486b61cbdc2f02940d0417730107254549962d8490f715a5"
"SD0785_T047_47hao","SD0785_T047_47hao.xlsx","hourly-data-05.zip","962744","b057f3de9873bd368b77fa090a27ba6458bd68201e96ca27cbd0bb0318720b69"
"SD0785_T048_48hao","SD0785_T048_48hao.xlsx","hourly-data-05.zip","961142","947c3eba7328153b0a72b164fb7acd8ee3b68c0781deeb630c4d051d9a36bb5c"
"SD0786_T001_1hao","SD0786_T001_1hao.xlsx","hourly-data-05.zip","979642","83338d62ba1ebe46ddbfd30aad9de4ec6351d7701d8c1651493aec2b0076ac53"
"SD0786_T002_2hao","SD0786_T002_2hao.xlsx","hourly-data-05.zip","989210","cd879e09b3700512fea82a164a10729851591b309d43f6c2807c2b263d3ae572"
"SD0786_T003_3hao","SD0786_T003_3hao.xlsx","hourly-data-05.zip","981394","b30d7dc28bc145eecfba43bf36172bdee1a3d28b985ea59d09bbf507e4f1ab9c"
"SD0786_T004_4hao","SD0786_T004_4hao.xlsx","hourly-data-05.zip","992945","16379355e11b51f2c298cf928098c35e447479e00f7dbdc0ac6246f7f8c652fb"
"SD0786_T005_5hao","SD0786_T005_5hao.xlsx","hourly-data-05.zip","992765","739096c296681b989e20f9814440e6bcd5d5d3a9bc6b46c23313ad71e151b040"
"SD0786_T006_6hao","SD0786_T006_6hao.xlsx","hourly-data-05.zip","974133","ded00996774003077669a2e6552f62e95f154e9de10300f7f6a5acdf84836310"
"SD0786_T007_7hao","SD0786_T007_7hao.xlsx","hourly-data-05.zip","973826","5d510638e8326adac4f83434839c1b7a3e9137d718dbd77faa18ca6c6dd259eb"
"SD0786_T008_8hao","SD0786_T008_8hao.xlsx","hourly-data-05.zip","974584","6c67efea43734fcf4346a6eb49cfd77d030d155aba534876faa0b4e20a2c6978"
"SD0786_T009_9hao","SD0786_T009_9hao.xlsx","hourly-data-05.zip","996275","d2eeb3656fc3244d955b0b9cba88f7f5358428ccbecbf3dc6774aed1203e28c1"
"SD0786_T010_10hao","SD0786_T010_10hao.xlsx","hourly-data-05.zip","994448","24324c23cf7c0657f373f1c8486b714b1fab395dd4738e639302eb11a58005f9"
"SD0786_T011_11hao","SD0786_T011_11hao.xlsx","hourly-data-05.zip","999585","41ec5e563bc7255c87429dda049716d722f62fcbdac7f3b2875188a926354276"
"SD0787_T001_1hao","SD0787_T001_1hao.xlsx","hourly-data-05.zip","974955","6b055e2dca7b702c0d513e951230254707e027283ae46dcc3101f2c06b4e63d1"
"SD0787_T002_2hao","SD0787_T002_2hao.xlsx","hourly-data-05.zip","973332","f1ca301698ddf89c83103b19036b8975e852b44133e8c3ff9b01147b74521126"
"SD0787_T003_3hao","SD0787_T003_3hao.xlsx","hourly-data-05.zip","966505","e3652749d553649af33383479932ad5a12c92e0d71657c2fb6a5c3d2d5ecbf31"
"SD0787_T004_4hao","SD0787_T004_4hao.xlsx","hourly-data-05.zip","980730","1305bfebfc976b04f8f4635ee0ca6bdedd1677178b0bfb90392be8c3c88cf3d7"
"SD0787_T005_5hao","SD0787_T005_5hao.xlsx","hourly-data-05.zip","981911","b21afd55a5959611d93cf6731ff664e066e540505ab64ce74bc74da09d1bdb60"
"SD0787_T006_6hao","SD0787_T006_6hao.xlsx","hourly-data-05.zip","979841","6e483c5be00114d8237e3ed836576597eb049e2b234485a17f196831350bd65c"
"SD0787_T007_7hao","SD0787_T007_7hao.xlsx","hourly-data-05.zip","964824","13ab5e9ef7d7558b12db2ffb40e5bd20b10083c6daa26d40f631841b55934209"
"SD0787_T008_8hao","SD0787_T008_8hao.xlsx","hourly-data-05.zip","966844","c9db2c70c8a3c69f55ba97802137695658041bfe7dada639b86f9ee2990b2fef"
"SD0787_T009_9hao","SD0787_T009_9hao.xlsx","hourly-data-05.zip","967999","64ae35a28953ade6c3932b162b1485c7c30cfcfee238e6bfa65164104a051bf7"
"SD0787_T010_10hao","SD0787_T010_10hao.xlsx","hourly-data-05.zip","983562","e57c20a044bfce3579d641d0766a81c40fb81a1d22d2bb3cd402ba690693f8ca"
"SD0787_T011_11hao","SD0787_T011_11hao.xlsx","hourly-data-05.zip","979003","aa1e0ecf6003e2729883d221ffb23eca408674742f7e3047986bce536a418b21"
"SD0788_T001_1hao","SD0788_T001_1hao.xlsx","hourly-data-05.zip","986383","ebf7d05fd1718a0d043d30f12a3f3c61de0bb121d2be0c44642b1dc0e76338fb"
"SD0788_T002_2hao","SD0788_T002_2hao.xlsx","hourly-data-05.zip","987457","4eb45c94a229b989b88ef27173f3b0898fd7c8d9dc1fb6f4c787174cf239feab"
"SD0788_T003_3hao","SD0788_T003_3hao.xlsx","hourly-data-05.zip","992107","f528b748609057b2af98d9b8d9c2424220eb2ca844ce633f20da26bd305f6710"
"SD0788_T004_4hao","SD0788_T004_4hao.xlsx","hourly-data-05.zip","982922","8003dc2750bfcdb84b40df5aeb3b180e9dd8b083e1ddf40495511fcec65415e0"
"SD0788_T005_5hao","SD0788_T005_5hao.xlsx","hourly-data-05.zip","973347","4fac1280af0baa5341a8c3fb5b64f1cb7f6d7fd416c12207d207f8c4fc797188"
"SD0788_T006_6hao","SD0788_T006_6hao.xlsx","hourly-data-05.zip","975029","8cc1859d63604e89e5ea2d72692bd9bd0cb7dd0ed33b1c5779ed3b74fe536581"
"SD0789_T001_1hao","SD0789_T001_1hao.xlsx","hourly-data-05.zip","982319","da1c6f1994f52555a0fab8e3dafabdd1cfe8b9da93f7749bc77b3f288547c21c"
"SD0789_T002_2hao","SD0789_T002_2hao.xlsx","hourly-data-05.zip","994796","646418aabcf0ec9c85c0281166e088ac842334c731b5d2233edf61cc968ba860"
"SD0789_T003_3hao","SD0789_T003_3hao.xlsx","hourly-data-05.zip","977050","60b43d204f81dd9da024b61b702ad171b2524c0c023f03190c5bbf14426eeb73"
"SD0789_T004_4hao","SD0789_T004_4hao.xlsx","hourly-data-05.zip","990177","77f3cfae4a4b56dc94595c27a22f77213afa0711c9bf9587f93643297033e2c2"
"SD0789_T005_5hao","SD0789_T005_5hao.xlsx","hourly-data-05.zip","994378","fcfcdacaefea10d2eec13f8b58e4db2806861bc5321587246339ccf5e2a58645"
"SD0790_T001_1hao","SD0790_T001_1hao.xlsx","hourly-data-05.zip","994756","e279438046c59ff99cea3eb8778ce5c95a6ed15dadf977c28b8afbe32752bce7"
"SD0790_T002_2hao","SD0790_T002_2hao.xlsx","hourly-data-05.zip","978664","ec2cdf999b49754b200414579fc69fc61e73015b9019b3a53e2284ef75c4d5e9"
"SD0790_T003_3hao","SD0790_T003_3hao.xlsx","hourly-data-05.zip","978999","d2198b146d0b7fc2dc2c07206127167b03397722091eda23d786fece31fafa21"
"SD0790_T004_4hao","SD0790_T004_4hao.xlsx","hourly-data-05.zip","980487","7d1f4996c9f2bee4314ebdc6de42dd48ebbb64db2eb737cf2914254abf9224ab"
"SD0790_T005_5hao","SD0790_T005_5hao.xlsx","hourly-data-05.zip","985508","b463e3579704f97d7501bacb3ba4a23e7b81bb8cb4234d031770b84112821ae8"
"SD0790_T006_6hao","SD0790_T006_6hao.xlsx","hourly-data-05.zip","991380","99ba51759f5ac3e26a85228a85412f97511a5159b84973af976896c1e30dbff2"
"SD0790_T007_7hao","SD0790_T007_7hao.xlsx","hourly-data-05.zip","987970","287e3ab233d8fc3ebbf552a325809f5113982f7fdaa7715f8b08fb4a5cf68721"
"SD0790_T008_8hao","SD0790_T008_8hao.xlsx","hourly-data-05.zip","987478","eeb0f6440837180269d698eb49da95a5accc9ee6ce394a6795420a2b7459e502"
"SD0791_T001_1hao","SD0791_T001_1hao.xlsx","hourly-data-05.zip","977479","a7db004ddb1c6de1884df169a07c9232de94af6c29f8c0178771ab1c126b5beb"
"SD0791_T002_2hao","SD0791_T002_2hao.xlsx","hourly-data-05.zip","998914","9624b7c08a4d6bcdb77b1f66eda3cc2e34050f8a044792f7b7ba72a2b5493e2b"
"SD0791_T003_3hao","SD0791_T003_3hao.xlsx","hourly-data-05.zip","997378","ced0225cb066fe64d897cf6baf0db48926597ac9b1332f6f304da4c7e21fc7e3"
"SD0792_T001_1hao","SD0792_T001_1hao.xlsx","hourly-data-05.zip","988856","988efad2716caf6ba3eef56ef0b2ab78986d117c21f86827c6b27fe0dd30567f"
"SD0793_T001_1hao","SD0793_T001_1hao.xlsx","hourly-data-05.zip","1002319","120a35ff3c81229c37524d111bb980003278f2fefa4e163dfea0f85216feff5e"
"SD0793_T002_2hao","SD0793_T002_2hao.xlsx","hourly-data-05.zip","999878","d8789eee0a4700ae37a8d98a8c46b9069aac1130dcec7e30fdbcc3c504589f5f"
"SD0793_T003_3hao","SD0793_T003_3hao.xlsx","hourly-data-05.zip","971646","0b2a259f0ff87b5680547c8bb86d65208479d11d4893c36de864b21bcde4b653"
"SD0793_T004_4hao","SD0793_T004_4hao.xlsx","hourly-data-05.zip","973675","1bef5db509bbff4b34514bd151231d0e49c8263dca81c853abbc0bd48742e7e5"
"SD0794_T001_1hao","SD0794_T001_1hao.xlsx","hourly-data-05.zip","995660","d162a7ada249d2c0cde825c0da73565ce986e7d857f9af00bcb063616d80605b"
"SD0795_T001_1hao","SD0795_T001_1hao.xlsx","hourly-data-06.zip","990169","ca7f214f467970933fd329289dc30a6acf03a809e23f0c3792e9d1f1c6626cc1"
"SD0796_T001_1hao","SD0796_T001_1hao.xlsx","hourly-data-06.zip","974672","2c59f05f5dbba7110154f788793c2e6ff0b4d8590df73f5ea610aaa500251c00"
"SD0796_T002_2hao","SD0796_T002_2hao.xlsx","hourly-data-06.zip","965752","811c9bdb1d384f2766aabf27ea52d5223c9ad8e4c6f811db34acd2e98b774ec3"
"SD0796_T003_3hao","SD0796_T003_3hao.xlsx","hourly-data-06.zip","972197","09f3c7d82b04cbaa8449dc4860bce59832903715e15b5eb91630f35ce373df89"
"SD0796_T004_4hao","SD0796_T004_4hao.xlsx","hourly-data-06.zip","964227","b00b336f494f9d77c5126b0c4b06b91989d8a8495b4164b128b04d4ec184a9fa"
"SD0796_T005_5hao","SD0796_T005_5hao.xlsx","hourly-data-06.zip","975397","9ff8954a6912c0f8b2de218771cc60e4149706d27a15ca6654b5d5dfee796310"
"SD0797_T001_1hao","SD0797_T001_1hao.xlsx","hourly-data-06.zip","813122","d869f54fdbf7b9a9e16d7be56fabc1ad3969215a05714ffcd6848716d25c0dda"
"SD0798_T001_1hao","SD0798_T001_1hao.xlsx","hourly-data-06.zip","980898","1ebdaf4843a795baed67f715209ff08050ffe59de184cd12c84bf9842389ed08"
"SD0799_T001_1hao","SD0799_T001_1hao.xlsx","hourly-data-06.zip","964149","3d8fb4bef85f0053f67a2fc6310936a248a6e1a63458c02601f6db0a6249a986"
"SD0799_T002_2hao","SD0799_T002_2hao.xlsx","hourly-data-06.zip","963795","1c28d4031989c928c206c9a3997a4d87ca3a3ab8e61bd9a45539a1ce31731076"
"SD0800_T001_1hao","SD0800_T001_1hao.xlsx","hourly-data-06.zip","985400","7759776423f2c9a0f2feb6457a7913f7632cbf5ef63a1cd43771ac59e255ad20"
"SD0800_T002_2hao","SD0800_T002_2hao.xlsx","hourly-data-06.zip","996703","4e151777976b3085a815985a6913945a1c04cf1617bc3e3c825f628fb1405bfa"
"SD0801_T001_1hao","SD0801_T001_1hao.xlsx","hourly-data-06.zip","975185","12e608f242ac2fc95093474a0d805f46090501811104710c1b4df78cfc4cdba0"
"SD0802_T001_1hao","SD0802_T001_1hao.xlsx","hourly-data-06.zip","823171","2f2ae14326e2ee4ce96a651daa182eb5e42d27851cd78ab8316f4927a71db934"
"SD0802_T002_2hao","SD0802_T002_2hao.xlsx","hourly-data-06.zip","966673","4199d78a71a05122f9948a25c605995fd8b70683284a6d23bd34a3f82cc3af53"
"SD0802_T003_3hao","SD0802_T003_3hao.xlsx","hourly-data-06.zip","966910","528cc02ba23a3cabb7355b847693f8f8f455420251801c1f5c6f87ed368409c4"
"SD0802_T004_4hao","SD0802_T004_4hao.xlsx","hourly-data-06.zip","967708","3b57861e25ccb76d41e1f8117c03bd9d98715c43c3cb1751e85866caa159a454"
"SD0802_T005_5hao","SD0802_T005_5hao.xlsx","hourly-data-06.zip","966331","594dbcea1fdb8c465c6ad9976d9f6fae6ee6f73b4d7155eba0391a87910f1baa"
"SD0802_T006_6hao","SD0802_T006_6hao.xlsx","hourly-data-06.zip","966669","ae8d6201d6fe8c99549a7985635540f5a9eb91f45a774c5b261d924373808ee7"
"SD0802_T007_7hao","SD0802_T007_7hao.xlsx","hourly-data-06.zip","986716","48658d76e135a1e2cddf41a588adcec1af78b4d3deda64ea057573817cef3121"
"SD0803_T001_1hao","SD0803_T001_1hao.xlsx","hourly-data-06.zip","981130","040e5ee5efdf97e8f767eb9af16c9d63855a9660dc7b71d52858e4aa51eeb0b4"
"SD0803_T002_2hao","SD0803_T002_2hao.xlsx","hourly-data-06.zip","973812","a7032ecb4266228bde87985fc1cfbea4453f24966c77cf4873639af1779ec2d9"
"SD0803_T003_3hao","SD0803_T003_3hao.xlsx","hourly-data-06.zip","973437","bdcd0ac8f12281d28ca91b7016c126c8e5656dfa00922344ae6ea75fcae5e8c8"
"SD0803_T004_4hao","SD0803_T004_4hao.xlsx","hourly-data-06.zip","981866","f788f3f72412d1b81315c0acaca0eeb12711e9913226f995a6777fb5088e168d"
"SD0803_T005_5hao","SD0803_T005_5hao.xlsx","hourly-data-06.zip","976894","04ea66a9d5d6499874da9bb46c838a5fd98977c195eedd1e83177a372a909ca4"
"SD0803_T006_6hao","SD0803_T006_6hao.xlsx","hourly-data-06.zip","979298","119d638f3088440d56fb74633729d0917a3c0d952979fe0eb45ca61e386e75fa"
"SD0803_T007_7hao","SD0803_T007_7hao.xlsx","hourly-data-06.zip","981777","d03b58263b1ac997a7a4cf9182188c804a8b8bca625d24537e42e67680f95c99"
"SD0803_T008_8hao","SD0803_T008_8hao.xlsx","hourly-data-06.zip","991451","a1d4e7180a6b4aeddeb98f6ab33f7b1e120d1612c186b23ce7928a6a20e41262"
"SD0804_T001_1hao","SD0804_T001_1hao.xlsx","hourly-data-06.zip","963100","15e5cc697bb37ae931494407041dda98e4d9ed291367a742176e31993828682d"
"SD0804_T002_2hao","SD0804_T002_2hao.xlsx","hourly-data-06.zip","977435","2bd4a69b2f758b8dcb5b5eb0f1d150d88af38347958ef4170abfc2934e1e4279"
"SD0804_T003_3hao","SD0804_T003_3hao.xlsx","hourly-data-06.zip","965024","ac768189a463e5cd3b9bc477ecacbc2dbea0e3361a6443e46475867e8139d045"
"SD0805_T001_1hao","SD0805_T001_1hao.xlsx","hourly-data-06.zip","966343","37cfcecb4b6bbe6fc4fa8ee9a6df9732b22c4a46cdf59d2b5cd52f845a1022af"
"SD0805_T002_2hao","SD0805_T002_2hao.xlsx","hourly-data-06.zip","979330","543d1f5a3cd4cbed28ab6359c7a363f6e98680767eac56aea526d8ad79985397"
"SD0806_T001_1hao","SD0806_T001_1hao.xlsx","hourly-data-06.zip","981871","f538101d2f37b3fcb69ebd37637b6bca8714c6707c79f4dc1163fe042b6519f6"
"SD0806_T002_2hao","SD0806_T002_2hao.xlsx","hourly-data-06.zip","990043","da2627c0686f810856ade2611863e8d8c0db67c39fff1825128f8a2ac3b2e573"
"SD0806_T003_3hao","SD0806_T003_3hao.xlsx","hourly-data-06.zip","980543","726f59305322741c98e9830b58fbd73d3f0e5a16f6464cc593d1e5adf454db90"
"SD0806_T004_4hao","SD0806_T004_4hao.xlsx","hourly-data-06.zip","981864","ceb58167ff7ce2823b43d15b4834a2d46300536eba439237caded5c13bcb6f2c"
"SD0806_T005_5hao","SD0806_T005_5hao.xlsx","hourly-data-06.zip","977111","da9f82eae89de7f1bc9675b43fab6f230bf04b36f84789847ef099fc15fa85e2"
"SD0806_T006_6hao","SD0806_T006_6hao.xlsx","hourly-data-06.zip","980509","c3aa9bc17fd81378c5a5b75f5ef3f8147e691c3d194c6a655d91e7f6bfd58abd"
"SD0806_T007_7hao","SD0806_T007_7hao.xlsx","hourly-data-06.zip","981279","d03d5579f27851e2e4355a5bd8e7f9625c73dfae72a536e63d18b8df7e767af2"
"SD0807_T001_1hao","SD0807_T001_1hao.xlsx","hourly-data-06.zip","997154","436a9c5b8a7e5d6750d16f2278cd621e39947874dfe689a2bda3eb5f22b8607c"
"SD0808_T001_1hao","SD0808_T001_1hao.xlsx","hourly-data-06.zip","976697","04e0541b01ae201464f8a107a4a745fb9cc33ec08b9908bf23269614e4b4de83"
"SD0808_T002_2hao","SD0808_T002_2hao.xlsx","hourly-data-06.zip","980158","c106f53941c04773df6fa7dcde0fde227a0f6fbdd8dc695845ad40b6ce1e78b9"
"SD0808_T003_3hao","SD0808_T003_3hao.xlsx","hourly-data-06.zip","976053","eec5a0812d4c6efef6a734e595b6e673ae469d91fd28e04685657ade081a1b5a"
"SD0808_T004_4hao","SD0808_T004_4hao.xlsx","hourly-data-06.zip","976500","59ba5d15abc607383a683d56054f04ff3fc33fb04110c5e8cace7a5c10fdd771"
"SD0809_T001_1hao","SD0809_T001_1hao.xlsx","hourly-data-06.zip","975792","84793afe9e3654e8f170d0c2c1db413ac6a9af63920b9c8c62751be3cba86fd3"
"SD0810_T001_1hao","SD0810_T001_1hao.xlsx","hourly-data-06.zip","822606","94a35e09d55a077c7bffc3e564d4ba36dbdf3a6160cc8c54b3b8077a9ea353a4"
"SD0810_T002_2hao","SD0810_T002_2hao.xlsx","hourly-data-06.zip","984967","60bb25c3918d73ee41bd530737251c2c21d1a050cf2549d02e05cde69d6e1759"
"SD0810_T003_3hao","SD0810_T003_3hao.xlsx","hourly-data-06.zip","990876","8f1e162ce5104383c199e345c3d239b7841b0071d19dd93d94caea2ef5971967"
"SD0811_T001_1hao","SD0811_T001_1hao.xlsx","hourly-data-06.zip","969027","41b9d0a2d14ced7a1849e48e015f56a926557c72bce8d479e3cc6dbcdac9c457"
"SD0811_T002_2hao","SD0811_T002_2hao.xlsx","hourly-data-06.zip","982598","76bb6a67963f1d70ac9eca5a992f1710e74ac5dca24b9643e420de93160a2067"
"SD0811_T003_3hao","SD0811_T003_3hao.xlsx","hourly-data-06.zip","991995","f6d519ed1181dac0e5246fce8585255beacb0fa3858a3557ccddf2cb4e938ba6"
"SD0811_T004_4hao","SD0811_T004_4hao.xlsx","hourly-data-06.zip","982343","9e1e810f06446e1a57e032532d771c10d414df607ae06428aec9ab45d3151196"
"SD0811_T005_5hao","SD0811_T005_5hao.xlsx","hourly-data-06.zip","983128","c3ac76047ab17221fe1df5608413c336a759ef51692ec33163da44bfa1d9c177"
"SD0811_T006_6hao","SD0811_T006_6hao.xlsx","hourly-data-06.zip","982254","841ca19bcd85ae234f64e9a35c16fcaea93ad6f3666d84e263bdb5f4121428ac"
"SD0812_T001_1hao","SD0812_T001_1hao.xlsx","hourly-data-06.zip","976751","e329d323d435efb5bb838a5a44b4dd88ad69699184349047b6244d3f1b61340a"
"SD0813_T001_1hao","SD0813_T001_1hao.xlsx","hourly-data-06.zip","976256","0ca947752c91080bceade0f1f09ffa2fe1930c4399de3ce6f081a175e5a4eb02"
"SD0813_T002_2hao","SD0813_T002_2hao.xlsx","hourly-data-06.zip","991780","28743d352fe51e0b11ff99d4955930c3cad0f11f9ff49a2ac5283e6b21fa02b6"
"SD0813_T003_3hao","SD0813_T003_3hao.xlsx","hourly-data-06.zip","995121","f3df82e9f7f1cfc21635688b8a654c77e3f6c6cdf24069f89dc002e6ef17fc5e"
"SD0814_T001_1hao","SD0814_T001_1hao.xlsx","hourly-data-06.zip","988591","17597fa1a02b08153d6ed4573877010ddf3b84e03524eab999c7b781db4e5f8e"
"SD0814_T002_2hao","SD0814_T002_2hao.xlsx","hourly-data-06.zip","991944","d7df99e7a40180f0c0dc29453cc194a1cb4c554a4dc8e779e9af7b1a09d12de0"
"SD0814_T003_3hao","SD0814_T003_3hao.xlsx","hourly-data-06.zip","994384","71d0c3284b350041710a0ef77590daf134b46e22f0be8cc2806990e479c60f20"
"SD0814_T004_4hao","SD0814_T004_4hao.xlsx","hourly-data-06.zip","991108","70d8cb1ae41048e3e05ae3d813ca2052ca922fff5466aa54bd5da7c7c1ac23ab"
"SD0814_T005_5hao","SD0814_T005_5hao.xlsx","hourly-data-06.zip","975231","e0e89d22dc705ead13635cafcdfc28265c2d6e162f7c6b0a89dbe83fbfb45161"
"SD0814_T006_6hao","SD0814_T006_6hao.xlsx","hourly-data-06.zip","997657","010a0b1da9a6ea51ab5f6c38c75782db0a21143ca6dc4589b57f5ca4f777027a"
"SD0814_T007_7hao","SD0814_T007_7hao.xlsx","hourly-data-06.zip","998024","9669a1dc1123757ac311c28780ea56c45f34c4a5ab82eba48b629ed1e961c058"
"SD0814_T008_8hao","SD0814_T008_8hao.xlsx","hourly-data-06.zip","989736","cbbf1f3ee830a9557ef862fa1f895c087d0a3d63118ee6bcecb567f3768b8617"
"SD0814_T009_9hao","SD0814_T009_9hao.xlsx","hourly-data-06.zip","1013596","3a741c2f958244b13f56b9148c4f521839bedc424b31fdc175006158dcf55ba3"
"SD0814_T010_10hao","SD0814_T010_10hao.xlsx","hourly-data-06.zip","977894","03a8f1cd5f2f8680c0b5c4358ba0a8919ea84adb7691756851663a19bba38b12"
"SD0815_T001_1hao","SD0815_T001_1hao.xlsx","hourly-data-06.zip","985248","8f19b5d10e3201f31a27e75d663e4f51851957c3d9c9e83b67beb8be1b74fdd8"
"SD0815_T002_2hao","SD0815_T002_2hao.xlsx","hourly-data-06.zip","985731","b1b2fefc65150f4363c39738fa7e13627e36e874323a2449bea21e5528691626"
"SD0815_T003_3hao","SD0815_T003_3hao.xlsx","hourly-data-06.zip","985984","950aef2049d98d7e48612292fe20e460218fa1e3bde50a76597a3f2085b76d97"
"SD0815_T004_4hao","SD0815_T004_4hao.xlsx","hourly-data-06.zip","981081","24df027a0c2cd52de652ef123a84cfc9e7ed4cbea747bdf41a3e8aa79f700dfb"
"SD0815_T005_5hao","SD0815_T005_5hao.xlsx","hourly-data-06.zip","997585","ae23566ff83da6fa026a4d94ddbfe42f1d7c16d2fe894a68bbe46280da2d252e"
"SD0816_T001_1hao","SD0816_T001_1hao.xlsx","hourly-data-06.zip","978053","a492e6f1af43b233e8cd463e412e73f037f9edd7c8c143332d1bc97a250ed7ba"
"SD0816_T002_2hao","SD0816_T002_2hao.xlsx","hourly-data-06.zip","990211","29874a4903f409f1ea2b1a4324a142492373f3e38d0d85970a5494b483106de9"
"SD0816_T003_3hao","SD0816_T003_3hao.xlsx","hourly-data-06.zip","977171","cb403f3a2621e3ab9f892ec21659e85b3fd5e1d45fbf3fa682fe0b87e9766ddd"
"SD0816_T004_4hao","SD0816_T004_4hao.xlsx","hourly-data-06.zip","971742","47e8108986f64d1ce587fcbf89cf12c87c93cb3bf029c26f37fc4dc852900765"
"SD0817_T001_1hao","SD0817_T001_1hao.xlsx","hourly-data-06.zip","993800","c106a51a913d13a0d41ac0d1de251ddfb489c0204939f04cd9dd5a4e01de94b3"
"SD0818_T001_1hao","SD0818_T001_1hao.xlsx","hourly-data-06.zip","979597","eaba16749252213f195df17cf1e5f4cdb749e8500948ed3a4c03a7fa5238d84b"
"SD0818_T002_2hao","SD0818_T002_2hao.xlsx","hourly-data-06.zip","978602","b2cd08ed1bdefec0efad85ef4f5dd94306098fc2a5ed067c538225815794d93d"
"SD0818_T003_3hao","SD0818_T003_3hao.xlsx","hourly-data-06.zip","985046","27f834faa4e347000e7b9e7c10fb58573d64c77053640413fe737d9dd8e117ea"
"SD0818_T004_4hao","SD0818_T004_4hao.xlsx","hourly-data-06.zip","984312","468505e71ae4365e796ec9c2ea36286298697ba40723ed8ee3017eebe606f1a1"
"SD0818_T005_5hao","SD0818_T005_5hao.xlsx","hourly-data-06.zip","989108","bb0f6cd6029febdb10d7e4853fbc78883b727754ae8753b2697759a823fa5943"
"SD0818_T006_6hao","SD0818_T006_6hao.xlsx","hourly-data-06.zip","990562","d61dbc1299c1b9ced7808f76dfbc260935c7ee70947e759640ebfc579b6735d9"
"SD0818_T007_7hao","SD0818_T007_7hao.xlsx","hourly-data-06.zip","992304","97839c6e99490c10bd9a4047dc1db35fb3fd02b63b7af5b7486a98094d27d97a"
"SD0818_T008_8hao","SD0818_T008_8hao.xlsx","hourly-data-06.zip","976472","3f753b947607b88e87f87235ad665f4b72251d76bc905057e660f56740e01d61"
"SD0818_T009_9hao","SD0818_T009_9hao.xlsx","hourly-data-06.zip","992996","d5dcbe860c83477e836ceb25026c788e329e561e39c2ddaad9e8406d2e42feba"
"SD0818_T010_10hao","SD0818_T010_10hao.xlsx","hourly-data-06.zip","985572","dc32bd58e635d065c1622ed4ffe16a04be69993bd22bae2e621c1b79d8241aac"
"SD0818_T011_11hao","SD0818_T011_11hao.xlsx","hourly-data-06.zip","984800","c84d1cd68a12a8c656faa008bd00df0ad19cf1b00e2d98115bad56a3b7943be9"
"SD0818_T012_12hao","SD0818_T012_12hao.xlsx","hourly-data-06.zip","977646","9f4fe72966accf5babfaa9c3f1e1479a47335256a736f0686aba791a35480a77"
"SD0818_T013_13hao","SD0818_T013_13hao.xlsx","hourly-data-06.zip","979657","f0dd272f5cdfcc3cc8cb40e63e42e46a82a0430bfc26e683dbd04bd172f04a3a"
"SD0818_T014_14hao","SD0818_T014_14hao.xlsx","hourly-data-06.zip","986755","b47fdd17e1717e9a6a562988d3b64287a56a9e441085f98e36916f0f6421d590"
"SD0818_T015_15hao","SD0818_T015_15hao.xlsx","hourly-data-06.zip","979625","41d948eaa70d95d031ec403d979f1d8bf4711a85e0fc044e25f8075559780e62"
"SD0819_T001_1hao","SD0819_T001_1hao.xlsx","hourly-data-06.zip","978186","129ab4ac0abb5e8570b2c10bc0e301935d380696f530b0250e57c31b62fe6bf3"
"SD0819_T002_2hao","SD0819_T002_2hao.xlsx","hourly-data-06.zip","980323","02033ae894e8026806469b159b613d5d9f4a017726bb5c015789c599ea810adf"
"SD0819_T003_3hao","SD0819_T003_3hao.xlsx","hourly-data-06.zip","990023","b6875addc0c40a93b942b186fbbb9bc87d02c1f128cac5e8ca16ae9bf65e69ed"
"SD0819_T004_4hao","SD0819_T004_4hao.xlsx","hourly-data-06.zip","981366","fcc322bb6294432b4b89685254275e1b9cba276a8bd15163ba0fa9201e996d40"
"SD0820_T001_1hao","SD0820_T001_1hao.xlsx","hourly-data-06.zip","824736","f06a90feae4ef82380f720203f1b24ddaf02d88e7ad2be3b29db9c3996c7c304"
"SD0820_T002_2hao","SD0820_T002_2hao.xlsx","hourly-data-06.zip","990993","295356b48e905db5e09b3eff0c1cf1910ea18acc7342d76eab33498686eb507e"
"SD0821_T001_1hao","SD0821_T001_1hao.xlsx","hourly-data-06.zip","989493","edb456198353b5834663fa6f0f7cb2ab27cd5f452e1431c8f53408cb543f8154"
"SD0821_T002_2hao","SD0821_T002_2hao.xlsx","hourly-data-06.zip","988910","96e9b2d6fb1f8ce8a471e058cff4cc698023da0b4707883674a6d2e6e1e4bc4d"
"SD0821_T003_3hao","SD0821_T003_3hao.xlsx","hourly-data-06.zip","989120","4ebae8fe40a28f45d1f3cfa40a46efbb84097740ecf300a4fc445d956d0bd277"
"SD0821_T004_4hao","SD0821_T004_4hao.xlsx","hourly-data-06.zip","988698","54d0a02a6d589bec1704eb302360940af0e478a8d94845f5c645c61fa1899a3e"
"SD0821_T005_5hao","SD0821_T005_5hao.xlsx","hourly-data-06.zip","992894","9f19f80e58014e3dc4acae0996983ef1b80adba8e290ecc2451bfc6ca34f81fc"
"SD0821_T006_6hao","SD0821_T006_6hao.xlsx","hourly-data-06.zip","994970","00d803739a6a0329b759e3463437febb77992d2e91bc167d1fc1f8c1803bc399"
"SD0822_T001_1hao","SD0822_T001_1hao.xlsx","hourly-data-06.zip","999747","4f8503335293c8b73a116e63494366ef67e153d3d9e6bf806d92e4a6e5e86bca"
"SD0823_T001_1hao","SD0823_T001_1hao.xlsx","hourly-data-06.zip","997413","8f22e24d3190b36bf2c9aea8542082b5c6e21d578f7a603c32044a7ede39caec"
"SD0824_T001_1hao","SD0824_T001_1hao.xlsx","hourly-data-06.zip","984318","fb7aa9c8024bdfb94809affd85725112ee05d6f4795700e213e3c6d6dae68bf7"
"SD0824_T002_2hao","SD0824_T002_2hao.xlsx","hourly-data-06.zip","976437","9ff313fe5dd082020438359e4826e1055eb72774fb24451a476e70e651237327"
"SD0825_T001_1hao","SD0825_T001_1hao.xlsx","hourly-data-06.zip","979805","a959558429b91b721b173ee1daf9d59a6798383a55fa01882d9c083e0e02dc04"
"SD0825_T002_2hao","SD0825_T002_2hao.xlsx","hourly-data-06.zip","978792","40718c1d951ada2a0b3137ebee29613328b39c1ac9232bed2903de6a7a02aa0b"
"SD0825_T003_3hao","SD0825_T003_3hao.xlsx","hourly-data-06.zip","983907","a65138cf3d1a78aab9a70862df27812b174d93aa5819702972b48ffef949c168"
"SD0825_T004_4hao","SD0825_T004_4hao.xlsx","hourly-data-06.zip","996943","638c03c8a61f453555c35378269081797fa8f0bb10a69f47afe24d1d557645ca"
"SD0825_T005_5hao","SD0825_T005_5hao.xlsx","hourly-data-06.zip","996488","dfba8963f6e6d46bceace9c4d61f4927224faeaa7ee1280fa8cc64d942a84652"
"SD0825_T006_6hao","SD0825_T006_6hao.xlsx","hourly-data-06.zip","996680","d17e5c74cbc0cf19835662de730a21fcee5a3cf69eb7630d89ff2a786782ffc7"
"SD0825_T007_7hao","SD0825_T007_7hao.xlsx","hourly-data-06.zip","982308","6ff94fe4918e4403c002374069e1bc1ae004085716d9d4ee2ecad6c62df77f35"
"SD0825_T008_8hao","SD0825_T008_8hao.xlsx","hourly-data-06.zip","995405","9a6d646e969e11a1e93f9057cb81166db76fb884876fe11031114c6d9a174679"
"SD0825_T009_9hao","SD0825_T009_9hao.xlsx","hourly-data-06.zip","1015762","cef5966ff47bd1960eec5e6398ebb20f22c62f26e2236bf0afa9a56a9a057cfe"
"SD0825_T010_10hao","SD0825_T010_10hao.xlsx","hourly-data-06.zip","1001596","8cf44486bf427c453c83747f78dfd1a451f2eb2d1ba0ef2a0805b0038a5c24c6"
"SD0825_T011_11hao","SD0825_T011_11hao.xlsx","hourly-data-06.zip","1001385","0a7460d814286a7c95cfeb184bd9bafb25d393fe42309a4294872b77af180c36"
"SD0825_T012_12hao","SD0825_T012_12hao.xlsx","hourly-data-06.zip","999305","8e156cd8264ca4e07f9f17bf91ef1f6847bdfa7b82bb4368479f108a590abf1f"
"SD0825_T013_13hao","SD0825_T013_13hao.xlsx","hourly-data-06.zip","996678","0668c1d600ce9f9aa152fc3c34fa190cbc724a5abe292fd6ce598d5ba8e7c16a"
"SD0826_T001_1hao","SD0826_T001_1hao.xlsx","hourly-data-06.zip","978995","977eef866132048026abc37b5301f5432c19f97d0f2a5370df0f0153dfe9a27b"
"SD0826_T002_2hao","SD0826_T002_2hao.xlsx","hourly-data-06.zip","975496","fc26956ae002adc2116d6ce5aa2e99238153e920d3ea3130cee59c587e8285d9"
"SD0826_T003_3hao","SD0826_T003_3hao.xlsx","hourly-data-06.zip","978759","3466be4623208324d6269202a245f59680798e72f764097666094bba64567fd5"
"SD0826_T004_4hao","SD0826_T004_4hao.xlsx","hourly-data-06.zip","998995","1877d44d68ca7135b5855df709565bde4a8a1bc100882453b58898e5a2526544"
"SD0826_T005_5hao","SD0826_T005_5hao.xlsx","hourly-data-06.zip","977909","755e2cf1f8852ce74dd9ae4228f769d89fcb8986e6ac5ffbba262074ed934b7b"
"SD0826_T006_6hao","SD0826_T006_6hao.xlsx","hourly-data-06.zip","978857","8be14e7c1112c34a8211bdccadf7c9e4a47e3d306be97c7f120b4922a291a7eb"
"SD0826_T007_7hao","SD0826_T007_7hao.xlsx","hourly-data-06.zip","979206","220e92101b6a5d6fe7a2f802fa4e0c98428d635d8474a2c72d588fd1ca399ff2"
"SD0826_T008_8hao","SD0826_T008_8hao.xlsx","hourly-data-06.zip","978962","106ed4f161d2ef55c083cd2de4a2aa9dd4274f01bf6f1c6a7b902a1e3ad18ea5"
"SD0826_T009_9hao","SD0826_T009_9hao.xlsx","hourly-data-06.zip","987043","11b06541651aa240ed300721bd8813c23ca4bbe566dc04e21019a6097d0d0984"
"SD0826_T010_10hao","SD0826_T010_10hao.xlsx","hourly-data-06.zip","976494","4e6c7b2241e0ca9a8a46d6e3ecc2715760de6ed248e06591e92ebb11b460b3dc"
"SD0826_T011_11hao","SD0826_T011_11hao.xlsx","hourly-data-06.zip","993270","8ddfada1512354d94bf4a6aee6b09d558451f26e532566d6889d385cd734f7ce"
"SD0826_T012_12hao","SD0826_T012_12hao.xlsx","hourly-data-06.zip","993946","30f8754179b2d169f63ba879ea6a24dfafc738d4d96fb64b0bfd54570a8f21b3"
"SD0827_T001_1hao","SD0827_T001_1hao.xlsx","hourly-data-06.zip","974707","425ce2b180f7baaaa715a1f54a3403bc47cead56fee998258a7791a5b89121d3"
"SD0827_T002_2hao","SD0827_T002_2hao.xlsx","hourly-data-06.zip","968035","a7b8d92c134202c6727a571b244479d958cbf0d255e4fa2ebdb03061e3043305"
"SD0827_T003_3hao","SD0827_T003_3hao.xlsx","hourly-data-06.zip","979049","6ffd3c544274e3af0c67ba40556b2f0f3ab4ec189c3c22f89298152fe3e01cf1"
"SD0827_T004_4hao","SD0827_T004_4hao.xlsx","hourly-data-06.zip","972818","8fbcc8a77a2ae631dce447ec13f3347716ad2ea09ef29069971b8d438ca292b6"
"SD0827_T005_5hao","SD0827_T005_5hao.xlsx","hourly-data-06.zip","975275","5c9e7de3a492235b91bc49205e0f8d762e1252faa9f8b2f8bdcf48078d3bda5d"
"SD0827_T006_6hao","SD0827_T006_6hao.xlsx","hourly-data-06.zip","971107","2dbf0d8b8a1d974adbdad654a320ace358d02c0a148e18dfca8a8d3874210292"
"SD0827_T007_7hao","SD0827_T007_7hao.xlsx","hourly-data-06.zip","984583","454ea2c09a200f2110e16bff305b57a459d9bc76232865ed74caab3e1aa4a1cf"
"SD0828_T001_1hao","SD0828_T001_1hao.xlsx","hourly-data-06.zip","980137","a4284534a1ab731df3069ceaea0d6da53029561761efe7e180d184a68f0eac7b"
"SD0828_T002_2hao","SD0828_T002_2hao.xlsx","hourly-data-06.zip","978182","0289e7c700372f262d1674d92533f08f725a8d0d095ce2ad5a4af8f2beae764a"
"SD0828_T003_3hao","SD0828_T003_3hao.xlsx","hourly-data-06.zip","981472","ca41e89cd8c608eed770fe82208a80ca2a15cc410f910b2397312433cfbaab62"
"SD0828_T004_4hao","SD0828_T004_4hao.xlsx","hourly-data-06.zip","975406","93d9aaba5a0b46eb4ef47b824469285752124f09bdb0c7148a98e72ee68b9b04"
"SD0829_T001_1hao","SD0829_T001_1hao.xlsx","hourly-data-06.zip","985865","f2982972cad44c33239de8a7f9754113fdf96056692fe17ebcb8439cc135dac9"
"SD0829_T002_2hao","SD0829_T002_2hao.xlsx","hourly-data-06.zip","975058","4d27b168a801a6ed67f91cbd1058c1c3b9c6bd30a99fb5cdd01b59372d0d2809"
"SD0829_T003_3hao","SD0829_T003_3hao.xlsx","hourly-data-06.zip","993006","6724528f6f69ab46ba11202f0c572f09b7adeac3db464b9cbf5c29841e125684"
"SD0829_T004_4hao","SD0829_T004_4hao.xlsx","hourly-data-06.zip","974977","1b2b6facbb2d49c8b7ea2b98889677deb60689435b51ee2c3852e7d76e025f77"
"SD0830_T001_1hao","SD0830_T001_1hao.xlsx","hourly-data-06.zip","983823","8330cf06ee1b7205f1aa1670c0c8ced19c5bd67f30c5d56fd9fff8481e45b3e1"
"SD0830_T002_2hao","SD0830_T002_2hao.xlsx","hourly-data-06.zip","991731","92730b321693318a38e676e01749682c20fa3f18fa52b8ef7d88aa58539cc272"
"SD0831_T001_1hao","SD0831_T001_1hao.xlsx","hourly-data-06.zip","1007968","217d70fb0c3d425ce160129d67b50de9444c0f621d17d2f5d249b11cfe18a8c0"
"SD0832_T001_1hao","SD0832_T001_1hao.xlsx","hourly-data-06.zip","978418","1fc874bada6a4957336dd2a49dd0997275cef8f62ec3b9d5210a766346707ac2"
"SD0832_T002_2hao","SD0832_T002_2hao.xlsx","hourly-data-06.zip","983044","2ce89bedbccda9f9e6a7a27621046f7a033f690e3e882537d098c62d3273c151"
"SD0832_T003_3hao","SD0832_T003_3hao.xlsx","hourly-data-06.zip","976969","62b71faa6d0cf920579f7d406a4e1a7dbda0b1c68ee4fdabc8a7123dfddb92ee"
"SD0832_T004_4hao","SD0832_T004_4hao.xlsx","hourly-data-06.zip","984084","a784b8d468de32081d828019b2dd9c9d7ec53846ed102054f6b34fa5f9825208"
"SD0832_T005_5hao","SD0832_T005_5hao.xlsx","hourly-data-06.zip","996788","314b11fab7548c2cf6abdf75b68efac37fbf5c16cd720f9c74706b7d7436867a"
"SD0833_T001_1hao","SD0833_T001_1hao.xlsx","hourly-data-06.zip","985150","e964ee78cd13a4bdd5b8ea3295ef03c2f3c1be1bcef554dc629cb25c1de588f7"
"SD0833_T002_2hao","SD0833_T002_2hao.xlsx","hourly-data-06.zip","990744","0464d6a9e8c6c56c471608e76c0c11faceda946e527dfc340b24a5df4f3545a9"
"SD0833_T003_3hao","SD0833_T003_3hao.xlsx","hourly-data-06.zip","985375","4a835c67b6e763a922b82f9e7d3b845f4822e30b1e57f8d582e031e31da1a548"
"SD0833_T004_4hao","SD0833_T004_4hao.xlsx","hourly-data-06.zip","982285","faed596ec95e81245300c1134eb5bbbdf4d0fd42943e5064bdb057db2ef6b64d"
"SD0833_T005_5hao","SD0833_T005_5hao.xlsx","hourly-data-06.zip","993441","244ff91bb1e393608f62a33bf199e46ff88d85321154461286aefe06fb34cfe2"
"SD0834_T001_1hao","SD0834_T001_1hao.xlsx","hourly-data-06.zip","990167","d696f21529fed47e279476049127ee20a4ca6996ac56a80f4d0de0c47b16ec71"
"SD0834_T002_2hao","SD0834_T002_2hao.xlsx","hourly-data-06.zip","1000277","281b9645abcf364aad67806b1f1766d62a54aa156c1794b1b11e072112a1d222"
"SD0834_T003_3hao","SD0834_T003_3hao.xlsx","hourly-data-06.zip","978860","aab1e9c6b7982f33fd8606ddf332ae7d585aa90d21bda175696f48b5855fe69e"
"SD0834_T004_4hao","SD0834_T004_4hao.xlsx","hourly-data-06.zip","978274","bb08a98588ed5cf3dbe30db8a2965638a026e5aa729e2a87cf9e959ff44ba40d"
"SD0834_T005_5hao","SD0834_T005_5hao.xlsx","hourly-data-06.zip","977582","f379c5d471e4dd1c1d488b55e0b3009a3fa2126fd693bbd913610556a48d2b22"
"SD0834_T006_6hao","SD0834_T006_6hao.xlsx","hourly-data-06.zip","984637","ba315fd9b1ffc499fc564fba44eb63510f4319ad1a79efe8bd45f2016e1c22b2"
"SD0834_T007_7hao","SD0834_T007_7hao.xlsx","hourly-data-06.zip","981584","0cc4b10bc982decb1b2cc89a0ef3ca3f52e0d479d38dbe3241c4cd20989e92aa"
"SD0835_T001_1hao","SD0835_T001_1hao.xlsx","hourly-data-06.zip","978382","14886b6b8d2c5d6f64cffaa4d33343d23e197605a8c5330b2aac36daea62a9d1"
"SD0835_T002_2hao","SD0835_T002_2hao.xlsx","hourly-data-06.zip","978352","7b40dd4fe787dd87b281ac87e57a8bf02cb7bbfb2ae3cd70121fae923d776c57"
"SD0835_T003_3hao","SD0835_T003_3hao.xlsx","hourly-data-06.zip","977095","bb2ab94cea056f583e370b6f594faa98bbfdba45eb52033d4d10c2107e88dc5b"
"SD0835_T004_4hao","SD0835_T004_4hao.xlsx","hourly-data-06.zip","977063","46154b4950dfb4049dc4032cf19bf3fabcd0262b7055fc025b9fc4609bb6e601"
"SD0835_T005_5hao","SD0835_T005_5hao.xlsx","hourly-data-06.zip","976897","88d494e52ee5e9e39cddc45bb4019f6d07dfcf164137c401ee867212886482f9"
"SD0835_T006_6hao","SD0835_T006_6hao.xlsx","hourly-data-06.zip","978042","fc72566031a726277f63fbadb589ce30f23a4292f9abf001b38e396f1c7df4de"
"SD0836_T001_1hao","SD0836_T001_1hao.xlsx","hourly-data-06.zip","977030","b17efaded0d1eeb871f325fa80f4a921dad974f00fb0a20a51768ab5a9212757"
"SD0836_T002_2hao","SD0836_T002_2hao.xlsx","hourly-data-06.zip","987445","225ba2225b1368aaacca03aa8b205331f447df6d3fb283d31bb5e5ca589bc3ba"
"SD0836_T003_3hao","SD0836_T003_3hao.xlsx","hourly-data-06.zip","993361","ea4335fa5aaafca3167b7e14f35080d13e5b1d9052def576d585d5d8ae0beadc"
"SD0836_T004_4hao","SD0836_T004_4hao.xlsx","hourly-data-06.zip","981866","360914024ce36ddc93ec8e8a4f145e0a90edb0ca942bdc5d851d76568187355c"
"SD0836_T005_5hao","SD0836_T005_5hao.xlsx","hourly-data-06.zip","978981","8e3025c02deb8f1337f2bc7f29180f9df4a44d0e24989341bf8c683ae724db70"
"SD0837_T001_1hao","SD0837_T001_1hao.xlsx","hourly-data-06.zip","980771","35a71f5f59fd0c8363493d256f68383b4a59f3ea1daa9163e965ff5ecb91415c"
"SD0837_T002_2hao","SD0837_T002_2hao.xlsx","hourly-data-06.zip","984905","176ae2cd9b145fe46763ec0fdacb1592b0d82a5ac7ac986df0d3c36cd9bae29d"
"SD0837_T003_3hao","SD0837_T003_3hao.xlsx","hourly-data-06.zip","818469","f85bae4a9d035ebc55dbc34bd7bab512369e2cbd8117a2fe8f4400f652823787"
"SD0837_T004_4hao","SD0837_T004_4hao.xlsx","hourly-data-06.zip","981458","23415a539ce4dc32e5f6a06e32755e1f2e12e563a1515f6ab9de9e7f51f14ef7"
"SD0837_T005_5hao","SD0837_T005_5hao.xlsx","hourly-data-06.zip","972497","d52488fd328547a47e284f55b4941b6df296c83501ed25783ad45dfe1af7e14f"
"SD0838_T001_1hao","SD0838_T001_1hao.xlsx","hourly-data-06.zip","983460","0a00a6ef7caec38658685581a5f10986053479efbf03b3d083d560a702fd596e"
"SD0838_T002_2hao","SD0838_T002_2hao.xlsx","hourly-data-06.zip","991379","75619da9fe0c5a9ddc83f999861a64364fb3ed5efcd25682e142b399d17daff6"
"SD0838_T003_3hao","SD0838_T003_3hao.xlsx","hourly-data-06.zip","992113","4f74f241a8e5d3725321688114f614ef28e9f816c7cfb0b0085ebea206101b1d"
"SD0838_T004_4hao","SD0838_T004_4hao.xlsx","hourly-data-06.zip","1000269","06c0f00ff91ed45218ad1dc601622bca05b026cfcaf5bccfa989c3561d6214b5"
"SD0839_T001_1hao","SD0839_T001_1hao.xlsx","hourly-data-06.zip","1011280","17a6e9c98b75349475566dac829a1f2e3b83950d9b323264479bfc7032800b54"
"SD0840_T001_1hao","SD0840_T001_1hao.xlsx","hourly-data-06.zip","976993","7483316d3704e0a1a3add63b2c0a6083b2381ccf568cc91dff23b569872c3838"
"SD0840_T002_2hao","SD0840_T002_2hao.xlsx","hourly-data-06.zip","996326","d164e3759afa3eadead4dcb44ee7d7d1039ddfe3017e18ca9a9fabe930d1fe06"
"SD0841_T001_1hao","SD0841_T001_1hao.xlsx","hourly-data-06.zip","1002126","a4856f13316e67ebf8450e443eff2a4c6e1c5e36c0d71ce4f7137735ef3b1d13"
"SD0842_T001_1hao","SD0842_T001_1hao.xlsx","hourly-data-06.zip","990518","99f196a91fbe5402f1b2a854ce091ca59eb1b6b9ce407d56a6d3a9a5e8dea8e7"
"SD0842_T002_2hao","SD0842_T002_2hao.xlsx","hourly-data-06.zip","995685","272e1b15aeb7e7fe97baf4752e65bfa3bc32f291f6d419023ba16873a92adfa9"
"SD0842_T003_3hao","SD0842_T003_3hao.xlsx","hourly-data-06.zip","992180","5f196aa9a41f8568ceb86f82a1ef42c38a8309e52c3a33b7667126b8dc3268b0"
"SD0842_T004_4hao","SD0842_T004_4hao.xlsx","hourly-data-06.zip","992161","ff7fd76f84d943727fe4d2ef46d69d8cf561cd2767073d448521a2324e568eb4"
"SD0842_T005_5hao","SD0842_T005_5hao.xlsx","hourly-data-06.zip","989802","d58496a16ed334f849234ba13d0fbfeb382e894427a884485114623b94dc0564"
"SD0842_T006_6hao","SD0842_T006_6hao.xlsx","hourly-data-06.zip","993772","f56ffb9cd1d87641d1534f808ff06d06a5613e2b0e5f8edac5cf01dd41f5086b"
"SD0842_T007_7hao","SD0842_T007_7hao.xlsx","hourly-data-06.zip","986999","ca9a65c952d79a3db1c970dffdb5701ca444a190715967f1a5a7e388a17b11a5"
"SD0843_T001_1hao","SD0843_T001_1hao.xlsx","hourly-data-06.zip","992037","14f6d660cdac774637eb1af5e9ad9f8e4aadb9adce2929563e87dde1eba13a72"
"SD0843_T002_2hao","SD0843_T002_2hao.xlsx","hourly-data-06.zip","996978","c711730cfe7909ef3d6aa00cc1aea291017d6dedb7d49903b028a30e16e8f408"
"SD0843_T003_3hao","SD0843_T003_3hao.xlsx","hourly-data-06.zip","991281","06404ad82561415edaadcc4791fc79bbd48d53ec296e05e6a1362cf45ed8905f"
"SD0844_T001_1hao","SD0844_T001_1hao.xlsx","hourly-data-06.zip","970572","8262b57acde687ff3c56420e112a0cccce060e415ffdbf7714cf30999fce9479"
"SD0844_T002_2hao","SD0844_T002_2hao.xlsx","hourly-data-06.zip","819212","8b58c08ac606aae5f8f381e01258b2d37c1e78e092c323b8f83bc9fe582b50da"
"SD0844_T003_3hao","SD0844_T003_3hao.xlsx","hourly-data-06.zip","977205","80b4a2dd7271abe53f75a158939cc1877b6e4b5d6ce958ef159609548f236d1f"
"SD0845_T001_1hao","SD0845_T001_1hao.xlsx","hourly-data-06.zip","982591","3f989baf29f5bedee083ff2cf78fbe4ad02400cad51d1d11b6b63d5c400efbf2"
"SD0845_T002_2hao","SD0845_T002_2hao.xlsx","hourly-data-06.zip","1002001","2fc00e304a271e55be8c2e66189c12b13689d46bb74aeef69ba2a4f1bd271a25"
"SD0845_T003_3hao","SD0845_T003_3hao.xlsx","hourly-data-06.zip","999621","40629955b6dcf32ff4659443528d8b8bd62cd24de93a6f55eaf8571b85b3b792"
"SD0846_T001_1hao","SD0846_T001_1hao.xlsx","hourly-data-06.zip","1016165","83e44045a1359a1b0f8205b373555f361775926def6986705886d1e4e650d5d1"
"SD0847_T001_1hao","SD0847_T001_1hao.xlsx","hourly-data-06.zip","974548","1d25e25bf59b5a7c1ce16c289df8076c302b200ef8cdaf0d60e438e12d06204a"
"SD0847_T002_2hao","SD0847_T002_2hao.xlsx","hourly-data-06.zip","986689","69e557459853b4b100d46db4111cf047de7d165024787feb769c79c271a14d63"
"SD0847_T003_3hao","SD0847_T003_3hao.xlsx","hourly-data-06.zip","980974","d9078b46eedf4dbab8d527af6a74f220d376ba6414d9322f23a2e8485ba1355c"
"SD0847_T004_4hao","SD0847_T004_4hao.xlsx","hourly-data-06.zip","976771","654bb256ed9e2d596acfca853a5e6f5ab3d35b20e397c6a847bb1ea2879ee7a9"
"SD0848_T001_1hao","SD0848_T001_1hao.xlsx","hourly-data-06.zip","996997","86fd4b963a77f70a40499cf861cd27dae5aa5cc7fde7c303a32dbaa440000b46"
"SD0849_T001_1hao","SD0849_T001_1hao.xlsx","hourly-data-06.zip","1009400","2bf2817ee0477256326183b0e168a6774d605bb9dd3dd3b2fe53493c1d1ba962"
"SD0850_T001_1hao","SD0850_T001_1hao.xlsx","hourly-data-06.zip","997183","81db7716243885f5cf1447b5238f3979a5fb1760c273315727cd3bfa617c092e"
"SD0850_T002_2hao","SD0850_T002_2hao.xlsx","hourly-data-06.zip","997593","d3dd7778b4ec052f6d94f730533443c8df296465e1bb1a7771ea7687defbe20a"
"SD0850_T003_3hao","SD0850_T003_3hao.xlsx","hourly-data-06.zip","999714","29f79aafdf119eca369c4b35f63479b1c1a346bd7046b5c2080bed2d77a5f082"
"SD0851_T001_1hao","SD0851_T001_1hao.xlsx","hourly-data-06.zip","999468","42e3d7f8457a8351709f8cd20ffc71d5dc22c308088efe969b73197ef9a335ad"
"SD0852_T001_1hao","SD0852_T001_1hao.xlsx","hourly-data-06.zip","975675","848fd3ea27590c26a44d16d089795b2eb6dbb6446a436b0f093ecef8e2af781c"
"SD0852_T002_2hao","SD0852_T002_2hao.xlsx","hourly-data-06.zip","984113","d13263972df781e5a2d235faac733b31deb166f16eff174e2c3c12beffc713a1"
"SD0852_T003_3hao","SD0852_T003_3hao.xlsx","hourly-data-06.zip","996468","5116b57bc8b351e97186110ba5cdbf1dc042e04cfa27c064360c805c05ba16e1"
"SD0852_T004_4hao","SD0852_T004_4hao.xlsx","hourly-data-06.zip","984793","3464c11d83b7a643a2ac206227ba9bf3a21ff34f50da44e5fe431c382feda155"
"SD0852_T005_5hao","SD0852_T005_5hao.xlsx","hourly-data-06.zip","984093","af2b395be103091d4ccd03decbed976c34c03471a18f64c810ee44d03dcd70f7"
"SD0853_T001_1hao","SD0853_T001_1hao.xlsx","hourly-data-06.zip","985804","4f59742e4763fa913c1f3848c78d0593bf88a7434b101c2c7f156813aecf04da"
"SD0853_T002_2hao","SD0853_T002_2hao.xlsx","hourly-data-06.zip","985971","c319203e41e75d2b67ee9b94043802571b77aed917d096a00c98e70cc89d3296"
"SD0853_T003_3hao","SD0853_T003_3hao.xlsx","hourly-data-06.zip","986584","77dc0954febf457e2ce76d7579c87ce6c2acd202c4a47f331dc1104016944b7c"
"SD0853_T004_4hao","SD0853_T004_4hao.xlsx","hourly-data-06.zip","986338","41d7ed06ca07e486cc8f957677e1b930929f558c992bcab24e83d8c5d61077b9"
"SD0853_T005_5hao","SD0853_T005_5hao.xlsx","hourly-data-06.zip","987672","8c22f195609294f44bf99a3aae339e12d727a6119577ad2dbc4a7691a0f26b85"
"SD0853_T006_6hao","SD0853_T006_6hao.xlsx","hourly-data-06.zip","988238","292a043ba0ed3cc5f3f37172ad03d377a43a4405bef2bf07346ccfb840e0b980"
"SD0853_T007_7hao","SD0853_T007_7hao.xlsx","hourly-data-06.zip","993327","47b5b21da967b908230bad36b9e6a08afe53e0c839da65f28fe15eee9e28d8a6"
"SD0853_T008_8hao","SD0853_T008_8hao.xlsx","hourly-data-06.zip","990385","4a230d57c110c26b08ee18a18de45e89af7b13c9be2792725c0035a0e2393e6d"
"SD0854_T001_1hao","SD0854_T001_1hao.xlsx","hourly-data-06.zip","999132","bdd850179bdbf005986125f4b50169974a10ea88f53b3898546683070e22e4c3"
"SD0855_T001_1hao","SD0855_T001_1hao.xlsx","hourly-data-06.zip","978095","fdec97283797953e15fdd72d5bbd2d806324e259b793926dae90d423ff60446d"
"SD0855_T002_2hao","SD0855_T002_2hao.xlsx","hourly-data-06.zip","992882","5c695d4e68efd7fece65881784519b0fa75462ac935a658452ea78272c432b3b"
"SD0856_T001_1hao","SD0856_T001_1hao.xlsx","hourly-data-06.zip","966343","8c4645c883a4c542cb50d6ad8b6852889fc8a088fdeba223bab8f9b97aebcf3e"
"SD0857_T001_1hao","SD0857_T001_1hao.xlsx","hourly-data-06.zip","981170","ce1ed0052f888653bc822756c6a22cc3a1eefa47e5979d939f8535d5819a0180"
"SD0857_T002_2hao","SD0857_T002_2hao.xlsx","hourly-data-06.zip","977830","1f1a26c902c5efacff426f8f064bb3685de3d22051a22c71e0e86d973afa9a5e"
"SD0857_T003_3hao","SD0857_T003_3hao.xlsx","hourly-data-06.zip","977474","2c2db3fee57a701b55ed451abceaace1669059d2fc3ac4a1130e965d4bcdacbc"
"SD0858_T001_1hao","SD0858_T001_1hao.xlsx","hourly-data-06.zip","999549","f4e4666d992bd858e3cb85608ef691928a313a427d6071512a4540b501bda178"
"SD0858_T002_2hao","SD0858_T002_2hao.xlsx","hourly-data-06.zip","972805","3c629142c540ec42ebd74920e8e67ba71601c5755ec1d6873468e078ac6c08a9"
"SD0859_T001_1hao","SD0859_T001_1hao.xlsx","hourly-data-06.zip","987775","e245dcefda800aa0361b4ea5734557cb9e7c2212c08b1b0b695c095118744f22"
"SD0860_T001_1hao","SD0860_T001_1hao.xlsx","hourly-data-06.zip","984609","9b3f1fb5a9c673cd805102a9afb1dc29240a981e0740c5a9d952c500e43e6507"
"SD0860_T002_2hao","SD0860_T002_2hao.xlsx","hourly-data-06.zip","980949","4d179dc7b405500f1faa42cf7036ff3713594d60e6369d96162d5490bc8cbc5e"
"SD0860_T003_3hao","SD0860_T003_3hao.xlsx","hourly-data-06.zip","985861","9612bdbd0f4bb81f35bf2deae1ffbeb0dcfb4df50aba2ae62f139cb191cbd544"
"SD0860_T004_4hao","SD0860_T004_4hao.xlsx","hourly-data-06.zip","998206","d37167ee4179af2a6ef2a6ef06f47397c1885ea78d1eb459c210e41f45500f4b"
"SD0860_T005_5hao","SD0860_T005_5hao.xlsx","hourly-data-06.zip","985043","a9ae144b7bb65741ec3a9922dccae1811b3ba48add784d2baf542915033f6dfc"
"SD0860_T006_6hao","SD0860_T006_6hao.xlsx","hourly-data-06.zip","974497","ef29f64526dabba70da287545accc0d88a6ffe848f2fa5de9504d3056c51761a"
"SD0860_T007_7hao","SD0860_T007_7hao.xlsx","hourly-data-06.zip","973644","196b5437524436ec6c694c2992824227074bc6db80034b0a23269f36f97d9888"
"SD0860_T008_8hao","SD0860_T008_8hao.xlsx","hourly-data-06.zip","1000941","62dc7a5d65d833ea6b9c2e9ad5736d09bedf9722aa1cd8573886fe7f1836ca9b"
"SD0860_T009_9hao","SD0860_T009_9hao.xlsx","hourly-data-06.zip","999962","4c4ce646bbd7565cfdb9e0e626218eb98d843dc18c056d23c10f4c60618186d9"
"SD0861_T001_1hao","SD0861_T001_1hao.xlsx","hourly-data-06.zip","982685","9eb02e620cb070a5d8d97e5124b512bc151a48e3e31102c42e361c2a9f5f6d76"
"SD0861_T002_2hao","SD0861_T002_2hao.xlsx","hourly-data-06.zip","974252","121438ad1c92d844239b2c6a033921add7d531584c22e0a2e02c9f6dbd511431"
"SD0861_T003_3hao","SD0861_T003_3hao.xlsx","hourly-data-06.zip","977668","347767b9a23588f25d4d6e28052319223521b5460a9557f2463c82c73783b0fa"
"SD0861_T004_4hao","SD0861_T004_4hao.xlsx","hourly-data-06.zip","972311","755ca336b61c0d0587dddb2272e3d8815a40dd8122799f041e5af72ab8facc0a"
"SD0861_T005_5hao","SD0861_T005_5hao.xlsx","hourly-data-06.zip","974927","f64096f21a9f657c0eb404956a0b825d148eb6016b3eba0563182dab9b400477"
"SD0861_T006_6hao","SD0861_T006_6hao.xlsx","hourly-data-06.zip","970626","d6a25315507334b39d0688be648c1ce05e7daa0ce9adbbad3b8a7a80579ac6a2"
"SD0861_T007_7hao","SD0861_T007_7hao.xlsx","hourly-data-06.zip","972066","c958c63f5131798e6db5f8dde7e2adff9b75491c8c5891f802420665f6c0ce55"
"SD0862_T001_1hao","SD0862_T001_1hao.xlsx","hourly-data-06.zip","975050","e8d1a522b79519c75891ca54e915368e0feac9b4f9433e142a481fa5bbfba2c4"
"SD0862_T002_2hao","SD0862_T002_2hao.xlsx","hourly-data-06.zip","826278","020f8da9ed3dff7b2086b0de2052b78e8b3f7658c5ff47d350c35a667f60f787"
"SD0863_T001_1hao","SD0863_T001_1hao.xlsx","hourly-data-06.zip","974578","9afb0026335a144c93e0f670961d820808d141deeaf55b7054f77f762dab0cac"
"SD0864_T001_1hao","SD0864_T001_1hao.xlsx","hourly-data-06.zip","1001039","66a0adab10de2b86033d9c8b2d3bd515fce01e390893bbc4c0eba3693f55a4b2"
"SD0865_T001_1hao","SD0865_T001_1hao.xlsx","hourly-data-06.zip","966090","7f9f2ebbc1d8c1bb66bcd3ec9d4d55608c9217f9dfdbb8b3c8208a57e863a217"
"SD0865_T002_2hao","SD0865_T002_2hao.xlsx","hourly-data-06.zip","969419","0872f74879131cf09e65b008eca4e36163d92f2eea5f97a1091df887c97b9f96"
"SD0865_T003_3hao","SD0865_T003_3hao.xlsx","hourly-data-06.zip","969604","c6da1466de3eb2a6870cd0f0a3b45fa1d322324a34f8d508831b9e9a3352a403"
"SD0865_T004_4hao","SD0865_T004_4hao.xlsx","hourly-data-06.zip","985621","885f5e12147b4850989f46533708ce7f4e4d40e2ce206cfbeac24b61c921a1ad"
"SD0865_T005_5hao","SD0865_T005_5hao.xlsx","hourly-data-06.zip","970643","a86b18b32f33181e0c4977908baa662673f5b9c3ca123da1e797cf4239a3e65c"
"SD0865_T006_6hao","SD0865_T006_6hao.xlsx","hourly-data-06.zip","970647","6f674ce0fea1fef47819238dd2209a784155ce726ac2d63d068d4418e17a3e1c"
"SD0865_T007_7hao","SD0865_T007_7hao.xlsx","hourly-data-06.zip","970734","974c1afa6441ec40e7470ff3f55611629c85faae3dcec67112ac1686dbecdc90"
"SD0866_T001_1hao","SD0866_T001_1hao.xlsx","hourly-data-06.zip","983739","20d599fbf8ab427478cabee0ed370ebd22fa6ee4daec4757ff0ef64c2e07129c"
"SD0866_T002_2hao","SD0866_T002_2hao.xlsx","hourly-data-06.zip","985757","94402f972bd0cff3d84b7de15decc004a56a24bbf9c7c61d0310e978b2db8adc"
"SD0866_T003_3hao","SD0866_T003_3hao.xlsx","hourly-data-06.zip","986497","210ba80656eb4e685ef56bec146fb98cef65c7e936c87b01af7099efb26a637d"
"SD0866_T004_4hao","SD0866_T004_4hao.xlsx","hourly-data-06.zip","977154","02bf5b615a3824d554b2a12a2689b686553f47b6c10c1d878f0a21a6805bc67e"
"SD0866_T005_5hao","SD0866_T005_5hao.xlsx","hourly-data-06.zip","970689","c8526f96e0efae180aaa34109e9d8bb92f6fa32b59dd2ffd0aead5866d2e5deb"
"SD0867_T001_1hao","SD0867_T001_1hao.xlsx","hourly-data-06.zip","978764","c1b09dd95d324b0ef986e7c661c9cf5e7f8c78fa45c38e256c4c5b207e03bbd1"
"SD0867_T002_2hao","SD0867_T002_2hao.xlsx","hourly-data-06.zip","976787","0d2b4877e5b2cd12e25b221d9433adfe292b9b77f15f26eb5e7cd21d0287c033"
"SD0867_T003_3hao","SD0867_T003_3hao.xlsx","hourly-data-06.zip","979774","0d93dd4b846ca5ed11e015c5905e28b4ed9fff4c3451cb4f300ac8b09c5f9662"
"SD0868_T001_1hao","SD0868_T001_1hao.xlsx","hourly-data-06.zip","974571","cf45ce12510994df44bf36104fe08e9d278f45e42948679acef45caa9bec350d"
"SD0869_T001_1hao","SD0869_T001_1hao.xlsx","hourly-data-06.zip","976653","958b954ad3f464ee172c738347faf908f6b65c8c0ec50894f5d7cc5ffc526e26"
"SD0870_T001_1hao","SD0870_T001_1hao.xlsx","hourly-data-06.zip","994864","857a033eba194103400d8ad6b070c0de41663f0631d49a70343f58ad6ac0d67b"
"SD0871_T001_1hao","SD0871_T001_1hao.xlsx","hourly-data-06.zip","984843","dce9166175c134f6d753659533adc1e162f66b21db6865f3e3e09eefe0873a60"
"SD0871_T002_2hao","SD0871_T002_2hao.xlsx","hourly-data-06.zip","984635","7537f61374e7cdbc508511ce1c7f890b55748e56c3f1fcce5242d8751a99634b"
"SD0871_T003_3hao","SD0871_T003_3hao.xlsx","hourly-data-06.zip","984773","4a2a9b2e844078533dd3a0e76442a7379e1b977654a981cd6b3d11f053b48a4b"
"SD0871_T004_4hao","SD0871_T004_4hao.xlsx","hourly-data-06.zip","984661","961e5a6178ab76bcf0a8576666b35ecbe71f2f967115f6c7e49e08d78e826c11"
"SD0871_T005_5hao","SD0871_T005_5hao.xlsx","hourly-data-06.zip","984887","5cc1c4394bd1ee70d3f54354faec9340701d9388602e289c45a0fd488fcc1fde"
"SD0871_T006_6hao","SD0871_T006_6hao.xlsx","hourly-data-06.zip","995503","c7e9f00188c19070a55420901598d377c4865804adec9000fa4685ffd1c8f4a8"
"SD0871_T007_7hao","SD0871_T007_7hao.xlsx","hourly-data-06.zip","978848","9db5e59e554995e430012d8502fbaa82a1d28404079a38f43eb4718b58c05dd5"
"SD0871_T008_8hao","SD0871_T008_8hao.xlsx","hourly-data-06.zip","994106","b4e7c2ae467ad7d37b4500136446370e149283c46cb062467f12ec17e0f3b77f"
"SD0871_T009_9hao","SD0871_T009_9hao.xlsx","hourly-data-06.zip","1001987","c03ed1129640760588a7892e55546cbc16aff575395ce12ef30f0d0bbc267020"
"SD0871_T010_10hao","SD0871_T010_10hao.xlsx","hourly-data-06.zip","992337","abdd3503d0dc77fc50e76a95ca6adebc864145149604a6fc33bdfcc1fbb345f7"
"SD0872_T001_1hao","SD0872_T001_1hao.xlsx","hourly-data-06.zip","977180","c7718cd03b2dffe04150bad9b716b82a817c40bf72bfcbde6b7011d54b752319"
"SD0872_T002_2hao","SD0872_T002_2hao.xlsx","hourly-data-06.zip","974639","a08b5c2d40c5f3bfdc196e0d5373f6ffa1a08a676bb068d4879c8bed8940e8df"
"SD0872_T003_3hao","SD0872_T003_3hao.xlsx","hourly-data-06.zip","974511","b0e6b536cbba97031c8f1f3d260af0a8e9b46c55ef35d4ec1a9820633a4e46ae"
"SD0872_T004_4hao","SD0872_T004_4hao.xlsx","hourly-data-06.zip","975505","7aaadff8b87d71f4bd14c0c94be669512530f167e03ab9613f8021f1c1b6c9c6"
"SD0872_T005_5hao","SD0872_T005_5hao.xlsx","hourly-data-06.zip","973985","0bee9810c9f278bf3a9493e1572ec86935976e01f1f0ebc6a1f1e1bc78ba3999"
"SD0872_T006_6hao","SD0872_T006_6hao.xlsx","hourly-data-06.zip","974768","1943134a09bab596670b019f501284027e5861095c977704f4e313527524cff9"
"SD0872_T007_7hao","SD0872_T007_7hao.xlsx","hourly-data-06.zip","972949","85699f34d0cd31e1b967601f3ec1eb46b60f720881a532d002b2347b67a0cfb3"
"SD0872_T008_8hao","SD0872_T008_8hao.xlsx","hourly-data-06.zip","974900","3eb936ca9e6b3cb881ec6d7ce5f6ddfd3bbab6e79d0ef26d59f817b38afae191"
"SD0872_T009_9hao","SD0872_T009_9hao.xlsx","hourly-data-06.zip","975817","1c11dd6905555a29ed312e6918c1dd0a8e523511a614fb0bb8a324441347f9c9"
"SD0872_T010_10hao","SD0872_T010_10hao.xlsx","hourly-data-06.zip","985361","9bfec0c9a2e85ad2d15446041440492ae15b6a6aa0b6e34a81b87a984d10cd63"
"SD0872_T011_11hao","SD0872_T011_11hao.xlsx","hourly-data-06.zip","974250","9471485eae1608a30391170506620a8dbe8feef2f1605298924ab92f35a99d98"
"SD0872_T012_12hao","SD0872_T012_12hao.xlsx","hourly-data-06.zip","972163","e8a78aa5f37c1c76c0db1c2da5c44beb9bbe10c5858963eac16a9dd6b31580ce"
"SD0872_T013_13hao","SD0872_T013_13hao.xlsx","hourly-data-06.zip","974364","c72edf44706eb1da4152079d2f0dba4346fe417b24be1ccb47314a04e9494e51"
"SD0872_T014_14hao","SD0872_T014_14hao.xlsx","hourly-data-06.zip","973860","c1f893006cfa016fc15f26d8b9cc86a12c12543019e49164f8555c2b800fe95e"
"SD0872_T015_15hao","SD0872_T015_15hao.xlsx","hourly-data-06.zip","972056","df6179c81115f7096f482c499145491bea033b869389db98f3ce70bbd2f1d965"
"SD0872_T016_16hao","SD0872_T016_16hao.xlsx","hourly-data-06.zip","973231","54cf88300223f70390735d8433ca1c21082bd4a1da9ab0a4ac592164ae12c544"
"SD0872_T017_17hao","SD0872_T017_17hao.xlsx","hourly-data-06.zip","983948","a685298a23e209a917192f1e284ca5a1b7ac3e0d096160ff014912e2fa043f73"
"SD0872_T018_18hao","SD0872_T018_18hao.xlsx","hourly-data-06.zip","983242","cb43f4375ee2c02b9f0db77117096d82d813c762701713b432eb1d6b8a6033e2"
"SD0872_T019_19hao","SD0872_T019_19hao.xlsx","hourly-data-06.zip","972377","6d5d173c62496c24398de4a4e15f503cf634953f1c6f7b383f11bc9f19e74eac"
"SD0872_T020_20hao","SD0872_T020_20hao.xlsx","hourly-data-06.zip","972531","e30f218b30d7286303fa53a3b2b82e3c47a680bb89043b91bd25709685eb99ce"
"SD0872_T021_21hao","SD0872_T021_21hao.xlsx","hourly-data-06.zip","973933","0f8c605b50f55210fc77c5e62c1ab9c43276f85207143ff61f83ffc5e5b2faa1"
"SD0872_T022_22hao","SD0872_T022_22hao.xlsx","hourly-data-06.zip","972711","6e1b566382360821030046bf6eae01994a03e115b2bcc563c23586882659326c"
"SD0872_T023_23hao","SD0872_T023_23hao.xlsx","hourly-data-06.zip","979377","e0f75b8631f054851eeff9fe6d3092061c08cfe3c9ffcae918dc19d63241f3c8"
"SD0872_T024_24hao","SD0872_T024_24hao.xlsx","hourly-data-06.zip","975196","42acd3eb556693bf29cf910a505f281bbb6ae4289b195c3833c319b430746acc"
"SD0872_T025_25hao","SD0872_T025_25hao.xlsx","hourly-data-06.zip","984661","258ab5173ff401acb1a4c3bb61a1587493a4a149c6cb878847ab1b6a276e35eb"
"SD0872_T026_26hao","SD0872_T026_26hao.xlsx","hourly-data-06.zip","987711","801c6fb87eaf89a9ccce491938b2e5e84145f1df87361e16f7d7747a847683dc"
"SD0872_T027_27hao","SD0872_T027_27hao.xlsx","hourly-data-06.zip","972267","06e98f7c0d872b03ec4dfd4e0cda0e206149b0a37ea17ff8aca5dc8927dc58f7"
"SD0872_T028_28hao","SD0872_T028_28hao.xlsx","hourly-data-06.zip","972744","a761a3b5033b061476e471a0aa4427aa744f383fa584f9d380a129acd9c302ff"
"SD0872_T029_29hao","SD0872_T029_29hao.xlsx","hourly-data-06.zip","972019","951f9725aae98017e2d94e0cd5cf8e7d860cad32c515cddc0e9f3dcc9578a2b4"
"SD0872_T030_30hao","SD0872_T030_30hao.xlsx","hourly-data-06.zip","988546","ab6a093665de2142b951788a251ae8c480a7f32b9d72f00186ba260e6fe75130"
"SD0872_T031_31hao","SD0872_T031_31hao.xlsx","hourly-data-06.zip","972170","4bfe22698b93ffc3006fb6ad97831c46e1f73eccbd16daa4f245872285283d21"
"SD0872_T032_32hao","SD0872_T032_32hao.xlsx","hourly-data-06.zip","971177","590f5b6f585937f4fc527de22453a5d623cddce389d0a979f2af76099dd20076"
"SD0872_T033_33hao","SD0872_T033_33hao.xlsx","hourly-data-06.zip","982250","2a75e18c87daeb9bd373c1e365e652b4d3a0769bb81991af5b747d440e11ace5"
"SD0872_T034_34hao","SD0872_T034_34hao.xlsx","hourly-data-06.zip","972367","1d793ae8390d25d3a7164f5e155617431a4d90ce056ca26bb44e3f8eb65310e3"
"SD0872_T035_35hao","SD0872_T035_35hao.xlsx","hourly-data-06.zip","970901","7d3693611076108191da7f8065536d4266f03c8bf80f75c6a517ecd299801aea"
"SD0872_T036_36hao","SD0872_T036_36hao.xlsx","hourly-data-06.zip","986050","aaa8be33a6854eb7406e005f8fa6ab1ec5e300c015896b8dd914f33da79fc60f"
"SD0872_T037_37hao","SD0872_T037_37hao.xlsx","hourly-data-06.zip","974586","163d228e74577a27816eb76a22eda450044cd0430ff5fbd95537657104fcba10"
"SD0872_T038_38hao","SD0872_T038_38hao.xlsx","hourly-data-06.zip","977896","3adc74be6232b1496ed6f7f0c0f745f941a0429541d9aa086338ef1f6ceb302c"
"SD0872_T039_39hao","SD0872_T039_39hao.xlsx","hourly-data-06.zip","986490","366d3eedcba593035837154f42022fdb2bf9d8f38f4b483ff2f8cbcae088b545"
"SD0872_T040_40hao","SD0872_T040_40hao.xlsx","hourly-data-06.zip","989706","cbfa4205121e62903de568dd7f9f4383b7be5ee5f37ff90385343de7e68eee29"
"SD0872_T041_41hao","SD0872_T041_41hao.xlsx","hourly-data-06.zip","973432","20cd890007e6c7d996fd280352bf5a06b5a803bbd03746fbe699b30f046dcf9b"
"SD0873_T001_1hao","SD0873_T001_1hao.xlsx","hourly-data-06.zip","996978","500c2923c991e7be722f3bc2037b197b67d3843f3cf7341b434873ef8e0e860e"
"SD0873_T002_2hao","SD0873_T002_2hao.xlsx","hourly-data-06.zip","983245","a73a8c10c40d03d3a0615effc7a0d9935d2a7deed615cec745d38c0f601449f8"
"SD0873_T003_3hao","SD0873_T003_3hao.xlsx","hourly-data-06.zip","1003954","0e3c2e8f7773c4d06d0dc81dbfa1abe599ba9ade27953d3d2bd7a364f3bd5500"
"SD0873_T004_4hao","SD0873_T004_4hao.xlsx","hourly-data-06.zip","995885","9737007b44c33850c6e63138138961dd403f0d2ab194822401b21244aee2b198"
"SD0874_T001_1hao","SD0874_T001_1hao.xlsx","hourly-data-06.zip","967928","4c60325c2ffd878fe869d855f047a031f879ec2234698d09b845826d409901e2"
"SD0874_T002_2hao","SD0874_T002_2hao.xlsx","hourly-data-06.zip","972222","2824e620c1715080af811651f9a5bbe66c957b611ee4c7db411dab36a56c2395"
"SD0874_T003_3hao","SD0874_T003_3hao.xlsx","hourly-data-06.zip","1008862","990807ceadf92ad1f5ee19aa84901a9c3ad351cdab1da169f3abe7b445247c83"
"SD0874_T004_4hao","SD0874_T004_4hao.xlsx","hourly-data-06.zip","973205","03815b4e8bda7751356d1a8b404698e27ec2c6271fbf42c62bc96a156aecc433"
"SD0874_T005_5hao","SD0874_T005_5hao.xlsx","hourly-data-06.zip","977365","9eba48bee863c3a71ac81b1b851c04f6f673757b7d04e670189319fcd40b6c1c"
"SD0874_T006_6hao","SD0874_T006_6hao.xlsx","hourly-data-06.zip","977639","d4ee59002c6e367712fedeb17036220ac796465e7fe7ebd5ae83331c18f0f242"
"SD0874_T007_7hao","SD0874_T007_7hao.xlsx","hourly-data-06.zip","979942","8ea14adcc22806cd896af2cfcfd6f7d264849e8a76f52b06919b256f1e7f2373"
"SD0874_T008_8hao","SD0874_T008_8hao.xlsx","hourly-data-06.zip","986788","22e25e78a6f38c1dfa138d9f9e65a2b37ef02aeac93e8c7bf995fef0683083a7"
"SD0874_T009_9hao","SD0874_T009_9hao.xlsx","hourly-data-06.zip","978781","ac736c121275adf8492a087f2a584fb10d1a1c392dbb91f11bade7167d015a07"
"SD0874_T010_10hao","SD0874_T010_10hao.xlsx","hourly-data-06.zip","965454","bdf4fe82e689cc592e66a13b329080c93ac79784b4811fc3670cc06189acb47d"
"SD0874_T011_11hao","SD0874_T011_11hao.xlsx","hourly-data-06.zip","985048","91cfd343ade17cecd01a9efa32d202701fdf104d8fde1e85b8079d55b845c186"
"SD0875_T001_1hao","SD0875_T001_1hao.xlsx","hourly-data-06.zip","968184","dcb290e9fbeaf81c0e4610dd6688970f55ef8cf79827b5a0cea42765d6b8e526"
"SD0875_T002_2hao","SD0875_T002_2hao.xlsx","hourly-data-06.zip","979009","602b153ac40fbef9da82715737c758517ea26cca17167e9be363f00b9321ccab"
"SD0875_T003_3hao","SD0875_T003_3hao.xlsx","hourly-data-06.zip","973450","5348fb0e1a55d9323ee920e4e84cf3e42664b99e07675ee2c3a29cfe3d5c2008"
"SD0875_T004_4hao","SD0875_T004_4hao.xlsx","hourly-data-06.zip","970984","97e9dc53b1a99e8de4104c309acfd4cfe2d6f2f110dcbbf4d335bfe65de4e6c2"
"SD0876_T001_1hao","SD0876_T001_1hao.xlsx","hourly-data-06.zip","1005082","20c14b0a004445b4adc7cdc44480447d0179fbf1e37c189de9c9425727f86faa"
"SD0876_T002_2hao","SD0876_T002_2hao.xlsx","hourly-data-06.zip","992786","355af764f88a6891db6fd50134a88331d81525852d8c912a1974afcfb27a64de"
"SD0876_T003_3hao","SD0876_T003_3hao.xlsx","hourly-data-06.zip","985781","718d90b3d37e2b54b0df57abb6a8c5c48f8d21057151d00c66172f52bf94bce2"
"SD0877_T001_1hao","SD0877_T001_1hao.xlsx","hourly-data-06.zip","970744","ee170692d12daa5aef1868e1425a2c5c0247dc75cb4f58449b49ac0577290097"
"SD0878_T001_1hao","SD0878_T001_1hao.xlsx","hourly-data-06.zip","986461","fa88e43d7e10c2531a9a6932856ffc9e2e4ab2ad46c3a1f80c8489bd3de82dc4"
"SD0879_T001_1hao","SD0879_T001_1hao.xlsx","hourly-data-06.zip","982033","63378c690a414121519b5411702ed2df6725272a8aee90324edc0abd228bcfdf"
"SD0880_T001_1hao","SD0880_T001_1hao.xlsx","hourly-data-06.zip","984259","3a62bcca1f483e3f91f354a189826ee19b4a395b3ea709473ca623ae69514a5f"
"SD0881_T001_1hao","SD0881_T001_1hao.xlsx","hourly-data-06.zip","977923","75e1bf3ecd68661c659d9c7180f4e8129564d1332170b87cecec8fb0995fe0eb"
"SD0882_T001_1hao","SD0882_T001_1hao.xlsx","hourly-data-06.zip","976126","34a373070b3d7cd7f09b077432cb266d9ee64d0ae353032d8f55e2559351d572"
"SD0883_T001_1hao","SD0883_T001_1hao.xlsx","hourly-data-06.zip","983458","95b3b754ce32e9e217332a3b9661bcb12b58a26c9a6f093147e8ea1d588fcb58"
"SD0883_T002_2hao","SD0883_T002_2hao.xlsx","hourly-data-06.zip","975650","2eff4fe2cbb00b7c3af12f2ee4dd20f9c9ee8b5d2ec3da8531cddc9a391dcd31"
"SD0883_T003_3hao","SD0883_T003_3hao.xlsx","hourly-data-06.zip","985468","5be3dc2dec53a2c846cf871baf50cee7ed78f0d5dafdd85246859b900f8b112d"
"SD0883_T004_4hao","SD0883_T004_4hao.xlsx","hourly-data-06.zip","970147","2b18378c3d279aa254dd6dd64d3f6906ed9f91134ae9741c0f830f49b01e6e01"
"SD0884_T001_1hao","SD0884_T001_1hao.xlsx","hourly-data-06.zip","975578","536d737682e9c7c96616a7fdba1fc7e8fe95a53bf40a00818b7ff46ab6b23884"
"SD0884_T002_2hao","SD0884_T002_2hao.xlsx","hourly-data-06.zip","983666","54e1d207338f7f5da7c098c0997f251d448fd35b436098e1f1e8d52412d7d40a"
"SD0884_T003_3hao","SD0884_T003_3hao.xlsx","hourly-data-06.zip","969085","3485389c3f7bde4e228c448e5214bfb851f6b707adb12410c4fd3e8521efb874"
"SD0884_T004_4hao","SD0884_T004_4hao.xlsx","hourly-data-06.zip","969413","311b003d55207b3245d14f941ffab5a370808d4d6d6c2eb4d9e6235f3ee405df"
"SD0884_T005_5hao","SD0884_T005_5hao.xlsx","hourly-data-06.zip","977822","f0ffbfae7080537c2b54c8d7e12496772d4e933acfc49b7612ed5b4808b1a5dc"
"SD0884_T006_6hao","SD0884_T006_6hao.xlsx","hourly-data-06.zip","979182","60041b74e4c67ab2c31910fb52330cfad806f52b67efbefa7752df9587727bfd"
"SD0884_T007_7hao","SD0884_T007_7hao.xlsx","hourly-data-06.zip","979492","026d47eec754aef43585b7f1d0e0ce0d60c8644740767affd710d5bc4094c8f3"
"SD0884_T008_8hao","SD0884_T008_8hao.xlsx","hourly-data-06.zip","977862","c60e702819964d6f82b5a9da7767f76e3fb70f47d733d397d3bb78d3c00bd694"
"SD0885_T001_1hao","SD0885_T001_1hao.xlsx","hourly-data-06.zip","992733","c59b989392a331484fb8af7bc5c6bec1267ab70f236a2e234c480074c0bc2c39"
"SD0885_T002_2hao","SD0885_T002_2hao.xlsx","hourly-data-06.zip","982147","0e31e02217a5483bdf04362503d308dc79f5ed6f98a956a5f83d19483c7d9960"
"SD0885_T003_3hao","SD0885_T003_3hao.xlsx","hourly-data-06.zip","984197","e6ba0a9d7cf59b2884af85fd72df253bd60a1967a3c8d1fe53bd939cc9c0c517"
"SD0885_T004_4hao","SD0885_T004_4hao.xlsx","hourly-data-06.zip","992141","527cc3f1b4d615efeba7a41ed848b99b042fe7a295438fe003069020578fcaa4"
"SD0886_T001_1hao","SD0886_T001_1hao.xlsx","hourly-data-06.zip","969695","456267a0c91eae6f31d9177f9a4adcf1c1a2c2bd9da6599db5625bcfaf28c472"
"SD0886_T002_2hao","SD0886_T002_2hao.xlsx","hourly-data-06.zip","979354","430fec00c9c65241b8572311aa1cdec89cf9a0870503520746551db9d0595af6"
"SD0886_T003_3hao","SD0886_T003_3hao.xlsx","hourly-data-06.zip","998484","79002b779e363fd3f2dbde4e0dae07c0b3540d272a42900fdfc43f9036715910"
"SD0886_T004_4hao","SD0886_T004_4hao.xlsx","hourly-data-06.zip","968260","3c08ebc1205c4ec218eec92db0ed9a3be95b41f12528ce2c70cfcb7ea89fca83"
"SD0887_T001_1hao","SD0887_T001_1hao.xlsx","hourly-data-06.zip","966976","8692840a5ccbe4ecd5e8a542bcbeceb8f27eba2bcebf7835749ffa3289a65854"
"SD0887_T002_2hao","SD0887_T002_2hao.xlsx","hourly-data-06.zip","970114","9228ae4ba4f9b3137c2538800182d0bf1076cba12ccff92e61f03ed82de5f07d"
"SD0888_T001_1hao","SD0888_T001_1hao.xlsx","hourly-data-06.zip","975108","0c6fc640a02e9c31ba4b419e4cf869f89365ae7510e5e53a029e9c7e4ee2fbdf"
"SD0888_T002_2hao","SD0888_T002_2hao.xlsx","hourly-data-06.zip","965521","26eefdd061ed644a34e3ce2c1d7bd6c679aa6446551d03d9e436a6a81a89c541"
"SD0888_T003_3hao","SD0888_T003_3hao.xlsx","hourly-data-06.zip","983424","039f4e04d4a51223145572178367eac3d4fcdcf002630c8aa71e09f4d33b7b57"
"SD0889_T001_1hao","SD0889_T001_1hao.xlsx","hourly-data-06.zip","989483","9358947fd05417277d89b349a4760694f42a7c81d02219ed8f88439406422b8e"
"SD0889_T002_2hao","SD0889_T002_2hao.xlsx","hourly-data-06.zip","973735","09367f48ef89daa26734842638207ddd99b8fc883fa8ef39d8ffc42582d7d5f3"
"SD0889_T003_3hao","SD0889_T003_3hao.xlsx","hourly-data-06.zip","985752","a2600aa74d2c9c91097639e5138a99a10ff52a8b22e1004d97bee2e40f840c3d"
"SD0889_T004_4hao","SD0889_T004_4hao.xlsx","hourly-data-06.zip","969625","386bb0e42686312c634d9b9749750aea3c327a057a24794dfc32a68852db58fc"
"SD0889_T005_5hao","SD0889_T005_5hao.xlsx","hourly-data-06.zip","977670","855d243a523a4d6e33432c6a481d6eb315be8242b5807216f18b25fb0845888f"
"SD0889_T006_6hao","SD0889_T006_6hao.xlsx","hourly-data-06.zip","971601","6155fb38f80e19777254a71eee9db58895487bbbef188121d455cd5d55de3dc9"
"SD0889_T007_7hao","SD0889_T007_7hao.xlsx","hourly-data-06.zip","970772","4c65b9a752bac40702b0b53e5d3b270c41c0d527ec15202d4b07c637869326a7"
"SD0889_T008_8hao","SD0889_T008_8hao.xlsx","hourly-data-06.zip","973310","a5b2c5a7925e762690334bd731755fedf380e3aa11941fa06b1d778a7f80e206"
"SD0889_T009_9hao","SD0889_T009_9hao.xlsx","hourly-data-06.zip","970321","865097884837f7357f157bc93b1be9e775d841420072b8b45fc2d2b2166e4e42"
"SD0889_T010_10hao","SD0889_T010_10hao.xlsx","hourly-data-06.zip","969362","94b0273ad2b9c04de28fe50ae80e4ec205bfb81c965da75dfce5f9a5c28417e4"
"SD0889_T011_11hao","SD0889_T011_11hao.xlsx","hourly-data-06.zip","975270","13529b68c0c9a8e7eb4dfa2da8ed1505efe113dc0e5af72316ca062c71266f5a"
"SD0889_T012_12hao","SD0889_T012_12hao.xlsx","hourly-data-06.zip","972338","2f2a1b8b35078b427d8dc4523162a0f3af5fc4d3f58cd1ae7a702bc7d1df8a52"
"SD0889_T013_13hao","SD0889_T013_13hao.xlsx","hourly-data-06.zip","977775","217ab030a3dd0694e19b3e1a841660cf62e2c277a9f93dd20f8abacd5b64781d"
"SD0889_T014_14hao","SD0889_T014_14hao.xlsx","hourly-data-06.zip","969899","fcd9855863e1b9b44d3e686baf206e3a0e8e28f1f23434f03033f129198cf0ff"
"SD0889_T015_15hao","SD0889_T015_15hao.xlsx","hourly-data-06.zip","971674","7524b607f9d63b22b7b9877e85bc0e7553eeeab95aefc38368adda0c95668a2b"
"SD0889_T016_16hao","SD0889_T016_16hao.xlsx","hourly-data-06.zip","970981","ecdbd3fa90c8051417f385250e751beba3a751a256cf239fefcc60ef1a12902d"
"SD0890_T001_1hao","SD0890_T001_1hao.xlsx","hourly-data-06.zip","972006","ad681bcfcca3854f38ba04f009ee60bb7632a63d55cb8140b4871fd3b93df15e"
"SD0890_T002_2hao","SD0890_T002_2hao.xlsx","hourly-data-06.zip","974444","030dd99571494c696cc110e8db3614b846f55efaf0368f4297b579e49e95d622"
"SD0890_T003_3hao","SD0890_T003_3hao.xlsx","hourly-data-06.zip","974567","22d59762722a3ccd6da812eee614504ef6e5f5a1ac334d472c879e75612bb2d4"
"SD0890_T004_4hao","SD0890_T004_4hao.xlsx","hourly-data-06.zip","987363","82dde95cd949937ed362b02455cd3eedd2bfd90d6a432984011df01e6b5cd217"
"SD0890_T005_5hao","SD0890_T005_5hao.xlsx","hourly-data-06.zip","974037","3f59906ecafc7a0820d8f36f26edabc12180bc3859021c6ca5f70aea5845f16a"
"SD0890_T006_6hao","SD0890_T006_6hao.xlsx","hourly-data-06.zip","975668","903f8bfea3bc4fd5461c0a828e82bbce3cc2960c7efddac98beb2f5f86f8c0dc"
"SD0890_T007_7hao","SD0890_T007_7hao.xlsx","hourly-data-06.zip","975513","0fffc65cfc59299a5ef294cb7251796268b459901f5fe45f57033b2d9f876d1c"
"SD0891_T001_1hao","SD0891_T001_1hao.xlsx","hourly-data-06.zip","975495","28e80f1923da8a37a9c0ea009cb121374af496f58ef2858cbfddd2afa61e582d"
"SD0891_T002_2hao","SD0891_T002_2hao.xlsx","hourly-data-06.zip","978021","196b9413fd15119917aedaa5756fdaeef56a6412e68bff17db15839e0ae95702"
"SD0892_T001_1hao","SD0892_T001_1hao.xlsx","hourly-data-06.zip","983759","94840f7ce9bb7795cc40fe9aba1f1f789c6a4345c0f7e636cc71b4eab830d21a"
"SD0892_T002_2hao","SD0892_T002_2hao.xlsx","hourly-data-06.zip","988762","71699af21af8b6ea6e76fd4b9bce3bfa56ebe89f9b2ea5f28b11b09d7c16160c"
"SD0892_T003_3hao","SD0892_T003_3hao.xlsx","hourly-data-06.zip","981993","a9a0d8258d2c0b1937dada71f235946add32e4808f5607e31cd4bb1e6edc1539"
"SD0892_T004_4hao","SD0892_T004_4hao.xlsx","hourly-data-06.zip","982815","764218d783e0d9bb9a288b6b9a060e328cedeae054260e5d5b5440e6ad6aa4fc"
"SD0892_T005_5hao","SD0892_T005_5hao.xlsx","hourly-data-06.zip","997380","449b9c6ef13d5ea06199d4e70097f99c89c52038abbebb51ab6ba5c44f233969"
"SD0892_T006_6hao","SD0892_T006_6hao.xlsx","hourly-data-06.zip","991119","1a646e1ffed9e820bfba705d00d91bbf2213639e60a46bc0b2c6b96cb67f27b7"
"SD0892_T007_7hao","SD0892_T007_7hao.xlsx","hourly-data-06.zip","981088","abb40b0df9ff21fb83f43052d8f20c6e3b1b88c02f24af69cdaa96ace00dde40"
"SD0892_T008_8hao","SD0892_T008_8hao.xlsx","hourly-data-06.zip","988423","9cb4dffde6a4aa961578e030b4c79097544d9f9ab00ffc87da11f9a4943e33c1"
"SD0892_T009_9hao","SD0892_T009_9hao.xlsx","hourly-data-06.zip","988054","5a12ace65b99f4d347b8790786a7e5805835a72ed533f964a4e01290171afda1"
"SD0893_T001_1hao","SD0893_T001_1hao.xlsx","hourly-data-06.zip","984644","a9d3865a20941826284a17f1bc6f8a6807c37694f7d2695109d10cd6fca34e41"
"SD0894_T001_1hao","SD0894_T001_1hao.xlsx","hourly-data-06.zip","989594","b6cfaeda8de332486ebb6b57ba03ede93db6e9e006e1d65f92c5d6dcac911f37"
"SD0894_T002_2hao","SD0894_T002_2hao.xlsx","hourly-data-06.zip","980096","20ff8ea502884d62d291411f0c3c71738712ba186b198d8f6e1e8b4346384e86"
"SD0894_T003_3hao","SD0894_T003_3hao.xlsx","hourly-data-06.zip","979246","98ab10463d93430ea216c7eb94720293403d27a33965b2706710f7a07f7344ff"
"SD0895_T001_1hao","SD0895_T001_1hao.xlsx","hourly-data-06.zip","965435","396302b1ce343c73bff3888fdbe24a3c80a600b0a17a8d6fcc50edd3994c6eeb"
"SD0895_T002_2hao","SD0895_T002_2hao.xlsx","hourly-data-06.zip","993005","2ad416a48e97d10ac4ec6bc0b7ec2e588795c833dd941ad1b49ae41535572fc7"
"SD0895_T003_3hao","SD0895_T003_3hao.xlsx","hourly-data-06.zip","987920","447a653ccf7d7b9e35da8c5a6bbd21621d64bb082740e37ba4168d56be64f07e"
"SD0895_T004_4hao","SD0895_T004_4hao.xlsx","hourly-data-06.zip","987941","b5730fe6361a0e8fd3e5004e8ee86ef52810fec0959f167ccb49f1c837f999a9"
"SD0895_T005_5hao","SD0895_T005_5hao.xlsx","hourly-data-06.zip","983465","c3ab37d157517b29f00e68eb23084f77eb8dbcd6b25f331e0bfeef5eb477f7ba"
"SD0896_T001_1hao","SD0896_T001_1hao.xlsx","hourly-data-06.zip","971200","13249d6d830d86b715c70cc893bebf56aea7346ab6771c328a9bf126fe56a826"
"SD0896_T002_2hao","SD0896_T002_2hao.xlsx","hourly-data-06.zip","972911","c59b53770c14db448c21fe0f5718aa968b25bf0caa1a1ce9ff6748c52918864f"
"SD0896_T003_3hao","SD0896_T003_3hao.xlsx","hourly-data-06.zip","976869","f843dea660bbbbf1826bc64a93e3be2078fb4f321292d678000ef259b866a525"
"SD0897_T001_1hao","SD0897_T001_1hao.xlsx","hourly-data-06.zip","995647","4cabbe376515da751696fed8d662438f7b1cbef624963ceab7ffd15a84c95bfd"
"SD0897_T002_2hao","SD0897_T002_2hao.xlsx","hourly-data-06.zip","989009","01c4691e915f6627217015b2370f765af5c521c576620e07fd2d06804a287b81"
"SD0897_T003_3hao","SD0897_T003_3hao.xlsx","hourly-data-06.zip","979926","fdf918462ad28e2af31e5c1556d0cc587ba6a1ea522eaea560bd4ec1d2670d1f"
"SD0897_T004_4hao","SD0897_T004_4hao.xlsx","hourly-data-06.zip","980164","ddab4d1af155090b2613fbd9bb526e2a808117e2dc515cd810b1b656e1b7c394"
"SD0897_T005_5hao","SD0897_T005_5hao.xlsx","hourly-data-06.zip","981849","df389e4e76919b48afa7f533d7cacd9bd362a1c334b3db3c87b9622275abd329"
"SD0897_T006_6hao","SD0897_T006_6hao.xlsx","hourly-data-06.zip","993329","f65510204c08ebe25b6af532036c92c40d285c9d621a9144e23ab7ab7c7b21ac"
"SD0897_T007_7hao","SD0897_T007_7hao.xlsx","hourly-data-06.zip","978545","35c4ac6fb7ec57b473b19cff2aee5b83526ca866eeec468d7d10d7a619e32da0"
"SD0897_T008_8hao","SD0897_T008_8hao.xlsx","hourly-data-06.zip","984843","4f5f8569cb649c46cc5fd1f85ac2a216d1abcbd2121f6b055f65119a8645a6d7"
"SD0898_T001_1hao","SD0898_T001_1hao.xlsx","hourly-data-06.zip","989114","1c097e6401fa37d6291c43ae86581dc0cafb1ed1f9ef264c4ce86e385ee43dcd"
"SD0898_T002_2hao","SD0898_T002_2hao.xlsx","hourly-data-06.zip","993049","0368c5a09de5c632aacba4492d7d9ba44899edce9cbe47e2c88b5de66b9a4e5a"
"SD0898_T003_3hao","SD0898_T003_3hao.xlsx","hourly-data-06.zip","812159","4aac7c33a5f9fa463c27ae55bea84c0c8a3dea91d628cb83406f9abae18de1c1"
"SD0898_T004_4hao","SD0898_T004_4hao.xlsx","hourly-data-06.zip","992632","aff242cc80e06b6c900778fbc3286661c77c147a8866a82cb5b2b77d847d38ee"
"SD0898_T005_5hao","SD0898_T005_5hao.xlsx","hourly-data-06.zip","1004870","b03f1b8c4b9d6b0cdf1b7f383075d1c848d4e777b86a34db6f0b6c1d69eb7691"
"SD0898_T006_6hao","SD0898_T006_6hao.xlsx","hourly-data-06.zip","990877","3d02dbdb7a9dc6f7d6cbdc7152a748122fb49f2d44c093066cfc737ce2b1ff09"
"SD0898_T007_7hao","SD0898_T007_7hao.xlsx","hourly-data-06.zip","986331","21a067dc0908e0efc90d760855c29db87e566d9c1bcd1d600a00306c0a1c60aa"
"SD0899_T001_1hao","SD0899_T001_1hao.xlsx","hourly-data-06.zip","1002496","e7a423aadf5eb8b99662f973a754efda990950e91c152d12d786eefee76f4b37"
"SD0899_T002_2hao","SD0899_T002_2hao.xlsx","hourly-data-06.zip","829509","42a68545c242e06d362e6d536f7ee3032ace34b4904f88228605f07a9ba64449"
"SD0899_T003_3hao","SD0899_T003_3hao.xlsx","hourly-data-06.zip","987160","a705e0c7cf3c52572f47209a29aa6616f900ede763ac760b26c25301abec43e0"
"SD0899_T004_4hao","SD0899_T004_4hao.xlsx","hourly-data-06.zip","993113","5c18d0e19fdc50c6348250e52a1be3dfa23cdc0ead7b943448810e4d84267d77"
"SD0900_T001_1hao","SD0900_T001_1hao.xlsx","hourly-data-06.zip","974873","b8f8508dbb29320075ceb5e0e9d7cec330e3fa60966b11b564e7133efa446696"
"SD0900_T002_2hao","SD0900_T002_2hao.xlsx","hourly-data-06.zip","972486","e5a0eb9341aa78c874f7959b5f8c01e848a3163cc5f24414a7a0a86bb6b0300a"
"SD0900_T003_3hao","SD0900_T003_3hao.xlsx","hourly-data-06.zip","971308","8efc9bae2dffdc98a6781c904d65faa17cd573f9b9acff8685838c17a9a0a0fa"
"SD0900_T004_4hao","SD0900_T004_4hao.xlsx","hourly-data-06.zip","986948","06faf4c2b76efd17085c038299685b3dd530dc763f16a74bbb62463878501e09"
"SD0900_T005_5hao","SD0900_T005_5hao.xlsx","hourly-data-06.zip","975709","daddb66c23ec5c25c02cedd5f581435426d0ebb922729e0cfe81edf3c221e71e"
"SD0901_T001_1hao","SD0901_T001_1hao.xlsx","hourly-data-06.zip","974036","dec47114e079cdf63a6c783e8c65e0250d9b6f9c4f0d1d61c4cdf50aecaaa60a"
"SD0901_T002_2hao","SD0901_T002_2hao.xlsx","hourly-data-06.zip","994214","ff8ff0a3c4dd21009f9c13b9134d3498fcd912df8017e1ab2555688c44ea5763"
"SD0902_T001_1hao","SD0902_T001_1hao.xlsx","hourly-data-06.zip","976317","72dbebe1b3cb57ca84a6a55c066ee2fa2ba3f3dac7038813b99188239258eab9"
"SD0903_T001_1hao","SD0903_T001_1hao.xlsx","hourly-data-06.zip","978468","3c291c621202c28d2c679872e356c77086e684a1da42ab98cba3d1f0a4918e19"
"SD0903_T002_2hao","SD0903_T002_2hao.xlsx","hourly-data-06.zip","975941","369d315c87e5d0e6038d9ce7c5a3a3bc794981c90a5ed24d3f9a2211b028bbe3"
"SD0904_T001_1hao","SD0904_T001_1hao.xlsx","hourly-data-06.zip","1001439","d4d760fc02159c9edfb6e2b2a9107508ffc7e6aa7bb1c79f5e5221a8b8630695"
"SD0905_T001_1hao","SD0905_T001_1hao.xlsx","hourly-data-06.zip","973424","5e611c61ac9d9fdf0e10782c6abb0a78cf1f5f6491b6ceaec29e2cde029c3b4e"
"SD0905_T002_2hao","SD0905_T002_2hao.xlsx","hourly-data-06.zip","988777","abef705fb23fb92a0455ac38359e504b87c99482df551d8af008d4d8ae9bdc60"
"SD0906_T001_1hao","SD0906_T001_1hao.xlsx","hourly-data-06.zip","986870","7cb6d76bb9f1f49acde1119b366e1862115e3b20416228c43102788edf4d37f8"
"SD0907_T001_1hao","SD0907_T001_1hao.xlsx","hourly-data-06.zip","993470","3148d21eadcf1ac6d028a104bfba4e028db01390775107c984a5c200d63734fe"
"SD0908_T001_1hao","SD0908_T001_1hao.xlsx","hourly-data-06.zip","1022148","5f98c92af3e3aa77d5b158a0a59c8fe89272affa3a5ba50916df6a8bc72d7103"
"SD0909_T001_1hao","SD0909_T001_1hao.xlsx","hourly-data-06.zip","996636","eb797b2328b5d0038f4933a915d521e07c4e011058c99e30719ca52c6924f308"
"SD0910_T001_1hao","SD0910_T001_1hao.xlsx","hourly-data-06.zip","1011739","bbe3b7e4316cb7014118bf554e817f22fe2e5d8ab13e4d17eeb1964a92798092"
"SD0911_T001_1hao","SD0911_T001_1hao.xlsx","hourly-data-06.zip","982253","798e0c6e68901e194da2e9b8014f94199c47fa6f38ebbeb531394212c65dd858"
"SD0912_T001_1hao","SD0912_T001_1hao.xlsx","hourly-data-06.zip","985853","d022abb030cc02dc330c4f1c7d208e9fe338d19498aa4b02ac23844ba0ca6179"
"SD0912_T002_2hao","SD0912_T002_2hao.xlsx","hourly-data-06.zip","822294","d99d0112922199400123f77a291dd4a6e5289a75c5807e1d7d433089b4f4f9c1"
"SD0912_T003_3hao","SD0912_T003_3hao.xlsx","hourly-data-06.zip","977223","b0f4055a8baffdf0147bfccfb523ccd21c2be530f23bfe780e6dde5b120ea27f"
"SD0913_T001_1hao","SD0913_T001_1hao.xlsx","hourly-data-06.zip","1005741","3aae245d95f03ac11976ff3596373f8c273142744ffb0bc66626a7e84c4a7b33"
"SD0914_T001_1hao","SD0914_T001_1hao.xlsx","hourly-data-06.zip","1007157","b57e119febdc0873864d839e61daf117a6a1ebb186231a4ba5dbaa8d2d589d83"
"SD0915_T001_1hao","SD0915_T001_1hao.xlsx","hourly-data-06.zip","994479","b0c5104a039b1d8ed700fd0a82b5147036729161247051d500c42df8813ea70d"
"SD0915_T002_2hao","SD0915_T002_2hao.xlsx","hourly-data-06.zip","818064","e8cce61a242e621f8bb5bb0756b6696c5a149984d503f5d4b2ee5dd596fe579c"
"SD0915_T003_3hao","SD0915_T003_3hao.xlsx","hourly-data-06.zip","992410","ccb62de2d07eda0ccf0688c504bb22d8e16bc6bc778539ee46e4156d5b6f828a"
"SD0915_T004_4hao","SD0915_T004_4hao.xlsx","hourly-data-06.zip","1008369","a1c272b0ba193a8d27ebb5c98e1867472d828c72743f63850fe421c9f05f9e0f"
"SD0915_T005_5hao","SD0915_T005_5hao.xlsx","hourly-data-06.zip","999908","10cb5360e8f3a97e9baf15adef64fd9b178fdaa6f2ae2f7605e9146452962419"
"SD0916_T001_1hao","SD0916_T001_1hao.xlsx","hourly-data-06.zip","1009826","df3b7fe1ea79c46c2ec7d760866a8f207697bc7b80ab2ba7b74ae27f9a6e9037"
"SD0917_T001_1hao","SD0917_T001_1hao.xlsx","hourly-data-06.zip","991830","715bb63fc9a43ab07e99f25e878156fb4fd009c86285b72848e43c4d657566ed"
"SD0917_T002_2hao","SD0917_T002_2hao.xlsx","hourly-data-06.zip","1002690","f4ea8ea2d63bbe4ef77bf21cacfa8251dfb0c1e8dd6f9c505e43f6b6bb1deec4"
"SD0917_T003_3hao","SD0917_T003_3hao.xlsx","hourly-data-06.zip","983156","875afa6d9e8ddc37581f2e41bc7df2109ca9845a21cfcc78d772d43a8035a900"
"SD0918_T001_1hao","SD0918_T001_1hao.xlsx","hourly-data-06.zip","999088","3f80225962ead427c847225824c2fadfbc50a2e73e7112bf25c9a01a18c279b9"
"SD0918_T002_2hao","SD0918_T002_2hao.xlsx","hourly-data-06.zip","991235","da7421594793f14606f93b52c38c0d79569ab75ac973ba68d3d17650b427058b"
"SD0918_T003_3hao","SD0918_T003_3hao.xlsx","hourly-data-06.zip","991178","4f6f92d20cfc5e591e22e6c33e3a333b029d2f36aa169f63bfa57e6d59a5c60b"
"SD0918_T004_4hao","SD0918_T004_4hao.xlsx","hourly-data-06.zip","977166","f696ce98a3855c81283bb894ad936690675b21d8f9fff618a28d34983513b889"
"SD0918_T005_5hao","SD0918_T005_5hao.xlsx","hourly-data-06.zip","986048","283d8513dd8800e38953a8fd00c1614277019bfce2d9c1f2ec5132a5151d5fe7"
"SD0918_T006_6hao","SD0918_T006_6hao.xlsx","hourly-data-06.zip","815588","de9bff20a0657b875d0d209258171a54bf55924a7e002f4c436ef4c4943c7d01"
"SD0918_T007_7hao","SD0918_T007_7hao.xlsx","hourly-data-06.zip","989824","8ab3ed6f9a2116f6eef0ec50be8eeca3b87b1f6cbe5f0726244b298cd13804e0"
"SD0919_T001_1hao","SD0919_T001_1hao.xlsx","hourly-data-06.zip","985852","c5d534a66c20eba59c65c4e79297ae5d2a9e126314afa7f7066659fc74603dea"
"SD0919_T002_2hao","SD0919_T002_2hao.xlsx","hourly-data-06.zip","979498","5c22a019be0cf1f0271711e3ea9e281ce0bdae93887caabaf85ceb980c8f861c"
"SD0919_T003_3hao","SD0919_T003_3hao.xlsx","hourly-data-06.zip","808419","3779defb454a6690dd3368239b3ea97fdd6faddf76a82ff1f9f1793c8b0c4668"
"SD0919_T004_4hao","SD0919_T004_4hao.xlsx","hourly-data-06.zip","976390","8d89c0b8859edf8623af140797788b01777824904a58309779d63bb621a8d021"
"SD0919_T005_5hao","SD0919_T005_5hao.xlsx","hourly-data-06.zip","813642","95428e9733338f23865a22e81617c332eacfcd8b8af57e85462f7c0551f1997c"
"SD0919_T006_6hao","SD0919_T006_6hao.xlsx","hourly-data-06.zip","976871","dfac459f05a0a2d578a2712c291f8e43266e3a8bfeef691868b6716548f5bb16"
"SD0920_T001_1hao","SD0920_T001_1hao.xlsx","hourly-data-06.zip","972744","833f7bac2e9830b2ddad19226834f3bd7ef405e1b6e77eb3a8f39a6cf8f18bcb"
"SD0920_T002_2hao","SD0920_T002_2hao.xlsx","hourly-data-06.zip","803949","00b771e6210de7fd73e1e07b808bfd58f334d5c897b034d7fbf250108416ec06"
"SD0920_T003_3hao","SD0920_T003_3hao.xlsx","hourly-data-06.zip","976804","097633fee77cfd0bd881676c37fd18316f1dba2ea9558b597bcc05ba3ac7d5c6"
"SD0920_T004_4hao","SD0920_T004_4hao.xlsx","hourly-data-07.zip","985710","a53cd77305900b5b4bdf99295313fcf381bad6461feb5218329689754b42a178"
"SD0921_T001_1hao","SD0921_T001_1hao.xlsx","hourly-data-07.zip","962556","2abf51ddf7a3a65145f9391f3bd5767c2d79cff4d17e0cc9c71507664fb1f220"
"SD0922_T001_1hao","SD0922_T001_1hao.xlsx","hourly-data-07.zip","984136","ed005d1bc84a948bd5508de37e747c6db1f925a4aa088c2d9858bb511d041e50"
"SD0922_T002_2hao","SD0922_T002_2hao.xlsx","hourly-data-07.zip","979883","c293fe03424f65a4847801985542ee3b1cdbf39637b8e2709d5efae1f027bee4"
"SD0922_T003_3hao","SD0922_T003_3hao.xlsx","hourly-data-07.zip","984359","220532439d70eae73ba3bdf95dcae5f7a9261181ad2c696968cc5ef04d2cd4bf"
"SD0923_T001_1hao","SD0923_T001_1hao.xlsx","hourly-data-07.zip","987415","9615b7e1737ec01a8d253c1c0ace97367a146277849153cfbb9cd354a79e1721"
"SD0923_T002_2hao","SD0923_T002_2hao.xlsx","hourly-data-07.zip","810814","94bd3579ee6b5ba1cb75d42797706aed6db5137f021489a9d3d70d433a1eb248"
"SD0924_T001_1hao","SD0924_T001_1hao.xlsx","hourly-data-07.zip","987367","c71e7517c1e4776120bed4e3636b85e8ec1f036b965918f294eaab521ec908d2"
"SD0924_T002_2hao","SD0924_T002_2hao.xlsx","hourly-data-07.zip","817612","ca9d0f7d0a11f877260ff18a4be97101eaeef9976aa58acafd20161de36c7c08"
"SD0924_T003_3hao","SD0924_T003_3hao.xlsx","hourly-data-07.zip","809225","77c139c03f59ce78cc1b7d25d883abac5e918a3a2a0465b144095e744d7dd434"
"SD0924_T004_4hao","SD0924_T004_4hao.xlsx","hourly-data-07.zip","983844","7e63f119c81fee0ffb1f594a4f7191f45afcc80e6edd7fd0d53fb65ccd2cdccb"
"SD0924_T005_5hao","SD0924_T005_5hao.xlsx","hourly-data-07.zip","979325","230649aca2c088271fa6819a5960ec5967f7b3b37b19c7737d8b5ff52b6ca35a"
"SD0924_T006_6hao","SD0924_T006_6hao.xlsx","hourly-data-07.zip","978724","30ca294212cdfcd1ec8cc1daf8c02311ff726bb74ea013608b2d165412a1a396"
"SD0924_T007_7hao","SD0924_T007_7hao.xlsx","hourly-data-07.zip","976460","bb4896361db3fa2dcb21aa2433aa727c707db237bc29c10080087627a8982178"
"SD0924_T008_8hao","SD0924_T008_8hao.xlsx","hourly-data-07.zip","984274","7afa9b4604cc3e082d0ca3f30c42d979f7a69dfd430507e2876d6373d31bd2e5"
"SD0924_T009_9hao","SD0924_T009_9hao.xlsx","hourly-data-07.zip","997201","b1a7ef635bc4d642fa3bf4892da1368a3f6483054d46c5b4270e6fbd5126700a"
"SD0925_T001_1hao","SD0925_T001_1hao.xlsx","hourly-data-07.zip","818381","e70805809c9a3ac373288cb63678d8ea8dfafce3bba4084c873128c2ce747fb2"
"SD0925_T002_2hao","SD0925_T002_2hao.xlsx","hourly-data-07.zip","982426","57d55d30a6e5c04c961dd9c5a610ee75013db102a9fe15890f1151be13e42708"
"SD0925_T003_3hao","SD0925_T003_3hao.xlsx","hourly-data-07.zip","809155","c3d50b283e88e22a6c4e5dbf828f01a6e682128fb4ba538888522b9b43f230a1"
"SD0925_T004_4hao","SD0925_T004_4hao.xlsx","hourly-data-07.zip","979011","20845ba9c8bc789f4a54a9201d17f9c93af3908f019e947136f31fe5da192597"
"SD0925_T005_5hao","SD0925_T005_5hao.xlsx","hourly-data-07.zip","991486","05032a6363c01d1a9265ccc432c403aa8787e1a89b3328c1f00d2b368f766e2f"
"SD0925_T006_6hao","SD0925_T006_6hao.xlsx","hourly-data-07.zip","975728","c7232b67d757a66e1ddc08a3d8798318fc58735978f1944f8ad68a1cf15e315c"
"SD0926_T001_1hao","SD0926_T001_1hao.xlsx","hourly-data-07.zip","980439","ca3e03326554f0f4009c8c3846de4bfef8a1fd7680eda22a0899f4eafa9f3251"
"SD0926_T002_2hao","SD0926_T002_2hao.xlsx","hourly-data-07.zip","981189","740c3753bdf503e24cc32175e0691324caf4f42253b3fa1bd09f79fa284548b4"
"SD0926_T003_3hao","SD0926_T003_3hao.xlsx","hourly-data-07.zip","987650","aee7456df5f00117050b3f16f7cdad3587fc5c12604d7f77bef74577c5b5fea7"
"SD0926_T004_4hao","SD0926_T004_4hao.xlsx","hourly-data-07.zip","804354","4ddd44fdcc744985e65ded29f272e7628e07ec5196dbfb2c49fb8f62f9efda92"
"SD0926_T005_5hao","SD0926_T005_5hao.xlsx","hourly-data-07.zip","985674","dafb52f267b2649620f85cd31180aeb7a49debeaf838172ab4866d31b2bc752c"
"SD0927_T001_1hao","SD0927_T001_1hao.xlsx","hourly-data-07.zip","971533","dd729b0bc30b2a72d84ab71eb373c976143863719d46d8cb1cfb31f0a3760c13"
"SD0928_T001_1hao","SD0928_T001_1hao.xlsx","hourly-data-07.zip","989266","96b0525ae93474fcd5a7d47945452968c43a72c95cc1e57463353d20d22c5ef8"
"SD0928_T002_2hao","SD0928_T002_2hao.xlsx","hourly-data-07.zip","987091","32275bec45a1f4fe4a4c0588e57d79141016f4327b13f6414cc55f100f53958f"
"SD0928_T003_3hao","SD0928_T003_3hao.xlsx","hourly-data-07.zip","980644","13bab47e8877330c5f60631254bbf8750cb58fdc23ee35c77f02594f95012d76"
"SD0928_T004_4hao","SD0928_T004_4hao.xlsx","hourly-data-07.zip","992948","c2ffb0d48f5fb0fb77cc8b84b62372d8897aec279b96a4afb4c74efdc18b7a62"
"SD0928_T005_5hao","SD0928_T005_5hao.xlsx","hourly-data-07.zip","811575","89784edcd112295e84a01b0c5cc1a8cb7ac952bb832ded23a0e56e59890312b0"
"SD0929_T001_1hao","SD0929_T001_1hao.xlsx","hourly-data-07.zip","966297","38a5b5be7a71eb52e0b536dd5276b27cb77705ee79159e6700eb5f4511026fe9"
"SD0930_T001_1hao","SD0930_T001_1hao.xlsx","hourly-data-07.zip","987201","88489e786c5efb2f0b0dfc44a2645822e5488448cd826ffbac1f80d181f23437"
"SD0931_T001_1hao","SD0931_T001_1hao.xlsx","hourly-data-07.zip","968088","5b7764f4f0471a94747ca08701eb796475bd15792d51e411742bfc60d939f683"
"SD0932_T001_1hao","SD0932_T001_1hao.xlsx","hourly-data-07.zip","970199","4c39fd30f8a637d0af331702d76d74b63e3d61e0bd25f54031d10c103f691a43"
"SD0933_T001_1hao","SD0933_T001_1hao.xlsx","hourly-data-07.zip","981586","46a52752500203bb75d60b1b44d6f46b31228e3bfdc1bb089dd553cce540ab6c"
"SD0933_T002_2hao","SD0933_T002_2hao.xlsx","hourly-data-07.zip","991164","173f11e1964eded1b9d0e999cb5c40aae7795339096ed9c414d5616ef00190c9"
"SD0934_T001_1hao","SD0934_T001_1hao.xlsx","hourly-data-07.zip","983540","69c243dd5e1afc1c1a8df9b032f259cf8288f638d3caa434eb1b7ab1492e6219"
"SD0934_T002_2hao","SD0934_T002_2hao.xlsx","hourly-data-07.zip","995712","e295bad2b1e4571d2fd5a141e52dcf86e1d869a442e912919371657fa5196719"
"SD0935_T001_1hao","SD0935_T001_1hao.xlsx","hourly-data-07.zip","979276","6099db53cda136a38ffafedeaec7ce70fc738f054611d0b45bfb3f5940d3bf8f"
"SD0936_T001_1hao","SD0936_T001_1hao.xlsx","hourly-data-07.zip","979180","2180243ad91cda76a716817fbd927cbebc125f269a81063df0ad17cf2cf68bf5"
"SD0937_T001_1hao","SD0937_T001_1hao.xlsx","hourly-data-07.zip","988019","295dbc75422be53923be0a8b32a36e5e802b53cd6443f77dc7e4aa78798fa73e"
"SD0937_T002_2hao","SD0937_T002_2hao.xlsx","hourly-data-07.zip","986274","cad3013c7dccb03a9930b86799e78e7cec0088744f4d2cd9da66d60ef0f38edf"
"SD0937_T003_3hao","SD0937_T003_3hao.xlsx","hourly-data-07.zip","981708","ec324d6e549ac69f570839895080ae768d136dca5b76c86e6c3d517675a2b4da"
"SD0937_T004_4hao","SD0937_T004_4hao.xlsx","hourly-data-07.zip","999048","5393061ac3a440a0f028e3a406a582e91756a443bb4e247b9cf75972998eb080"
"SD0937_T005_5hao","SD0937_T005_5hao.xlsx","hourly-data-07.zip","1003169","588a342d8babd30cce7443c067648b7f55d6db7d9c3febb36aff36c7afbde83b"
"SD0938_T001_1hao","SD0938_T001_1hao.xlsx","hourly-data-07.zip","981856","51f78a28ea56b044d593dde24883b140e9deec516da0c73b4d3686e6c06fbbf0"
"SD0939_T001_1hao","SD0939_T001_1hao.xlsx","hourly-data-07.zip","985077","c74cf5eca2568cafc61d4013c998d54063498deda86e09e5e3c4f902bd0bcf34"
"SD0939_T002_2hao","SD0939_T002_2hao.xlsx","hourly-data-07.zip","983514","e9c8cac91449e8a1f5f6bff0f687e68d6e153ec81fecfa74d77f4dd28c46faf2"
"SD0939_T003_3hao","SD0939_T003_3hao.xlsx","hourly-data-07.zip","985100","0f82a5ff2efa3b3da9de10e685ec5335b4defaefb8fe8e50654a9901234e50f5"
"SD0939_T004_4hao","SD0939_T004_4hao.xlsx","hourly-data-07.zip","999971","4854aeab507b7da939d55c23ad8f8a43e298a397cf2459a144e3414067c813a7"
"SD0939_T005_5hao","SD0939_T005_5hao.xlsx","hourly-data-07.zip","984944","d6c638bb764bfb59cd5e38ffb79ceed816b20e6b2b650fcca2b49ecd6925c256"
"SD0939_T006_6hao","SD0939_T006_6hao.xlsx","hourly-data-07.zip","994489","0b03ff5ed4059b8077f3f94c388b36a0806727a3cb38855a08ff5a5525bb2d58"
"SD0939_T007_7hao","SD0939_T007_7hao.xlsx","hourly-data-07.zip","981901","712e0779c8bca61190c2c2d1e583664ea91a61e48e7ec3e28865930408f2f193"
"SD0939_T008_8hao","SD0939_T008_8hao.xlsx","hourly-data-07.zip","979288","549417cecc88793d10dd98570adf031fa09c0a9c7317aa0913d06bbafb24331f"
"SD0939_T009_9hao","SD0939_T009_9hao.xlsx","hourly-data-07.zip","987089","9a24ee5c5534d5958a08451658bdb74f6bb6228c84bd50ac375ce651223213c6"
"SD0940_T001_1hao","SD0940_T001_1hao.xlsx","hourly-data-07.zip","992661","108ccab9bf1ead981bdf2d27ddb7c75ec88a96e75fee20178bea72c290fcadb8"
"SD0941_T001_1hao","SD0941_T001_1hao.xlsx","hourly-data-07.zip","988619","142b6cd9ccc2eb429119e6f5528d7d43365173de3f145bf793e806dff8f91061"
"SD0941_T002_2hao","SD0941_T002_2hao.xlsx","hourly-data-07.zip","993603","539c881c04a7d16e0dfe5a74d5802829d989ed4f3964fea051758a4c52ddb6b9"
"SD0941_T003_3hao","SD0941_T003_3hao.xlsx","hourly-data-07.zip","989746","488f302ac65ff5c0ca60291655582ed98e0b82abcea070e10fce8596a3ab53e2"
"SD0941_T004_4hao","SD0941_T004_4hao.xlsx","hourly-data-07.zip","990292","00c33803538ab438b1ce43c8a620e5040422929cb4a1c78b69d81fddfa2a5fd5"
"SD0941_T005_5hao","SD0941_T005_5hao.xlsx","hourly-data-07.zip","1007378","7eaa0d7055f7ca46a7f6163056010f7945c42fcf66da53198d5e07ed46a9e9d0"
"SD0941_T006_6hao","SD0941_T006_6hao.xlsx","hourly-data-07.zip","984978","ceb75f9a1101fb56673bd3a473ce5bf7155727d36289c979e890f1d6ac891d08"
"SD0941_T007_7hao","SD0941_T007_7hao.xlsx","hourly-data-07.zip","993404","85ef8879f4dcd66b506b3a95417bbc0a9083e8feeda6400401560a9a5fd763fc"
"SD0941_T008_8hao","SD0941_T008_8hao.xlsx","hourly-data-07.zip","992898","3bd8437d3a1b8cf92623e42a3bbea8e22e7a02d1443bc27a46e9c110dc3ccc6a"
"SD0941_T009_9hao","SD0941_T009_9hao.xlsx","hourly-data-07.zip","993859","efd2465c6e2c4e8bf231d92006fcf1efac839e610767bfc02f86361e5ebcbbfc"
"SD0941_T010_10hao","SD0941_T010_10hao.xlsx","hourly-data-07.zip","998898","f12b624e7347a59ccbadcd696cfea42e854c0b17043705a581eacba284ba6c8b"
"SD0941_T011_11hao","SD0941_T011_11hao.xlsx","hourly-data-07.zip","994651","fb59809a9092d4ad841f84e4a62aa890dfa9eeb50fd767de410065703de455fa"
"SD0941_T012_12hao","SD0941_T012_12hao.xlsx","hourly-data-07.zip","994877","1c8472e06590ed586702a0138d5706f248510ee7168fa2069b10db82dbaa8046"
"SD0941_T013_13hao","SD0941_T013_13hao.xlsx","hourly-data-07.zip","991599","8aba0faa4af7a27917b43ccbcb0a1ba088529a7da4c920da1de40148f3334572"
"SD0941_T014_14hao","SD0941_T014_14hao.xlsx","hourly-data-07.zip","1005176","743f3e9f263feb37c14dac4cd121280d7c514cdb16b2460ffe3dbe8f4b4b8508"
"SD0941_T015_15hao","SD0941_T015_15hao.xlsx","hourly-data-07.zip","998195","a9649cae82fcc81e46b1529cdf8302c1acdb1e0fd47715058141c3d222a9404a"
"SD0941_T016_16hao","SD0941_T016_16hao.xlsx","hourly-data-07.zip","997883","6222a731e78db93fd44cc450eb965fa012008c1d717e764e03665361c1bfb006"
"SD0941_T017_17hao","SD0941_T017_17hao.xlsx","hourly-data-07.zip","1002653","a2d413d8b32219fc66012b77be1580878a85fe6250c4f44ced2e698b16262e4f"
"SD0941_T018_18hao","SD0941_T018_18hao.xlsx","hourly-data-07.zip","1009085","6a371a8a105fed8e48f40f6f937382ea32df0bdaa94cacb92eb92f8e27e957a3"
"SD0941_T019_19hao","SD0941_T019_19hao.xlsx","hourly-data-07.zip","999314","bbb394f44c8174bb2c6a1311e3c4b1d0c2a8771cb20f027cc358bf4cdc884862"
"SD0942_T001_1hao","SD0942_T001_1hao.xlsx","hourly-data-07.zip","1007882","04c0d08a1e43b240558f3a7033655e473fe08aa05db0537f038a61a4745b1896"
"SD0943_T001_1hao","SD0943_T001_1hao.xlsx","hourly-data-07.zip","983823","328b7d5b8b085c6a9b6233c93fca090d06eff78b595dd3813b4c6e964ba4644f"
"SD0943_T002_2hao","SD0943_T002_2hao.xlsx","hourly-data-07.zip","986324","bce0a8300f074efdf0aac8e063735a957a04ec92068e4a1cef4442c33ea62982"
"SD0943_T003_3hao","SD0943_T003_3hao.xlsx","hourly-data-07.zip","983454","efa2ca3903d45a750907468da9cb8a6d44925f30a5274c8447565fe4dae94b23"
"SD0944_T001_1hao","SD0944_T001_1hao.xlsx","hourly-data-07.zip","995686","24618283c352c038a52a9532a0b1aefd9641e014fdec646fb14668a0912e8dd4"
"SD0944_T002_2hao","SD0944_T002_2hao.xlsx","hourly-data-07.zip","981891","3c646b8ae0536eb10700433cf5339761a7f25bcbc49b0bd546d57341ae58de08"
"SD0944_T003_3hao","SD0944_T003_3hao.xlsx","hourly-data-07.zip","996379","c3b9d445cb5ca0a36c127266a85fd9e5b3530546b3f559f6793790e31b2eebf4"
"SD0945_T001_1hao","SD0945_T001_1hao.xlsx","hourly-data-07.zip","996321","2ddd849ec450ee774e67f62ab4414ca72c03418243dfb72a5fdb75a8e7290755"
"SD0945_T002_2hao","SD0945_T002_2hao.xlsx","hourly-data-07.zip","993408","f2fb4f297f6b1f300e43f08ed0ab38a4ea1ee1edd91f39c7d661625e0cf651ea"
"SD0946_T001_1hao","SD0946_T001_1hao.xlsx","hourly-data-07.zip","995569","c522209c2230889e6966282dc523f52a4afb3812a3941aa5430c375cdc230c28"
"SD0947_T001_1hao","SD0947_T001_1hao.xlsx","hourly-data-07.zip","1023693","c6f4cff3068c6e00cb846d67a4a38f56b39cc4e538518850a6937c708a29d107"
"SD0948_T001_1hao","SD0948_T001_1hao.xlsx","hourly-data-07.zip","1009470","e08810b4b3bc88796c099728bcd9d4fd09eae194d96f1bef2ee385d261b457c4"
"SD0949_T001_1hao","SD0949_T001_1hao.xlsx","hourly-data-07.zip","995230","713b1d654b41c653405f438100be66433e0a0deecba9eb625c51b04b589f68e7"
"SD0949_T002_2hao","SD0949_T002_2hao.xlsx","hourly-data-07.zip","981462","f99b1327da5d4ae6ff1ff37a7193b0f84f2d9c79a91da03709ac343d496da643"
"SD0949_T003_3hao","SD0949_T003_3hao.xlsx","hourly-data-07.zip","985262","5bc059835c5f3de8abc0f3d62d6cd12967c0098ad6804f716956b3dc54787ff2"
"SD0949_T004_4hao","SD0949_T004_4hao.xlsx","hourly-data-07.zip","983736","253e46fbc024f8dad34b8687e064d5a129d33ea12f913e57aad3004663adb90f"
"SD0949_T005_5hao","SD0949_T005_5hao.xlsx","hourly-data-07.zip","997075","d7614b8c0ebd1a97c9443d2e06159677c3e14b79cb0dfa1f3a4e6a740c3c3bbe"
"SD0949_T006_6hao","SD0949_T006_6hao.xlsx","hourly-data-07.zip","1001237","d9e867301d996c6b3ca50d81ff4d909b0f13748ae69b6868010d999a47e5b522"
"SD0950_T001_1hao","SD0950_T001_1hao.xlsx","hourly-data-07.zip","999306","f687fc1bb6addc7139ed3117820c53d2a457fbea179817c0e36e3d384b284372"
"SD0950_T002_2hao","SD0950_T002_2hao.xlsx","hourly-data-07.zip","996625","7079d3e54da8b1a94ae0bfe8588246d37394e329eb0383673f5ce59d21807d86"
"SD0950_T003_3hao","SD0950_T003_3hao.xlsx","hourly-data-07.zip","982741","19cc3640f45f2bf210825b00007678acfc5b3e561e206151860cc0ce554355ea"
"SD0951_T001_1hao","SD0951_T001_1hao.xlsx","hourly-data-07.zip","990836","76d7cb00b3bd252a94adbb863cc55e1bc94e492bea5545279e2610a6669f22d1"
"SD0951_T002_2hao","SD0951_T002_2hao.xlsx","hourly-data-07.zip","988575","12b8dda9a846a51c33deb18862a5527b2b5b544ba9d16759dd46e42c79852e99"
"SD0951_T003_3hao","SD0951_T003_3hao.xlsx","hourly-data-07.zip","986708","012054e5b034913af8b55f694fc9a9c27a361ae20f30dbac4db8979062f5dabc"
"SD0951_T004_4hao","SD0951_T004_4hao.xlsx","hourly-data-07.zip","1003537","b1049d2b41d68eb9f0ebb37d477db7373ac9315b32f73c6073bebc5323715dce"
"SD0951_T005_5hao","SD0951_T005_5hao.xlsx","hourly-data-07.zip","984838","ac7b95887cb374a728d5aa3753ebb9852770172826d7b47f5cd65e50bba54b9e"
"SD0951_T006_6hao","SD0951_T006_6hao.xlsx","hourly-data-07.zip","988603","f94c156ab7de8c29231a5d81ff58b07a7d432833865a8826c3d9780e79a4d976"
"SD0951_T007_7hao","SD0951_T007_7hao.xlsx","hourly-data-07.zip","988279","c8e772d8f5acfefbce3b4fbd3d505debccc81abbb851130ec15bd77d66007741"
"SD0951_T008_8hao","SD0951_T008_8hao.xlsx","hourly-data-07.zip","988065","f15ee4496f4c4d13462ef65112dbee298beed412bbf6303525614ed5b113ee3a"
"SD0951_T009_9hao","SD0951_T009_9hao.xlsx","hourly-data-07.zip","980163","7b421f5f16feecb0705ef9b6d7e5701d16a57dfbe7f402c1c104b691e9294cae"
"SD0951_T010_10hao","SD0951_T010_10hao.xlsx","hourly-data-07.zip","991756","8ea75467966dfab0edc358491e21be88870336b2a4c88237af7c1a911834d747"
"SD0951_T011_11hao","SD0951_T011_11hao.xlsx","hourly-data-07.zip","980581","11f9ff26cd64f26cd8c7d4266bd751b103240e84603910439c20790b8740b61f"
"SD0951_T012_12hao","SD0951_T012_12hao.xlsx","hourly-data-07.zip","987177","d9296b0bcc97f44cd30db30d10b2a43fa1c439d748c8180fee7c0e2713957a5c"
"SD0952_T001_1hao","SD0952_T001_1hao.xlsx","hourly-data-07.zip","987494","a417f265bc6488a5e916d873b3ee5d1023a9ff8ce472ac77f74500a4ca7dff42"
"SD0952_T002_2hao","SD0952_T002_2hao.xlsx","hourly-data-07.zip","994742","985ba31f6b65bb70759b018e1ddb0759339bb4c816b4de134d422d8be69837d4"
"SD0952_T003_3hao","SD0952_T003_3hao.xlsx","hourly-data-07.zip","998599","09640f87ca4713fe0b9157cd9f51d6f6dddfd870f4d64c9f1b5e627761bceaff"
"SD0952_T004_4hao","SD0952_T004_4hao.xlsx","hourly-data-07.zip","993928","9fae95fb8db56f287c5c96738f3aacf1649c6dbcfdb584a08a1d789ddcb3023e"
"SD0952_T005_5hao","SD0952_T005_5hao.xlsx","hourly-data-07.zip","992719","fe2ae3e0b23f26c31c53614e6d4584de9fa78ceb3c0440de102e2243c2628387"
"SD0952_T006_6hao","SD0952_T006_6hao.xlsx","hourly-data-07.zip","983912","e0cf82aa4f481a702405863e76d98a6b9db08ac25fb862226fd3a48ac8a1213b"
"SD0952_T007_7hao","SD0952_T007_7hao.xlsx","hourly-data-07.zip","1011985","145631043c78011c448c749d0fc8010fc637860924abbf0d3a450af405608483"
"SD0953_T001_1hao","SD0953_T001_1hao.xlsx","hourly-data-07.zip","994851","512aba68a31149fd7bcc8f527f06da030ba76be2a5b72a36f6548a13d9834180"
"SD0953_T002_2hao","SD0953_T002_2hao.xlsx","hourly-data-07.zip","984108","f3a07aed14d656ef56395747abab2108fd9ded859d5aa5a46208cf1b9eee74dc"
"SD0953_T003_3hao","SD0953_T003_3hao.xlsx","hourly-data-07.zip","981405","e3c7c1c0505f52b1ce2801fe016340947b9f34d27631682b91832902b66779a2"
"SD0953_T004_4hao","SD0953_T004_4hao.xlsx","hourly-data-07.zip","982246","1ac36d14c3a6bb7ae3e4ac9905afc14021cde83fa477760724facfacaf47b6c8"
"SD0953_T005_5hao","SD0953_T005_5hao.xlsx","hourly-data-07.zip","981493","fb62fe5d37e178743657f1cb729da07cf1915e78ed0899333f844103ef0cabfb"
"SD0954_T001_1hao","SD0954_T001_1hao.xlsx","hourly-data-07.zip","1005191","c86c451066456481146fc0a359cb05a5cfb772b7b273880f0282bc19377dacb9"
"SD0954_T002_2hao","SD0954_T002_2hao.xlsx","hourly-data-07.zip","985436","6ef04724e324d390e5ab31cb1dc60fa7a0155e60edaffb438e61e9894f7b0824"
"SD0955_T001_1hao","SD0955_T001_1hao.xlsx","hourly-data-07.zip","1010741","8cd4df5608e80c28401660811e2f79afef548e489a549559a5a0368f0f6b0558"
"SD0956_T001_1hao","SD0956_T001_1hao.xlsx","hourly-data-07.zip","980796","33b39ef223ab2137d6a2ea3c79ca60e0568e289c3d26125b5aebba5e897c4083"
"SD0956_T002_2hao","SD0956_T002_2hao.xlsx","hourly-data-07.zip","981372","eeedc0111ce9e55b26fc2e5b592c4660e190d8fe910db8d1f08692f408da818d"
"SD0956_T003_3hao","SD0956_T003_3hao.xlsx","hourly-data-07.zip","978750","61be51558a1c65fb9b802b1cdbfedb57d2faf086ebd785df5e63658fe4c401fc"
"SD0957_T001_1hao","SD0957_T001_1hao.xlsx","hourly-data-07.zip","980686","dfe50b61fdf066f28545858f924556ab90288427bf87a55e05997b3fd7de2717"
"SD0958_T001_1hao","SD0958_T001_1hao.xlsx","hourly-data-07.zip","981352","ef48634ef13f2f70ad9cd7ab48bee99d6f980f7beb00b635b4d6e01a8930e11a"
"SD0958_T002_2hao","SD0958_T002_2hao.xlsx","hourly-data-07.zip","985590","2ffc291705e2168d52ee667a20e46cd966255543b6496647a03836402e827db1"
"SD0958_T003_3hao","SD0958_T003_3hao.xlsx","hourly-data-07.zip","986998","d72b7c9579cf2594f8190ca4c77def14107d37927960209d2c065e29fb70502d"
"SD0958_T004_4hao","SD0958_T004_4hao.xlsx","hourly-data-07.zip","980991","4449eb920ab484d98568e57c7cc39d4613e02e45466d6992c85ec1cbba1f3937"
"SD0958_T005_5hao","SD0958_T005_5hao.xlsx","hourly-data-07.zip","983427","0b27db76adf9f21b4ad459b6de361ba2a4d3c8215e5943e1f94213b6f498d1c1"
"SD0958_T006_6hao","SD0958_T006_6hao.xlsx","hourly-data-07.zip","1002361","83e29b1176228b391fd020f4984e04f3fd405b75edb78fc22adae559221d6457"
"SD0958_T007_7hao","SD0958_T007_7hao.xlsx","hourly-data-07.zip","983299","8fdabf3b33396a9131e752f23fd89b741a1bd1b27b62cf5c5f09792f2b585d92"
"SD0959_T001_1hao","SD0959_T001_1hao.xlsx","hourly-data-07.zip","974621","b03d19a700ab610c883f2d2c7a7136653905cfb66471ae6bcd40233a88cdac1a"
"SD0959_T002_2hao","SD0959_T002_2hao.xlsx","hourly-data-07.zip","981600","d1dcb05ca7c0aa0637af3ba77dcade6a7fd728e1450ba69f2956a0b48bd4712f"
"SD0960_T001_1hao","SD0960_T001_1hao.xlsx","hourly-data-07.zip","998210","60d7aa5976965331da785b32d4cf00da17517cfefa1db26c3c2a00c1362fb6b6"
"SD0960_T002_2hao","SD0960_T002_2hao.xlsx","hourly-data-07.zip","978985","942aeb6c73ba554497e09f685e44f7fe6569a2a82399e7edc39998519086f2c3"
"SD0961_T001_1hao","SD0961_T001_1hao.xlsx","hourly-data-07.zip","817170","0eb1a5ec4c95ac58cf02ec7423ea27cc1af98d564f3a042ff5da564dc675cc6a"
"SD0961_T002_2hao","SD0961_T002_2hao.xlsx","hourly-data-07.zip","989911","ec716bea9eaba8a48cdd6edf4ac43083b9cc43ea054e14e2f85bca67e8342588"
"SD0962_T001_1hao","SD0962_T001_1hao.xlsx","hourly-data-07.zip","985528","404b515f87f051eaa7529d37563d490c93f715cc34f1ccc03a54c35fe32f0e72"
"SD0963_T001_1hao","SD0963_T001_1hao.xlsx","hourly-data-07.zip","1000477","dcef849a4b959627332f0e2e4fe8188830f17da021179eab18925690e0284f0c"
"SD0964_T001_1hao","SD0964_T001_1hao.xlsx","hourly-data-07.zip","976718","d210b74c2b8aa14e88e5ccb79199371765c5e4a6502427564bf48ae9326afeeb"
"SD0964_T002_2hao","SD0964_T002_2hao.xlsx","hourly-data-07.zip","976320","0233b2b5e4c196b0e7c2774de3722118cf2c476cb4c7edcbb83e7fcd9710ce89"
"SD0964_T003_3hao","SD0964_T003_3hao.xlsx","hourly-data-07.zip","975156","71ddc7fee4c3b88b219390bb8dab011ccbf8133c40c7d303cba6b0275aab986e"
"SD0964_T004_4hao","SD0964_T004_4hao.xlsx","hourly-data-07.zip","992680","44aaefa050d1e97f19cdb3a85768a161551921cb938e8ea57fc4693f5edc993a"
"SD0964_T005_5hao","SD0964_T005_5hao.xlsx","hourly-data-07.zip","981458","f5e418d23e45d0f12dd098c79ec92a1e720d74790bf2ac7deac2d16477688985"
"SD0964_T006_6hao","SD0964_T006_6hao.xlsx","hourly-data-07.zip","999047","f401bec46462c842a34e5234976377862dc918d858fa57335959c171b27da1b6"
"SD0964_T007_7hao","SD0964_T007_7hao.xlsx","hourly-data-07.zip","998403","8feb78bded5c59af5f2215bf514dec1e595dd4515e35a7fed31c799ba5760690"
"SD0964_T008_8hao","SD0964_T008_8hao.xlsx","hourly-data-07.zip","986833","a81d8b2f5bf2a103f886048ca6d487a32ffbdde158fb841f730a96a2ddcbef2d"
"SD0965_T001_1hao","SD0965_T001_1hao.xlsx","hourly-data-07.zip","967306","0e243195cb6d05e32d94b50d768c6e8c0059ffbd27255af2d92259cfb4fd08c5"
"SD0966_T001_1hao","SD0966_T001_1hao.xlsx","hourly-data-07.zip","977824","bedb0bb4da5450ce7bffb5f3310da4d9ce90035d45e3bd4e76e9ac98a9e69b8d"
"SD0966_T002_2hao","SD0966_T002_2hao.xlsx","hourly-data-07.zip","818580","af56f94bba254fcc9ee93345ce93cb91fa0f283678562172af1559d48a2ec1ea"
"SD0966_T003_3hao","SD0966_T003_3hao.xlsx","hourly-data-07.zip","976343","b576af504afaf19a090601b18cb353c04e5971fefcad6fcaf55ce41f37cbf048"
"SD0966_T004_4hao","SD0966_T004_4hao.xlsx","hourly-data-07.zip","974568","547dbb0c3491f5a378bc7574ffee3fd69bafba18fc1c99f945401dbb2cc7299b"
"SD0966_T005_5hao","SD0966_T005_5hao.xlsx","hourly-data-07.zip","978233","a636055d43f9bb410bd450111b56a6765a7686ca13c2c5dae00bb58fd9732701"
"SD0966_T006_6hao","SD0966_T006_6hao.xlsx","hourly-data-07.zip","981496","46ebb41c76945601bc9906ef6886aa6d4d18d9d6b4ae98509bb4a4f80f5aca78"
"SD0966_T007_7hao","SD0966_T007_7hao.xlsx","hourly-data-07.zip","976125","383386a9b8d251c41dd3155afffb7476678b24e20fbe0b618a5a2a21f913083e"
"SD0966_T008_8hao","SD0966_T008_8hao.xlsx","hourly-data-07.zip","976161","0c8deadb17f57c2f81d9a3973cc76f2e9ec9f59ae0445d303b074292a6e206b7"
"SD0966_T009_9hao","SD0966_T009_9hao.xlsx","hourly-data-07.zip","990357","dee0b45b6f4525c3b810ea8f1e51e50a7f84ee7d67fd7eee8e69341291999dfb"
"SD0967_T001_1hao","SD0967_T001_1hao.xlsx","hourly-data-07.zip","968814","c97385346a235dc54232cd78d4e771ce3df75135dc59513020684458b9dd5f90"
"SD0967_T002_2hao","SD0967_T002_2hao.xlsx","hourly-data-07.zip","972671","9c190b5d37009066ba287a2fabe3a001ab83ef0440a00cf8af12221315a58ef5"
"SD0967_T003_3hao","SD0967_T003_3hao.xlsx","hourly-data-07.zip","973932","b378eaee8c0a36f3fd26e21f2fce5bbb8096e2b816da201701380e5d331e55d8"
"SD0967_T004_4hao","SD0967_T004_4hao.xlsx","hourly-data-07.zip","975073","3eefd4fef62dae69d16505da9db63e4b9145448bcf26a78aa6bdc07643029828"
"SD0967_T005_5hao","SD0967_T005_5hao.xlsx","hourly-data-07.zip","974146","f039b4849b018a3eda7d771a667af42f49e4fae2d74dbeb68dca1a0c14509aaa"
"SD0967_T006_6hao","SD0967_T006_6hao.xlsx","hourly-data-07.zip","973752","61786ceb6234c2c521439ad107211f25c81855ca23efa8c21f4faf6c8adb80de"
"SD0968_T001_1hao","SD0968_T001_1hao.xlsx","hourly-data-07.zip","975490","abd079e1123d654d1079750f6d6f388e9b319fe09c027e1d44530fd49165fd26"
"SD0968_T002_2hao","SD0968_T002_2hao.xlsx","hourly-data-07.zip","988242","a6cd86263da32bbe60e92b1590d68b9d88986ef5cb8b4aaa1ab592c3d0a1e1d1"
"SD0968_T003_3hao","SD0968_T003_3hao.xlsx","hourly-data-07.zip","976411","1ec7616a96478be37ae33fa6b6ac6ea13ece6d26cee7995e956666e569b0247e"
"SD0968_T004_4hao","SD0968_T004_4hao.xlsx","hourly-data-07.zip","980061","cb8e6a86cff3547985a593a5d5eb5843c875f7ed5c70fd833638a620274d1082"
"SD0968_T005_5hao","SD0968_T005_5hao.xlsx","hourly-data-07.zip","981582","9e15734d115b8bbde624f8c8058712595db8cce8188e2e507aeb2619b25d208f"
"SD0969_T001_1hao","SD0969_T001_1hao.xlsx","hourly-data-07.zip","980355","81a0fb3246d50fd3306da838b730f2b75cd642bfc6dc2456e3bae049ed6ee1a9"
"SD0969_T002_2hao","SD0969_T002_2hao.xlsx","hourly-data-07.zip","997662","6bee863c328af1b73e7e6ce7f6f274894699e63744a66745b3c813827a5303f6"
"SD0970_T001_1hao","SD0970_T001_1hao.xlsx","hourly-data-07.zip","970520","2ff608689de18f41e5ef2d189f8c72558dae1758e5eb31f295e1a47b43c6c2b3"
"SD0971_T001_1hao","SD0971_T001_1hao.xlsx","hourly-data-07.zip","972865","99b7f4defe465c1ae441f21f0c31c460a14f8393536dfd7d3e00df5b12349eba"
"SD0971_T002_2hao","SD0971_T002_2hao.xlsx","hourly-data-07.zip","976708","601976739b57eebf2aeef2099d421ea253712813ff80d9a0bdef4d88ec5f341e"
"SD0971_T003_3hao","SD0971_T003_3hao.xlsx","hourly-data-07.zip","977032","d1118628d5aacaa6f28fb425462bf617b4850a95974e2ca2fdaf3c42fc0d7e01"
"SD0971_T004_4hao","SD0971_T004_4hao.xlsx","hourly-data-07.zip","977607","a656fa59797ef99097fbe54635fba7d92d370d3fc2d362051ec583286a699035"
"SD0972_T001_1hao","SD0972_T001_1hao.xlsx","hourly-data-07.zip","977620","d5d7f0fffdd5b378abaa5685b0ad2901f175889f42b08d568fe500dfa244e3ed"
"SD0972_T002_2hao","SD0972_T002_2hao.xlsx","hourly-data-07.zip","975956","fec901219f9b408665b6c5257880d9c0b6942fbbad1c3d98e0dbb8a1b4029895"
"SD0972_T003_3hao","SD0972_T003_3hao.xlsx","hourly-data-07.zip","976998","4e80db53f298849143cfbae3e58beee75827de2544ca2eedb7ba6d43eef04027"
"SD0972_T004_4hao","SD0972_T004_4hao.xlsx","hourly-data-07.zip","974886","82f2607210972d94a6d08874e9879d57badeaef42ce3eb9319afbdb07cd90172"
"SD0973_T001_1hao","SD0973_T001_1hao.xlsx","hourly-data-07.zip","996245","4b3c0e2911cd1bb931816feb6f33e32cc2ff625962f776ce8253a61445cd7794"
"SD0974_T001_1hao","SD0974_T001_1hao.xlsx","hourly-data-07.zip","977342","324799a8a0924c73fc40f75d6626decce96cbddeae6b77fe87a80e1db318a2e2"
"SD0975_T001_1hao","SD0975_T001_1hao.xlsx","hourly-data-07.zip","988827","680aaaa422296bcdccd607ee4720f308e293193c11ed40235c6fc10ce0e701bb"
"SD0975_T002_2hao","SD0975_T002_2hao.xlsx","hourly-data-07.zip","989222","dd974d0b72c02b9b0fdc0de01a570070eb4b5160daaaa20bae7b2c8dc3869ff2"
"SD0975_T003_3hao","SD0975_T003_3hao.xlsx","hourly-data-07.zip","985498","ae3e0cbc0e8085b8c629f7eeed3dbfb3692ef46f34057e6549e3f6bc2adf3f8d"
"SD0975_T004_4hao","SD0975_T004_4hao.xlsx","hourly-data-07.zip","985278","f0b1d7635fe4b537d756d630caa8a478bcf8771c3cf7fcdf0f6dd2849d8982c4"
"SD0975_T005_5hao","SD0975_T005_5hao.xlsx","hourly-data-07.zip","1007137","32efa833dff4010263f35ef065a0d5234264f65197176e830d532b3657e77f73"
"SD0975_T006_6hao","SD0975_T006_6hao.xlsx","hourly-data-07.zip","984836","2ae140588f25c6eee47426a4a298a244a6aff08a697dc4fc48b1bb93a924f77d"
"SD0975_T007_7hao","SD0975_T007_7hao.xlsx","hourly-data-07.zip","997278","d26294c1f9ce6b807fa1edc3502637ac3aad040ebd61269e28722cd69a49ad19"
"SD0975_T008_8hao","SD0975_T008_8hao.xlsx","hourly-data-07.zip","995606","a344a422a6a3e6b7aa975034f33b095380681f60eb73ce0b39e8b2cc9bb36111"
"SD0975_T009_9hao","SD0975_T009_9hao.xlsx","hourly-data-07.zip","996682","d087959e1653ee6c74445519d859e33cf2ce05ff35f4c98f3d7e96c6ddb124ee"
"SD0976_T001_1hao","SD0976_T001_1hao.xlsx","hourly-data-07.zip","987390","1637ad573f68981c36b17efa8e2014f6b71b7833794146da58f51d2c784c73c3"
"SD0976_T002_2hao","SD0976_T002_2hao.xlsx","hourly-data-07.zip","1003282","d5e15221c1a39ad7c96877a1851671b89d7733a944149a617ccfcc5e3350e51a"
"SD0976_T003_3hao","SD0976_T003_3hao.xlsx","hourly-data-07.zip","991441","2c0322a1c0ba297af8edf06ec4d496d56035f4e45b7a4aa8444bf8ea27b119fc"
"SD0976_T004_4hao","SD0976_T004_4hao.xlsx","hourly-data-07.zip","991839","61b24944829318aa4fd5b95842c6ef62d3f5e86367508dd9ab22cd6880688c2c"
"SD0976_T005_5hao","SD0976_T005_5hao.xlsx","hourly-data-07.zip","998450","6890840df11d255cf4a7e6eb6c6b7240ee7db1a991995a4bac1162982cda1ecc"
"SD0977_T001_1hao","SD0977_T001_1hao.xlsx","hourly-data-07.zip","978302","73dd7b2cc8e83df3633e6d48880ceb735cc743da38d29f851fc5652b5a5eceb2"
"SD0977_T002_2hao","SD0977_T002_2hao.xlsx","hourly-data-07.zip","983567","11032feb0d7812feba575bebec2e79b0b8223c20419f5bf32381c15f2fefc9b0"
"SD0977_T003_3hao","SD0977_T003_3hao.xlsx","hourly-data-07.zip","996353","68d38fe2276edc67b08e2607c6a4c5788c8aa0fbd51c4b31538c5ea8582202af"
"SD0977_T004_4hao","SD0977_T004_4hao.xlsx","hourly-data-07.zip","979604","4c8f015781378f943afa3f9114ff12211c29b1eaa9bdf5af8fe8129a12d06600"
"SD0977_T005_5hao","SD0977_T005_5hao.xlsx","hourly-data-07.zip","987444","d0b56154e97625335a364272eaff2dc0b04bbeb466d009e12c13ae07dfb9e6e4"
"SD0977_T006_6hao","SD0977_T006_6hao.xlsx","hourly-data-07.zip","979746","0404287b4e509fa0a115a3c8d2e73a7784101b2feaf67fa67851a1b7e27fac86"
"SD0977_T007_7hao","SD0977_T007_7hao.xlsx","hourly-data-07.zip","982784","d2c61f9b76153556179363d2edd763c2203a8217be79a8d17a5745bc2a5c8c0c"
"SD0977_T008_8hao","SD0977_T008_8hao.xlsx","hourly-data-07.zip","988890","f216ed15af06acdc153b0641a699347c2cbfeb20b8f22dc56ace1113d6dace5f"
"SD0977_T009_9hao","SD0977_T009_9hao.xlsx","hourly-data-07.zip","982930","bcd20f5ef0926a786dc3a8c75dbf5ad6f608f74957aa54185ac75525a5fd2428"
"SD0977_T010_10hao","SD0977_T010_10hao.xlsx","hourly-data-07.zip","998050","ee1acddcb038b5f6edd74079af1ff5f4d11b9495cb6d40cd7547d84db002292b"
"SD0977_T011_11hao","SD0977_T011_11hao.xlsx","hourly-data-07.zip","974330","c08139234db4e4baf6040a6db889d08c502319b6e1cd59f83d11f5de04f30606"
"SD0977_T012_12hao","SD0977_T012_12hao.xlsx","hourly-data-07.zip","983354","0ccc52b726d34d9c159942ae44dc101e81936156b7a364c9c950855f522e08e6"
"SD0977_T013_13hao","SD0977_T013_13hao.xlsx","hourly-data-07.zip","984551","d129665e5665306823909671f0eee7ab3fcdf08e9673c87359d84a85ad0c6e3a"
"SD0977_T014_14hao","SD0977_T014_14hao.xlsx","hourly-data-07.zip","989378","e39fb984ad90e3713ed275c487cf20d4a94bd1a3e9605de0a326e8afb21a1449"
"SD0978_T001_1hao","SD0978_T001_1hao.xlsx","hourly-data-07.zip","827622","818fcd9c0bb997f3904b37e33cec13c2dd31da6863b61fba2d9708a7078a86cb"
"SD0978_T002_2hao","SD0978_T002_2hao.xlsx","hourly-data-07.zip","822784","dbccf3e2e3448a899b3a4caa778b8a7f54d4ee97dbf72a532623aee37a75e861"
"SD0978_T003_3hao","SD0978_T003_3hao.xlsx","hourly-data-07.zip","989113","51b24487cdca47b5e2c025eda83fb26ce34d10c5f3d8592226fea6fe9b096d5a"
"SD0978_T004_4hao","SD0978_T004_4hao.xlsx","hourly-data-07.zip","976938","45ff0f2537ec4b70bae315deb4da838bbf05cfe06fd32e3f9b529551bbf1aaed"
"SD0978_T005_5hao","SD0978_T005_5hao.xlsx","hourly-data-07.zip","994788","183f5cd4e7bdfc989deecd76e105d667122e3ee0c2b51cec8e8afb9b2c8f3bfa"
"SD0978_T006_6hao","SD0978_T006_6hao.xlsx","hourly-data-07.zip","986289","c39d99834049c162cd88d7d74e3dbc1943323cc4036facb536d56f3b5441deeb"
"SD0979_T001_1hao","SD0979_T001_1hao.xlsx","hourly-data-07.zip","971018","5811957b40b7f8aadfd5d32d800df36a7e03efba6b89ca781e2bbf993dc7c1be"
"SD0979_T002_2hao","SD0979_T002_2hao.xlsx","hourly-data-07.zip","971239","1daf39631156276fbc50d6e586d542e07a75406bc379884565ed01477e85ca97"
"SD0979_T003_3hao","SD0979_T003_3hao.xlsx","hourly-data-07.zip","970800","377dcacb1bfe9f4cfcc477665bdc5caea26685f28ea3ac9073d062c3f6c4a0d3"
"SD0979_T004_4hao","SD0979_T004_4hao.xlsx","hourly-data-07.zip","971281","e040bd13caa70fad37df2b6112efa919a798659b112ea4b6d8ef2c67b5a0281b"
"SD0979_T005_5hao","SD0979_T005_5hao.xlsx","hourly-data-07.zip","980178","386418ed43c01977240add5e13522150b3b621950bde361a36a9ad074c3a1b68"
"SD0979_T006_6hao","SD0979_T006_6hao.xlsx","hourly-data-07.zip","980129","35f2a7aff828c0e381c24988118e5643a7d10fb2e00aa341193154c1e2ecc497"
"SD0979_T007_7hao","SD0979_T007_7hao.xlsx","hourly-data-07.zip","971020","1cee072b8eb781a9a70882b783f7dc8c0f49a6504f06225f40f5f46d1a70acd7"
"SD0979_T008_8hao","SD0979_T008_8hao.xlsx","hourly-data-07.zip","981600","5def4ceb45f90c6cacbbf90d2ae556b10595ca2ed697a7dd9fee823d0c9e9c0e"
"SD0979_T009_9hao","SD0979_T009_9hao.xlsx","hourly-data-07.zip","981969","248cd00fa3c1cb0dc5e08faddc39d92ea60de78964e3a766cb853444fce53763"
"SD0979_T010_10hao","SD0979_T010_10hao.xlsx","hourly-data-07.zip","980285","477deffa9abe78156fee18bbe7aa3cd08eb860912ba707892476cdc614488806"
"SD0979_T011_11hao","SD0979_T011_11hao.xlsx","hourly-data-07.zip","979983","f37dc69ff600e8b73146de3ebc579c81f0ddff3803187e3c0e9498c9df05c230"
"SD0979_T012_12hao","SD0979_T012_12hao.xlsx","hourly-data-07.zip","970913","3ccc80f0211eae49b44295d24b88232a0eac85ece24e3bef076cb9c943f411c9"
"SD0979_T013_13hao","SD0979_T013_13hao.xlsx","hourly-data-07.zip","971421","7925089e6b7338c78c4075b7dcad3ac87f93ecb33cc45d3b48f6320ab176154d"
"SD0979_T014_14hao","SD0979_T014_14hao.xlsx","hourly-data-07.zip","970678","360be8ba32b446c55e2991f61597949eca1e47a4607eb761c01170c82c5e63a6"
"SD0979_T015_15hao","SD0979_T015_15hao.xlsx","hourly-data-07.zip","968908","b3bb702bcf4d22f13e04c7cad492f2b81ce4ac6f017ab9efb616bb57a266aced"
"SD0979_T016_16hao","SD0979_T016_16hao.xlsx","hourly-data-07.zip","971256","06e286e6622b15d241336867fcb3fc7e446820b5a799b9120af21c208914e665"
"SD0980_T001_1hao","SD0980_T001_1hao.xlsx","hourly-data-07.zip","983430","60dfd7fcf3034a7f7af19eaaf3110c823f85381c70a0028593ba8c4e5822b58e"
"SD0980_T002_2hao","SD0980_T002_2hao.xlsx","hourly-data-07.zip","999642","489b261904d875b46552cd655181844f4fd5bf885d9f2088b85ee12ff18eebd5"
"SD0980_T003_3hao","SD0980_T003_3hao.xlsx","hourly-data-07.zip","982975","546075f9fbff51c00584d7ae8cb65dd8a9539090758c8e05a96be0dd1ba880dc"
"SD0980_T004_4hao","SD0980_T004_4hao.xlsx","hourly-data-07.zip","993072","0654f37b6b1fb20752e67b1e8483d1f7749b5a8ca19f3715ef366183a95f8df9"
"SD0981_T001_1hao","SD0981_T001_1hao.xlsx","hourly-data-07.zip","1000254","7901d75ab881564cd8cec5b0a7c909ef8eb52caefd61f80ed53b047983c17d81"
"SD0981_T002_2hao","SD0981_T002_2hao.xlsx","hourly-data-07.zip","998468","242903cc61d747db4c4fec622c6cd1a6675a28ceeb575748fbf6e20b6f0387b7"
"SD0982_T001_1hao","SD0982_T001_1hao.xlsx","hourly-data-07.zip","996949","84da05efa68396526c87ffe930f02585ed0fa087136387b1ca8a6bd2b8c05767"
"SD0983_T001_1hao","SD0983_T001_1hao.xlsx","hourly-data-07.zip","976572","97a9573256fccf20efd55556e73ac457d7a8cee01e793d7a8f82a1d3f4c7b4f7"
"SD0983_T002_2hao","SD0983_T002_2hao.xlsx","hourly-data-07.zip","984266","c553fe416e481556e3e92f8567a1fbb266d1c5dd3f4c0ed515253fdfa28da4b4"
"SD0983_T003_3hao","SD0983_T003_3hao.xlsx","hourly-data-07.zip","980809","79f6c0f302419bd790ce24356eff3bc353930e043767a7187e9e14c59e08824f"
"SD0983_T004_4hao","SD0983_T004_4hao.xlsx","hourly-data-07.zip","976802","4b21862bb36647db1921ce61921adbb281428a7dd897eeeeb215a6bb4b8fb7fb"
"SD0984_T001_1hao","SD0984_T001_1hao.xlsx","hourly-data-07.zip","983168","5a7e1a158dec329995d75f9a64514fb8ca5d53785f3327ac742bbde276802cf3"
"SD0984_T002_2hao","SD0984_T002_2hao.xlsx","hourly-data-07.zip","818063","c5e7d97f9e86bb12e13a00e8fdb4035473edd62488217dbddd8dff1bcc773fba"
"SD0984_T003_3hao","SD0984_T003_3hao.xlsx","hourly-data-07.zip","995740","7ce4f43ecb85dfe651977349125a8849ffa4ae83d1060a59c434b60e660dd190"
"SD0985_T001_1hao","SD0985_T001_1hao.xlsx","hourly-data-07.zip","1001237","487fcd2f0c50460a928009331fbd0d0e45ce36e7b5b151e224c3afd9d03df2ac"
"SD0985_T002_2hao","SD0985_T002_2hao.xlsx","hourly-data-07.zip","1005486","dbbbb7fb1028341d710a0b9e9f06c217bf2c24b6665b05c4be571af303fb98ce"
"SD0985_T003_3hao","SD0985_T003_3hao.xlsx","hourly-data-07.zip","1002864","5574f519771b15156164d4939993b51dd853e4b6ead0bff253bf83d5268a615d"
"SD0985_T004_4hao","SD0985_T004_4hao.xlsx","hourly-data-07.zip","984762","89c1de6b131174660fcc270b5bfacb45eaf7b8592fc6bb1520aac4a4ce2987a0"
"SD0985_T005_5hao","SD0985_T005_5hao.xlsx","hourly-data-07.zip","980460","db7b5c72bc5559e2fe450a998574da62264c55689ec032d564d6ec45e57dc2a9"
"SD0985_T006_6hao","SD0985_T006_6hao.xlsx","hourly-data-07.zip","978698","721dca78cdeec70b9ab8e1061356ec1716cf1b40ed1980bf0311b98c16d0a6ab"
"SD0986_T001_1hao","SD0986_T001_1hao.xlsx","hourly-data-07.zip","987017","e0eb5daa60940e131b8ff94e61a9e0d53e3e42fdfd5877d52f23375ae4e2433f"
"SD0986_T002_2hao","SD0986_T002_2hao.xlsx","hourly-data-07.zip","986172","1b2a029d7cfcc6f981516c2e3ba9837ce453c27eba0baecfcbbd478bc4bfd6b7"
"SD0986_T003_3hao","SD0986_T003_3hao.xlsx","hourly-data-07.zip","986433","fb823b8671c5d3b846a8c0c8568679d0337a8ebba6da09db6d606e454dac490e"
"SD0986_T004_4hao","SD0986_T004_4hao.xlsx","hourly-data-07.zip","984601","0ce3b25e064d2260d44afb1f6cebdca76578ac905e15ff9d225ec6d30ccf26a1"
"SD0986_T005_5hao","SD0986_T005_5hao.xlsx","hourly-data-07.zip","984696","5fe6ca4942c5726f65c0a441b6d07544fc2887148b6c776958ee3a029109d885"
"SD0986_T006_6hao","SD0986_T006_6hao.xlsx","hourly-data-07.zip","984750","210a3b386588c0e3e220b065a83abbb5e1e5e7e6e121aecc88f8404c690be6ce"
"SD0987_T001_1hao","SD0987_T001_1hao.xlsx","hourly-data-07.zip","975787","ede4f41e6edd623a919ba6fb47ca16e0161fc4ab3d17870c9ae1a62ae6604fe6"
"SD0987_T002_2hao","SD0987_T002_2hao.xlsx","hourly-data-07.zip","979703","dcc8e699e11b449bb36e14f383e98c787bf2a3c5e720a13e29cae6029dba9ad1"
"SD0987_T003_3hao","SD0987_T003_3hao.xlsx","hourly-data-07.zip","975622","2d07b6f4f96418cb9ddde34be62a390ca21472144addfd9b770dca146a820693"
"SD0987_T004_4hao","SD0987_T004_4hao.xlsx","hourly-data-07.zip","981477","ece066798e4f842615af1e4474ba9b3b6f635fc3ffffc9eb49127064ce1c5c67"
"SD0987_T005_5hao","SD0987_T005_5hao.xlsx","hourly-data-07.zip","981061","d11b77530c0cdb7f989a78176b456875dd723a29320ccbe66aa1ba2502739d22"
"SD0987_T006_6hao","SD0987_T006_6hao.xlsx","hourly-data-07.zip","987865","20214fc32da9432a69208fb3cdbf9c83446e638b51100ee50e7711f305d59490"
"SD0987_T007_7hao","SD0987_T007_7hao.xlsx","hourly-data-07.zip","979254","99e741f4d2cfab5165789b7a5873ed758f1e1b6611143b598ec0cfc8840bd861"
"SD0988_T001_1hao","SD0988_T001_1hao.xlsx","hourly-data-07.zip","995827","fae68759c85a83a26b7f31da5120017fbc8e7cb3af00b725ccd30e9bac56b31e"
"SD0988_T002_2hao","SD0988_T002_2hao.xlsx","hourly-data-07.zip","989087","a7e451752fa0747dfd42af1929a953ed4fcd0c7870509af7a3cd11d51d9c1f6b"
"SD0988_T003_3hao","SD0988_T003_3hao.xlsx","hourly-data-07.zip","993797","7c419fbd8c4f366d96c198902271fe56a12fc040d2d679c0db4460e18eb4b5b5"
"SD0988_T004_4hao","SD0988_T004_4hao.xlsx","hourly-data-07.zip","976170","2fc0848b7a10c1e41556ce9a65036959fc719d48a4847e7120486daad5d33674"
"SD0988_T005_5hao","SD0988_T005_5hao.xlsx","hourly-data-07.zip","991009","dd87d2b291b3e950dbba1cca217dcac95a4392ae044093a3259c1f95735daed3"
"SD0989_T001_1hao","SD0989_T001_1hao.xlsx","hourly-data-07.zip","975306","c4aecb77920a427484102db8784bed799bac59379f02139afb694a82d5afb0dc"
"SD0989_T002_2hao","SD0989_T002_2hao.xlsx","hourly-data-07.zip","972680","9a8164d05d454b8850a122d37d61fafd552750458346f4ab40fe7250f668d895"
"SD0989_T003_3hao","SD0989_T003_3hao.xlsx","hourly-data-07.zip","991040","21a4f4f2f8ba207050105f363c3c09cd01930a168b873852505b1b6a134ad248"
"SD0990_T001_1hao","SD0990_T001_1hao.xlsx","hourly-data-07.zip","1002460","97abf9847d0ca524de0b002bcc2a6214c5ce573b5f28d24442876ce97e143a8d"
"SD0991_T001_1hao","SD0991_T001_1hao.xlsx","hourly-data-07.zip","984762","f22e689722041e81f5774ac62087692328fbb8c35f598672c6691642473d1e06"
"SD0991_T002_2hao","SD0991_T002_2hao.xlsx","hourly-data-07.zip","987635","f68b5fa71562522d78658c8eee428f82385545ed2218d63714d98a0062071f03"
"SD0992_T001_1hao","SD0992_T001_1hao.xlsx","hourly-data-07.zip","1001251","f2adb00904d725a517f5b106172038837774f9c2320b4c77b26cfa633b57b535"
"SD0993_T001_1hao","SD0993_T001_1hao.xlsx","hourly-data-07.zip","975452","ef9d6eab53c377ab2de0bf27c7ee9b6e8908ea03db6d8145ab28cce1366a51b4"
"SD0993_T002_2hao","SD0993_T002_2hao.xlsx","hourly-data-07.zip","982392","e370c69894b712fed06db5ba3e96fc9e938d1226dd4291f8c51312fbaeb21b56"
"SD0993_T003_3hao","SD0993_T003_3hao.xlsx","hourly-data-07.zip","976322","0208bc781603a6939cb577d371efa03cca5c3c5aa70c99671e933b352820f368"
"SD0993_T004_4hao","SD0993_T004_4hao.xlsx","hourly-data-07.zip","981581","d88558d198c35f4eec6a3c05d037e82195ef741fe9313838d9f65f29294fb3c7"
"SD0994_T001_1hao","SD0994_T001_1hao.xlsx","hourly-data-07.zip","980039","2cc8cfaaec9385d11ec041ce1a8c4ff6fdf45c537c5b513a4b15bffba2a3c0ae"
"SD0995_T001_1hao","SD0995_T001_1hao.xlsx","hourly-data-07.zip","1001946","d94bf7f791fd4e8905ce21f366ccb03b4438f1a50c98bcc37242b7882be7fff4"
"SD0996_T001_1hao","SD0996_T001_1hao.xlsx","hourly-data-07.zip","979691","6d7578cd2b7d80407eda4a3cb9d386bdffd06eecc899a31d8f2003d64d5fe3e0"
"SD0996_T002_2hao","SD0996_T002_2hao.xlsx","hourly-data-07.zip","979366","d2a12ced23ee822163bfadb470cf5a0c92dbf59f1691fe22ea1a2577a3ac2e36"
"SD0996_T003_3hao","SD0996_T003_3hao.xlsx","hourly-data-07.zip","981490","693bcc850b1e442db2ab3104d222282fa3c78837d46a4e0cae2a05c86299a99b"
"SD0997_T001_1hao","SD0997_T001_1hao.xlsx","hourly-data-07.zip","981323","2b6418edb5b0ebc9edebffff0250527b4e72617722971a7328b254ff284ea349"
"SD0997_T002_2hao","SD0997_T002_2hao.xlsx","hourly-data-07.zip","980124","7ed95ee6b49bf93cf8b03d5b496cfe93fbc4fea54bcc54226005808529cf60d7"
"SD0997_T003_3hao","SD0997_T003_3hao.xlsx","hourly-data-07.zip","976330","5e0a3aaa48d1e406c4de9b1ae276e62576fbbd762a3be5f36c2aadc3d9b74fb1"
"SD0997_T004_4hao","SD0997_T004_4hao.xlsx","hourly-data-07.zip","982785","2c15f2f8d838301059d3d36135f2290f4be4a1e3cac2fbfe0c2476e4e69bf92a"
"SD0997_T005_5hao","SD0997_T005_5hao.xlsx","hourly-data-07.zip","982815","dc19aad57083a33ed05726934f98ce79125e44e3d0f05a5bb5161b05d624fd8d"
"SD0997_T006_6hao","SD0997_T006_6hao.xlsx","hourly-data-07.zip","984424","7a4b9a51b91f8bbf5047096b3e16caa55132c8c284908ec4a794160c880a5ac6"
"SD0997_T007_7hao","SD0997_T007_7hao.xlsx","hourly-data-07.zip","983413","a00bae9602b9ee06463a6ac5bacbf8a21a16dbcee3a833aca65d563553d213d2"
"SD0997_T008_8hao","SD0997_T008_8hao.xlsx","hourly-data-07.zip","979935","770f746e111efb031b8c3136e06b386f5748108c68baaa24b2f9ece32b85a875"
"SD0997_T009_9hao","SD0997_T009_9hao.xlsx","hourly-data-07.zip","985373","b3d789aa8860069358613df060c1852e561ecc7813a38a303f8ba2fa53d1e7eb"
"SD0997_T010_10hao","SD0997_T010_10hao.xlsx","hourly-data-07.zip","983942","47861e84206a4837923c6c69c8ace60dc217c69048c46a587fae0c12d757e546"
"SD0997_T011_11hao","SD0997_T011_11hao.xlsx","hourly-data-07.zip","982502","7b1920ae79e6a7b0da224ec78ba279917f173b1440c3657ac70fda6ba62c5611"
"SD0997_T012_12hao","SD0997_T012_12hao.xlsx","hourly-data-07.zip","982253","a02e448dd6a7cc63838546734a1dfc357beb7d0e719ad877e1b74a97610af9e1"
"SD0997_T013_13hao","SD0997_T013_13hao.xlsx","hourly-data-07.zip","983368","26fad6b2dd842e2a962773d9ef04beda9c354db01db519081fce7af2a393a333"
"SD0997_T014_14hao","SD0997_T014_14hao.xlsx","hourly-data-07.zip","983572","6a41efef331b38ab787999fc8078cface4ee523ed269cb6dc8103d2f6fd3e6c0"
"SD0997_T015_15hao","SD0997_T015_15hao.xlsx","hourly-data-07.zip","984207","2d3dcfb373c2cbcd6d0c10161ca67b47d9d2efbcdcc25f47d0987dd03e1d6d94"
"SD0997_T016_16hao","SD0997_T016_16hao.xlsx","hourly-data-07.zip","983541","23799909c70c327d31ecbef18021954498eb1f2b5265a08917fea5c8d8cf846f"
"SD0997_T017_17hao","SD0997_T017_17hao.xlsx","hourly-data-07.zip","984311","143e715ea4a3698ec73c5aab1f862bdc98c851fa99d03e54f8072c8810f0a8db"
"SD0997_T018_18hao","SD0997_T018_18hao.xlsx","hourly-data-07.zip","984683","f05f8ebd8e034fc7c7dceff4fb3aec91e53c32bb65e8784e9c72661b810f4dac"
"SD0997_T019_19hao","SD0997_T019_19hao.xlsx","hourly-data-07.zip","981073","681593ec2f598f74340044dfb0363ca418d830dcb1497090cda845de9bb1725d"
"SD0997_T020_20hao","SD0997_T020_20hao.xlsx","hourly-data-07.zip","983664","a29470f1e5e38563e854352887e0ae85d56c44c5bbe6c8d03392f174a63e7d10"
"SD0997_T021_21hao","SD0997_T021_21hao.xlsx","hourly-data-07.zip","981134","b3fbd521f343029a799db5b06ccab4c3001a4c38347317b2ce6fa0f78e2f7b1b"
"SD0997_T022_22hao","SD0997_T022_22hao.xlsx","hourly-data-07.zip","985130","69aaa38a2034bf4e6c9f68f78739d04344a5ec7378a535528915bedee8ecd9d9"
"SD0997_T023_23hao","SD0997_T023_23hao.xlsx","hourly-data-07.zip","983776","1b7f3de40319f904b6a4bd40dd272ae97cc3f31dde9ae167645ed723d40da97b"
"SD0997_T024_24hao","SD0997_T024_24hao.xlsx","hourly-data-07.zip","984722","fc274130d3f302d7216f518eed83ac5585ed2d8126bdbcb4898c9f84cb62996d"
"SD0997_T025_25hao","SD0997_T025_25hao.xlsx","hourly-data-07.zip","984727","9e568047aee75ce0d9bf59c323d71b14b54d6fc0aaf3da35c712ea403bfe4142"
"SD0997_T026_26hao","SD0997_T026_26hao.xlsx","hourly-data-07.zip","982212","612a6b2996a286a604edb718cc072a439096359a55e734a81354b938925c6ca7"
"SD0997_T027_27hao","SD0997_T027_27hao.xlsx","hourly-data-07.zip","985940","9079c8d2178de0574d41c3df1197f48f41e0659457c9f60a80d6b5dfa6f11ba0"
"SD0997_T028_28hao","SD0997_T028_28hao.xlsx","hourly-data-07.zip","980428","c53e1db5d7d759f22020e8eac5da00118b4dc91c34e09377c6e5e474454a0667"
"SD0997_T029_29hao","SD0997_T029_29hao.xlsx","hourly-data-07.zip","982512","7eaef6f1135f3db01142fe60f6bf9a56ff4b3866d139dd0727d83d3f344cde4e"
"SD0997_T030_30hao","SD0997_T030_30hao.xlsx","hourly-data-07.zip","984628","6106ff232098e5f4994a76bbd3118c92f97c8c41cd8cf0c66dcf9c6fb379acb0"
"SD0997_T031_31hao","SD0997_T031_31hao.xlsx","hourly-data-07.zip","982830","b021a1dbfdaac920bba5791837fbab4878913aac3bca6ffe32b349fe3f8298e9"
"SD0997_T032_32hao","SD0997_T032_32hao.xlsx","hourly-data-07.zip","983059","aa6d8bca19e8de21e8eae9bdbe5789be5a13a6a04a929d507f79798271f97f9c"
"SD0997_T033_33hao","SD0997_T033_33hao.xlsx","hourly-data-07.zip","981718","2456609a9325fcd8e0c32656a7fd0483f121000db07e50903cc0644caa291790"
"SD0998_T001_1hao","SD0998_T001_1hao.xlsx","hourly-data-07.zip","978911","b8feb1855d570f09614765d63d5d43f5604961ce98b2d60b46595dd56e9f38d0"
"SD0998_T002_2hao","SD0998_T002_2hao.xlsx","hourly-data-07.zip","976292","04c1947290eb5e6f09b8df3173eee273e529ef13812ee787aea1124d97c4cc34"
"SD0998_T003_3hao","SD0998_T003_3hao.xlsx","hourly-data-07.zip","978951","354857025e3f3d0515d0a1ffecf029a1c82cab30903535891a2adad1d89dfd25"
"SD0998_T004_4hao","SD0998_T004_4hao.xlsx","hourly-data-07.zip","977696","4b3457f35b9ac4559c87ded00b81e8607109cb6c372102c5d960592869c3fefa"
"SD0998_T005_5hao","SD0998_T005_5hao.xlsx","hourly-data-07.zip","977387","9dc0132dd0f3a633460fff073555a6ce20e08e67bfe037b0db61040d23938daa"
"SD0999_T001_1hao","SD0999_T001_1hao.xlsx","hourly-data-07.zip","995232","20e8486194c15845967ee42c0964899041d05e4aa67f6a12d67539bab54c5351"
"SD1000_T001_1hao","SD1000_T001_1hao.xlsx","hourly-data-07.zip","988126","b2192350cd13d8e014728be293deab5e7f8eea20d43858d0056a890089400cf8"
"SD1000_T002_2hao","SD1000_T002_2hao.xlsx","hourly-data-07.zip","993752","536be4084b4e2bf018995cada71e6dff0954c2ddec39b1d0db29e933dd180b18"
"SD1000_T003_3hao","SD1000_T003_3hao.xlsx","hourly-data-07.zip","975276","d96c5034280bd04262e49e7768f2a3f65322959a4e04519054e0edfe076bf399"
"SD1000_T004_4hao","SD1000_T004_4hao.xlsx","hourly-data-07.zip","988161","e0d1dbcce3f32090b9a3501c392bb30319862c6825025d8c6cf08b7e2e878938"
"SD1000_T005_5hao","SD1000_T005_5hao.xlsx","hourly-data-07.zip","987667","9d55726de3867d58df87052e07c79e21dca4f48780de241bf2059e5682e4b4d9"
"SD1000_T006_6hao","SD1000_T006_6hao.xlsx","hourly-data-07.zip","978469","bf8bb523528bfd614b357810b0d311f8124d1f0d8aae0f1bbf684190c586d4fc"
"SD1000_T007_7hao","SD1000_T007_7hao.xlsx","hourly-data-07.zip","988019","4f1641a400d211b031bc6b04359a8fb9de471b0c4d80792c2cea9bc796518ec8"
"SD1000_T008_8hao","SD1000_T008_8hao.xlsx","hourly-data-07.zip","987938","54cef16264ebc6e3c3958b5190f87e50a1ee3445d559deee0dd6ecf97e42e94e"
"SD1000_T009_9hao","SD1000_T009_9hao.xlsx","hourly-data-07.zip","988184","e44641fb584c3ab38ff9c466e4fe02d54ecc23c87f9d90b3628fbea27bd3f473"
"SD1000_T010_10hao","SD1000_T010_10hao.xlsx","hourly-data-07.zip","998139","9677fdf4690b8b7b4d0cb4c6f3ffed9d0b76f737fe6f2579f4e2c2e2c38436ed"
"SD1000_T011_11hao","SD1000_T011_11hao.xlsx","hourly-data-07.zip","980852","e6e01d38cd147db867b453d2114b0724c4227e0c5da51f56fc630be6967b98e2"
"SD1000_T012_12hao","SD1000_T012_12hao.xlsx","hourly-data-07.zip","988524","adc14676bff424ddaa4af4f0a457b3d3b200007adbd90962ae882a1b6c75f78e"
"SD1000_T013_13hao","SD1000_T013_13hao.xlsx","hourly-data-07.zip","995515","0e67b481d9cdfb0cdd3506839994067ab6f2a27d3bbe4582a61223ad08cd1532"
"SD1000_T014_14hao","SD1000_T014_14hao.xlsx","hourly-data-07.zip","980889","66ed0ede132cca26aa794c7d301cebb68dc26d1a2fd6fddcddc6de013bf32b19"
"SD1000_T015_15hao","SD1000_T015_15hao.xlsx","hourly-data-07.zip","981060","10c5bf674ddebfc97e7e0995c63be2cb7933ccde6d002f76c4cd834fc1403359"
"SD1000_T016_16hao","SD1000_T016_16hao.xlsx","hourly-data-07.zip","997404","308f59403d06473f1c3f68bb98bb4c2cf718f86b7f38cf63d51ff4f703290bc7"
"SD1000_T017_17hao","SD1000_T017_17hao.xlsx","hourly-data-07.zip","1002227","9594e22a536676fe7626d1a1342cf82440987caebfd23f1bad9ba31d11e3c92d"
"SD1000_T018_18hao","SD1000_T018_18hao.xlsx","hourly-data-07.zip","981088","5321ae1439f2199cb01c5fb0ad05c6a214406cae75335a89258ce4b8b2942b3d"
"SD1001_T001_1hao","SD1001_T001_1hao.xlsx","hourly-data-07.zip","986023","b409dc784f36131ae3720d72bbfeed1de7ebb89741a8d11659320782078adf13"
"SD1001_T002_2hao","SD1001_T002_2hao.xlsx","hourly-data-07.zip","980257","bb6a3459fab3bb9d5e50a5b986fab701d04af6e63dec70b96be2bc660fd7d469"
"SD1001_T003_3hao","SD1001_T003_3hao.xlsx","hourly-data-07.zip","984574","3a915b5043aa5af3d5960f4a4b43c9a20147d82df020a9752841b6c74f28ffa8"
"SD1001_T004_4hao","SD1001_T004_4hao.xlsx","hourly-data-07.zip","978976","9020c6248a0fa724f25c01f1259bd3f676f562e6289e8b474e05350d2f0ab20c"
"SD1001_T005_5hao","SD1001_T005_5hao.xlsx","hourly-data-07.zip","975299","b0d6c65132c85aa75e32fb2f52949fac596d5c4ecb6ebcfd41dff8ec65dcb1a8"
"SD1001_T006_6hao","SD1001_T006_6hao.xlsx","hourly-data-07.zip","975677","d547b7ef2beb12c4aae5da323176da4f01ab231ba6a6ab1bed90c8d7b5b25a9d"
"SD1001_T007_7hao","SD1001_T007_7hao.xlsx","hourly-data-07.zip","980313","f86f9885e58713acc4e8a33efc1f66ae9b4fd1d4b2e760756a3a190c07f1a477"
"SD1001_T008_8hao","SD1001_T008_8hao.xlsx","hourly-data-07.zip","977887","bf5f21e33f4a6ba836fafaa791da63f5bb340e7c12c18038890459e1cbb83090"
