building_id,filename,size_bytes,relative_source_note
SD0001_T001_1hao,SD0001_T001_1hao.xlsx,988350,Full hourly file stored locally; sample files are included in this public repository.
SD0001_T002_2hao,SD0001_T002_2hao.xlsx,1009817,Full hourly file stored locally; sample files are included in this public repository.
SD0001_T003_3hao,SD0001_T003_3hao.xlsx,993491,Full hourly file stored locally; sample files are included in this public repository.
SD0001_T004_4hao,SD0001_T004_4hao.xlsx,1001632,Full hourly file stored locally; sample files are included in this public repository.
SD0001_T005_5hao,SD0001_T005_5hao.xlsx,995753,Full hourly file stored locally; sample files are included in this public repository.
SD0001_T006_6hao,SD0001_T006_6hao.xlsx,995517,Full hourly file stored locally; sample files are included in this public repository.
SD0001_T007_7hao,SD0001_T007_7hao.xlsx,1013098,Full hourly file stored locally; sample files are included in this public repository.
SD0001_T008_8hao,SD0001_T008_8hao.xlsx,992937,Full hourly file stored locally; sample files are included in this public repository.
SD0001_T009_9hao,SD0001_T009_9hao.xlsx,1007819,Full hourly file stored locally; sample files are included in this public repository.
SD0001_T010_10hao,SD0001_T010_10hao.xlsx,1011326,Full hourly file stored locally; sample files are included in this public repository.
SD0001_T011_11hao,SD0001_T011_11hao.xlsx,1010182,Full hourly file stored locally; sample files are included in this public repository.
SD0002_T001_1hao,SD0002_T001_1hao.xlsx,984360,Full hourly file stored locally; sample files are included in this public repository.
SD0002_T002_2hao,SD0002_T002_2hao.xlsx,996114,Full hourly file stored locally; sample files are included in this public repository.
SD0003_T001_1hao,SD0003_T001_1hao.xlsx,1021714,Full hourly file stored locally; sample files are included in this public repository.
SD0004_T001_1hao,SD0004_T001_1hao.xlsx,993621,Full hourly file stored locally; sample files are included in this public repository.
SD0005_T001_1hao,SD0005_T001_1hao.xlsx,977236,Full hourly file stored locally; sample files are included in this public repository.
SD0005_T002_2hao,SD0005_T002_2hao.xlsx,997142,Full hourly file stored locally; sample files are included in this public repository.
SD0006_T001_1hao,SD0006_T001_1hao.xlsx,1019066,Full hourly file stored locally; sample files are included in this public repository.
SD0007_T001_1hao,SD0007_T001_1hao.xlsx,994994,Full hourly file stored locally; sample files are included in this public repository.
SD0008_T001_1hao,SD0008_T001_1hao.xlsx,998078,Full hourly file stored locally; sample files are included in this public repository.
SD0008_T002_2hao,SD0008_T002_2hao.xlsx,1007579,Full hourly file stored locally; sample files are included in this public repository.
SD0008_T003_3hao,SD0008_T003_3hao.xlsx,1000094,Full hourly file stored locally; sample files are included in this public repository.
SD0008_T004_4hao,SD0008_T004_4hao.xlsx,1004283,Full hourly file stored locally; sample files are included in this public repository.
SD0009_T001_1hao,SD0009_T001_1hao.xlsx,1014207,Full hourly file stored locally; sample files are included in this public repository.
SD0010_T001_1hao,SD0010_T001_1hao.xlsx,1003189,Full hourly file stored locally; sample files are included in this public repository.
SD0011_T001_1hao,SD0011_T001_1hao.xlsx,1018958,Full hourly file stored locally; sample files are included in this public repository.
SD0012_T001_1hao,SD0012_T001_1hao.xlsx,1009371,Full hourly file stored locally; sample files are included in this public repository.
SD0013_T001_1hao,SD0013_T001_1hao.xlsx,1008086,Full hourly file stored locally; sample files are included in this public repository.
SD0014_T001_1hao,SD0014_T001_1hao.xlsx,995204,Full hourly file stored locally; sample files are included in this public repository.
SD0015_T001_1hao,SD0015_T001_1hao.xlsx,1005213,Full hourly file stored locally; sample files are included in this public repository.
SD0016_T001_1hao,SD0016_T001_1hao.xlsx,996983,Full hourly file stored locally; sample files are included in this public repository.
SD0017_T001_1hao,SD0017_T001_1hao.xlsx,987845,Full hourly file stored locally; sample files are included in this public repository.
SD0018_T001_1hao,SD0018_T001_1hao.xlsx,994644,Full hourly file stored locally; sample files are included in this public repository.
SD0019_T001_1hao,SD0019_T001_1hao.xlsx,1002902,Full hourly file stored locally; sample files are included in this public repository.
SD0020_T001_1hao,SD0020_T001_1hao.xlsx,990512,Full hourly file stored locally; sample files are included in this public repository.
SD0020_T002_2hao,SD0020_T002_2hao.xlsx,978174,Full hourly file stored locally; sample files are included in this public repository.
SD0020_T003_3hao,SD0020_T003_3hao.xlsx,979141,Full hourly file stored locally; sample files are included in this public repository.
SD0020_T004_4hao,SD0020_T004_4hao.xlsx,990823,Full hourly file stored locally; sample files are included in this public repository.
SD0021_T001_1hao,SD0021_T001_1hao.xlsx,1002034,Full hourly file stored locally; sample files are included in this public repository.
SD0022_T001_1hao,SD0022_T001_1hao.xlsx,1016863,Full hourly file stored locally; sample files are included in this public repository.
SD0022_T002_2hao,SD0022_T002_2hao.xlsx,1017390,Full hourly file stored locally; sample files are included in this public repository.
SD0022_T003_3hao,SD0022_T003_3hao.xlsx,1002345,Full hourly file stored locally; sample files are included in this public repository.
SD0023_T001_1hao,SD0023_T001_1hao.xlsx,986391,Full hourly file stored locally; sample files are included in this public repository.
SD0023_T002_2hao,SD0023_T002_2hao.xlsx,992986,Full hourly file stored locally; sample files are included in this public repository.
SD0023_T003_3hao,SD0023_T003_3hao.xlsx,1006811,Full hourly file stored locally; sample files are included in this public repository.
SD0023_T004_4hao,SD0023_T004_4hao.xlsx,1002998,Full hourly file stored locally; sample files are included in this public repository.
SD0023_T005_5hao,SD0023_T005_5hao.xlsx,1011666,Full hourly file stored locally; sample files are included in this public repository.
SD0023_T006_6hao,SD0023_T006_6hao.xlsx,996171,Full hourly file stored locally; sample files are included in this public repository.
SD0023_T007_7hao,SD0023_T007_7hao.xlsx,982682,Full hourly file stored locally; sample files are included in this public repository.
SD0023_T008_8hao,SD0023_T008_8hao.xlsx,1002226,Full hourly file stored locally; sample files are included in this public repository.
SD0023_T009_9hao,SD0023_T009_9hao.xlsx,982456,Full hourly file stored locally; sample files are included in this public repository.
SD0023_T010_10hao,SD0023_T010_10hao.xlsx,991655,Full hourly file stored locally; sample files are included in this public repository.
SD0023_T011_11hao,SD0023_T011_11hao.xlsx,987672,Full hourly file stored locally; sample files are included in this public repository.
SD0024_T001_1hao,SD0024_T001_1hao.xlsx,988476,Full hourly file stored locally; sample files are included in this public repository.
SD0024_T002_2hao,SD0024_T002_2hao.xlsx,992492,Full hourly file stored locally; sample files are included in this public repository.
SD0024_T003_3hao,SD0024_T003_3hao.xlsx,997022,Full hourly file stored locally; sample files are included in this public repository.
SD0025_T001_1hao,SD0025_T001_1hao.xlsx,1009899,Full hourly file stored locally; sample files are included in this public repository.
SD0026_T001_1hao,SD0026_T001_1hao.xlsx,1020073,Full hourly file stored locally; sample files are included in this public repository.
SD0026_T002_2hao,SD0026_T002_2hao.xlsx,1007816,Full hourly file stored locally; sample files are included in this public repository.
SD0026_T003_3hao,SD0026_T003_3hao.xlsx,1016680,Full hourly file stored locally; sample files are included in this public repository.
SD0026_T004_4hao,SD0026_T004_4hao.xlsx,1021283,Full hourly file stored locally; sample files are included in this public repository.
SD0026_T005_5hao,SD0026_T005_5hao.xlsx,1010152,Full hourly file stored locally; sample files are included in this public repository.
SD0027_T001_1hao,SD0027_T001_1hao.xlsx,1014919,Full hourly file stored locally; sample files are included in this public repository.
SD0027_T002_2hao,SD0027_T002_2hao.xlsx,1015742,Full hourly file stored locally; sample files are included in this public repository.
SD0027_T003_3hao,SD0027_T003_3hao.xlsx,1019186,Full hourly file stored locally; sample files are included in this public repository.
SD0027_T004_4hao,SD0027_T004_4hao.xlsx,1015119,Full hourly file stored locally; sample files are included in this public repository.
SD0027_T005_5hao,SD0027_T005_5hao.xlsx,1014278,Full hourly file stored locally; sample files are included in this public repository.
SD0028_T001_1hao,SD0028_T001_1hao.xlsx,1002466,Full hourly file stored locally; sample files are included in this public repository.
SD0028_T002_2hao,SD0028_T002_2hao.xlsx,1014107,Full hourly file stored locally; sample files are included in this public repository.
SD0029_T001_1hao,SD0029_T001_1hao.xlsx,1010371,Full hourly file stored locally; sample files are included in this public repository.
SD0029_T002_2hao,SD0029_T002_2hao.xlsx,1009983,Full hourly file stored locally; sample files are included in this public repository.
SD0029_T003_3hao,SD0029_T003_3hao.xlsx,1011544,Full hourly file stored locally; sample files are included in this public repository.
SD0030_T001_1hao,SD0030_T001_1hao.xlsx,1002365,Full hourly file stored locally; sample files are included in this public repository.
SD0031_T001_1hao,SD0031_T001_1hao.xlsx,1004694,Full hourly file stored locally; sample files are included in this public repository.
SD0032_T001_1hao,SD0032_T001_1hao.xlsx,991783,Full hourly file stored locally; sample files are included in this public repository.
SD0032_T002_2hao,SD0032_T002_2hao.xlsx,989429,Full hourly file stored locally; sample files are included in this public repository.
SD0032_T003_3hao,SD0032_T003_3hao.xlsx,989586,Full hourly file stored locally; sample files are included in this public repository.
SD0032_T004_4hao,SD0032_T004_4hao.xlsx,988614,Full hourly file stored locally; sample files are included in this public repository.
SD0032_T005_5hao,SD0032_T005_5hao.xlsx,987412,Full hourly file stored locally; sample files are included in this public repository.
SD0034_T001_1hao,SD0034_T001_1hao.xlsx,996750,Full hourly file stored locally; sample files are included in this public repository.
SD0034_T002_2hao,SD0034_T002_2hao.xlsx,1009539,Full hourly file stored locally; sample files are included in this public repository.
SD0034_T003_3hao,SD0034_T003_3hao.xlsx,997748,Full hourly file stored locally; sample files are included in this public repository.
SD0034_T004_4hao,SD0034_T004_4hao.xlsx,999329,Full hourly file stored locally; sample files are included in this public repository.
SD0034_T005_5hao,SD0034_T005_5hao.xlsx,998564,Full hourly file stored locally; sample files are included in this public repository.
SD0034_T006_6hao,SD0034_T006_6hao.xlsx,988952,Full hourly file stored locally; sample files are included in this public repository.
SD0035_T001_1hao,SD0035_T001_1hao.xlsx,990698,Full hourly file stored locally; sample files are included in this public repository.
SD0035_T002_2hao,SD0035_T002_2hao.xlsx,993438,Full hourly file stored locally; sample files are included in this public repository.
SD0035_T003_3hao,SD0035_T003_3hao.xlsx,999323,Full hourly file stored locally; sample files are included in this public repository.
SD0035_T004_4hao,SD0035_T004_4hao.xlsx,988219,Full hourly file stored locally; sample files are included in this public repository.
SD0035_T005_5hao,SD0035_T005_5hao.xlsx,986208,Full hourly file stored locally; sample files are included in this public repository.
SD0035_T006_6hao,SD0035_T006_6hao.xlsx,995678,Full hourly file stored locally; sample files are included in this public repository.
SD0035_T007_7hao,SD0035_T007_7hao.xlsx,995846,Full hourly file stored locally; sample files are included in this public repository.
SD0035_T008_8hao,SD0035_T008_8hao.xlsx,1007577,Full hourly file stored locally; sample files are included in this public repository.
SD0035_T009_9hao,SD0035_T009_9hao.xlsx,826984,Full hourly file stored locally; sample files are included in this public repository.
SD0035_T010_10hao,SD0035_T010_10hao.xlsx,993154,Full hourly file stored locally; sample files are included in this public repository.
SD0036_T001_1hao,SD0036_T001_1hao.xlsx,999967,Full hourly file stored locally; sample files are included in this public repository.
SD0036_T002_2hao,SD0036_T002_2hao.xlsx,999695,Full hourly file stored locally; sample files are included in this public repository.
SD0036_T003_3hao,SD0036_T003_3hao.xlsx,988981,Full hourly file stored locally; sample files are included in this public repository.
SD0036_T004_4hao,SD0036_T004_4hao.xlsx,997346,Full hourly file stored locally; sample files are included in this public repository.
SD0036_T005_5hao,SD0036_T005_5hao.xlsx,1008021,Full hourly file stored locally; sample files are included in this public repository.
SD0036_T006_6hao,SD0036_T006_6hao.xlsx,1009739,Full hourly file stored locally; sample files are included in this public repository.
SD0036_T007_7hao,SD0036_T007_7hao.xlsx,1006247,Full hourly file stored locally; sample files are included in this public repository.
SD0036_T008_8hao,SD0036_T008_8hao.xlsx,1007664,Full hourly file stored locally; sample files are included in this public repository.
SD0036_T009_9hao,SD0036_T009_9hao.xlsx,1004752,Full hourly file stored locally; sample files are included in this public repository.
SD0036_T010_10hao,SD0036_T010_10hao.xlsx,1006271,Full hourly file stored locally; sample files are included in this public repository.
SD0037_T001_1hao,SD0037_T001_1hao.xlsx,1002587,Full hourly file stored locally; sample files are included in this public repository.
SD0038_T001_1hao,SD0038_T001_1hao.xlsx,1006412,Full hourly file stored locally; sample files are included in this public repository.
SD0038_T002_2hao,SD0038_T002_2hao.xlsx,998648,Full hourly file stored locally; sample files are included in this public repository.
SD0039_T001_1hao,SD0039_T001_1hao.xlsx,1017982,Full hourly file stored locally; sample files are included in this public repository.
SD0039_T002_2hao,SD0039_T002_2hao.xlsx,1007393,Full hourly file stored locally; sample files are included in this public repository.
SD0039_T003_3hao,SD0039_T003_3hao.xlsx,1021082,Full hourly file stored locally; sample files are included in this public repository.
SD0039_T004_4hao,SD0039_T004_4hao.xlsx,1006866,Full hourly file stored locally; sample files are included in this public repository.
SD0039_T005_5hao,SD0039_T005_5hao.xlsx,1007644,Full hourly file stored locally; sample files are included in this public repository.
SD0039_T006_6hao,SD0039_T006_6hao.xlsx,1005535,Full hourly file stored locally; sample files are included in this public repository.
SD0039_T007_7hao,SD0039_T007_7hao.xlsx,1019648,Full hourly file stored locally; sample files are included in this public repository.
SD0040_T001_1hao,SD0040_T001_1hao.xlsx,1006573,Full hourly file stored locally; sample files are included in this public repository.
SD0040_T002_2hao,SD0040_T002_2hao.xlsx,1005414,Full hourly file stored locally; sample files are included in this public repository.
SD0040_T003_3hao,SD0040_T003_3hao.xlsx,1004287,Full hourly file stored locally; sample files are included in this public repository.
SD0040_T004_4hao,SD0040_T004_4hao.xlsx,1020862,Full hourly file stored locally; sample files are included in this public repository.
SD0040_T005_5hao,SD0040_T005_5hao.xlsx,1007467,Full hourly file stored locally; sample files are included in this public repository.
SD0040_T006_6hao,SD0040_T006_6hao.xlsx,1020166,Full hourly file stored locally; sample files are included in this public repository.
SD0040_T007_7hao,SD0040_T007_7hao.xlsx,1008730,Full hourly file stored locally; sample files are included in this public repository.
SD0040_T008_8hao,SD0040_T008_8hao.xlsx,1008916,Full hourly file stored locally; sample files are included in this public repository.
SD0041_T001_1hao,SD0041_T001_1hao.xlsx,1006890,Full hourly file stored locally; sample files are included in this public repository.
SD0041_T002_2hao,SD0041_T002_2hao.xlsx,1014445,Full hourly file stored locally; sample files are included in this public repository.
SD0041_T003_3hao,SD0041_T003_3hao.xlsx,827204,Full hourly file stored locally; sample files are included in this public repository.
SD0041_T004_4hao,SD0041_T004_4hao.xlsx,1011243,Full hourly file stored locally; sample files are included in this public repository.
SD0042_T001_1hao,SD0042_T001_1hao.xlsx,1017447,Full hourly file stored locally; sample files are included in this public repository.
SD0043_T001_1hao,SD0043_T001_1hao.xlsx,983308,Full hourly file stored locally; sample files are included in this public repository.
SD0043_T002_2hao,SD0043_T002_2hao.xlsx,990552,Full hourly file stored locally; sample files are included in this public repository.
SD0043_T003_3hao,SD0043_T003_3hao.xlsx,983536,Full hourly file stored locally; sample files are included in this public repository.
SD0043_T004_4hao,SD0043_T004_4hao.xlsx,991823,Full hourly file stored locally; sample files are included in this public repository.
SD0043_T005_5hao,SD0043_T005_5hao.xlsx,979000,Full hourly file stored locally; sample files are included in this public repository.
SD0043_T006_6hao,SD0043_T006_6hao.xlsx,982794,Full hourly file stored locally; sample files are included in this public repository.
SD0043_T007_7hao,SD0043_T007_7hao.xlsx,979816,Full hourly file stored locally; sample files are included in this public repository.
SD0043_T008_8hao,SD0043_T008_8hao.xlsx,984453,Full hourly file stored locally; sample files are included in this public repository.
SD0043_T009_9hao,SD0043_T009_9hao.xlsx,984393,Full hourly file stored locally; sample files are included in this public repository.
SD0043_T010_10hao,SD0043_T010_10hao.xlsx,979158,Full hourly file stored locally; sample files are included in this public repository.
SD0043_T011_11hao,SD0043_T011_11hao.xlsx,989836,Full hourly file stored locally; sample files are included in this public repository.
SD0043_T012_12hao,SD0043_T012_12hao.xlsx,985455,Full hourly file stored locally; sample files are included in this public repository.
SD0043_T013_13hao,SD0043_T013_13hao.xlsx,989363,Full hourly file stored locally; sample files are included in this public repository.
SD0043_T014_14hao,SD0043_T014_14hao.xlsx,989350,Full hourly file stored locally; sample files are included in this public repository.
SD0043_T015_15hao,SD0043_T015_15hao.xlsx,980695,Full hourly file stored locally; sample files are included in this public repository.
SD0043_T016_16hao,SD0043_T016_16hao.xlsx,822682,Full hourly file stored locally; sample files are included in this public repository.
SD0043_T017_17hao,SD0043_T017_17hao.xlsx,994388,Full hourly file stored locally; sample files are included in this public repository.
SD0043_T018_18hao,SD0043_T018_18hao.xlsx,992788,Full hourly file stored locally; sample files are included in this public repository.
SD0043_T019_19hao,SD0043_T019_19hao.xlsx,985747,Full hourly file stored locally; sample files are included in this public repository.
SD0043_T020_20hao,SD0043_T020_20hao.xlsx,987482,Full hourly file stored locally; sample files are included in this public repository.
SD0043_T021_21hao,SD0043_T021_21hao.xlsx,996682,Full hourly file stored locally; sample files are included in this public repository.
SD0043_T022_22hao,SD0043_T022_22hao.xlsx,987033,Full hourly file stored locally; sample files are included in this public repository.
SD0043_T023_23hao,SD0043_T023_23hao.xlsx,987258,Full hourly file stored locally; sample files are included in this public repository.
SD0043_T024_24hao,SD0043_T024_24hao.xlsx,986332,Full hourly file stored locally; sample files are included in this public repository.
SD0043_T025_25hao,SD0043_T025_25hao.xlsx,983542,Full hourly file stored locally; sample files are included in this public repository.
SD0043_T026_26hao,SD0043_T026_26hao.xlsx,984378,Full hourly file stored locally; sample files are included in this public repository.
SD0043_T027_27hao,SD0043_T027_27hao.xlsx,980023,Full hourly file stored locally; sample files are included in this public repository.
SD0043_T028_28hao,SD0043_T028_28hao.xlsx,979490,Full hourly file stored locally; sample files are included in this public repository.
SD0043_T029_29hao,SD0043_T029_29hao.xlsx,830394,Full hourly file stored locally; sample files are included in this public repository.
SD0043_T030_30hao,SD0043_T030_30hao.xlsx,983155,Full hourly file stored locally; sample files are included in this public repository.
SD0043_T031_31hao,SD0043_T031_31hao.xlsx,982282,Full hourly file stored locally; sample files are included in this public repository.
SD0043_T032_32hao,SD0043_T032_32hao.xlsx,983150,Full hourly file stored locally; sample files are included in this public repository.
SD0044_T001_1hao,SD0044_T001_1hao.xlsx,1002530,Full hourly file stored locally; sample files are included in this public repository.
SD0044_T002_2hao,SD0044_T002_2hao.xlsx,1013616,Full hourly file stored locally; sample files are included in this public repository.
SD0045_T001_1hao,SD0045_T001_1hao.xlsx,1008776,Full hourly file stored locally; sample files are included in this public repository.
SD0046_T001_1hao,SD0046_T001_1hao.xlsx,1004945,Full hourly file stored locally; sample files are included in this public repository.
SD0046_T002_2hao,SD0046_T002_2hao.xlsx,1007868,Full hourly file stored locally; sample files are included in this public repository.
SD0046_T003_3hao,SD0046_T003_3hao.xlsx,985977,Full hourly file stored locally; sample files are included in this public repository.
SD0047_T001_1hao,SD0047_T001_1hao.xlsx,1005548,Full hourly file stored locally; sample files are included in this public repository.
SD0047_T002_2hao,SD0047_T002_2hao.xlsx,1008494,Full hourly file stored locally; sample files are included in this public repository.
SD0048_T001_1hao,SD0048_T001_1hao.xlsx,1003418,Full hourly file stored locally; sample files are included in this public repository.
SD0048_T002_2hao,SD0048_T002_2hao.xlsx,1006117,Full hourly file stored locally; sample files are included in this public repository.
SD0048_T003_3hao,SD0048_T003_3hao.xlsx,1008280,Full hourly file stored locally; sample files are included in this public repository.
SD0048_T004_4hao,SD0048_T004_4hao.xlsx,1009561,Full hourly file stored locally; sample files are included in this public repository.
SD0049_T001_1hao,SD0049_T001_1hao.xlsx,1019977,Full hourly file stored locally; sample files are included in this public repository.
SD0049_T002_2hao,SD0049_T002_2hao.xlsx,1008424,Full hourly file stored locally; sample files are included in this public repository.
SD0049_T003_3hao,SD0049_T003_3hao.xlsx,1004273,Full hourly file stored locally; sample files are included in this public repository.
SD0049_T004_4hao,SD0049_T004_4hao.xlsx,1003869,Full hourly file stored locally; sample files are included in this public repository.
SD0049_T005_5hao,SD0049_T005_5hao.xlsx,999782,Full hourly file stored locally; sample files are included in this public repository.
SD0049_T006_6hao,SD0049_T006_6hao.xlsx,1003330,Full hourly file stored locally; sample files are included in this public repository.
SD0050_T001_1hao,SD0050_T001_1hao.xlsx,994216,Full hourly file stored locally; sample files are included in this public repository.
SD0050_T002_2hao,SD0050_T002_2hao.xlsx,994328,Full hourly file stored locally; sample files are included in this public repository.
SD0050_T003_3hao,SD0050_T003_3hao.xlsx,987099,Full hourly file stored locally; sample files are included in this public repository.
SD0051_T001_1hao,SD0051_T001_1hao.xlsx,1014621,Full hourly file stored locally; sample files are included in this public repository.
SD0053_T001_1hao,SD0053_T001_1hao.xlsx,1012573,Full hourly file stored locally; sample files are included in this public repository.
SD0053_T002_2hao,SD0053_T002_2hao.xlsx,1012330,Full hourly file stored locally; sample files are included in this public repository.
SD0054_T001_1hao,SD0054_T001_1hao.xlsx,1002257,Full hourly file stored locally; sample files are included in this public repository.
SD0054_T002_2hao,SD0054_T002_2hao.xlsx,992066,Full hourly file stored locally; sample files are included in this public repository.
SD0054_T003_3hao,SD0054_T003_3hao.xlsx,1026404,Full hourly file stored locally; sample files are included in this public repository.
SD0055_T001_1hao,SD0055_T001_1hao.xlsx,990741,Full hourly file stored locally; sample files are included in this public repository.
SD0055_T002_2hao,SD0055_T002_2hao.xlsx,997229,Full hourly file stored locally; sample files are included in this public repository.
SD0055_T003_3hao,SD0055_T003_3hao.xlsx,994328,Full hourly file stored locally; sample files are included in this public repository.
SD0055_T004_4hao,SD0055_T004_4hao.xlsx,996348,Full hourly file stored locally; sample files are included in this public repository.
SD0055_T005_5hao,SD0055_T005_5hao.xlsx,993061,Full hourly file stored locally; sample files are included in this public repository.
SD0056_T001_1hao,SD0056_T001_1hao.xlsx,1020400,Full hourly file stored locally; sample files are included in this public repository.
SD0057_T001_1hao,SD0057_T001_1hao.xlsx,1009073,Full hourly file stored locally; sample files are included in this public repository.
SD0058_T001_1hao,SD0058_T001_1hao.xlsx,1014333,Full hourly file stored locally; sample files are included in this public repository.
SD0058_T002_2hao,SD0058_T002_2hao.xlsx,1008780,Full hourly file stored locally; sample files are included in this public repository.
SD0058_T003_3hao,SD0058_T003_3hao.xlsx,999579,Full hourly file stored locally; sample files are included in this public repository.
SD0058_T004_4hao,SD0058_T004_4hao.xlsx,1023381,Full hourly file stored locally; sample files are included in this public repository.
SD0058_T005_5hao,SD0058_T005_5hao.xlsx,1022569,Full hourly file stored locally; sample files are included in this public repository.
SD0058_T006_6hao,SD0058_T006_6hao.xlsx,1020587,Full hourly file stored locally; sample files are included in this public repository.
SD0059_T001_1hao,SD0059_T001_1hao.xlsx,1005724,Full hourly file stored locally; sample files are included in this public repository.
SD0059_T002_2hao,SD0059_T002_2hao.xlsx,989919,Full hourly file stored locally; sample files are included in this public repository.
SD0059_T003_3hao,SD0059_T003_3hao.xlsx,986912,Full hourly file stored locally; sample files are included in this public repository.
SD0059_T004_4hao,SD0059_T004_4hao.xlsx,998091,Full hourly file stored locally; sample files are included in this public repository.
SD0059_T005_5hao,SD0059_T005_5hao.xlsx,1005592,Full hourly file stored locally; sample files are included in this public repository.
SD0059_T006_6hao,SD0059_T006_6hao.xlsx,1001567,Full hourly file stored locally; sample files are included in this public repository.
SD0059_T007_7hao,SD0059_T007_7hao.xlsx,1004516,Full hourly file stored locally; sample files are included in this public repository.
SD0060_T001_1hao,SD0060_T001_1hao.xlsx,1004234,Full hourly file stored locally; sample files are included in this public repository.
SD0061_T001_1hao,SD0061_T001_1hao.xlsx,978056,Full hourly file stored locally; sample files are included in this public repository.
SD0061_T002_2hao,SD0061_T002_2hao.xlsx,979325,Full hourly file stored locally; sample files are included in this public repository.
SD0061_T003_3hao,SD0061_T003_3hao.xlsx,988395,Full hourly file stored locally; sample files are included in this public repository.
SD0062_T001_1hao,SD0062_T001_1hao.xlsx,987577,Full hourly file stored locally; sample files are included in this public repository.
SD0062_T002_2hao,SD0062_T002_2hao.xlsx,984818,Full hourly file stored locally; sample files are included in this public repository.
SD0063_T001_1hao,SD0063_T001_1hao.xlsx,1001508,Full hourly file stored locally; sample files are included in this public repository.
SD0064_T001_1hao,SD0064_T001_1hao.xlsx,1004329,Full hourly file stored locally; sample files are included in this public repository.
SD0065_T001_1hao,SD0065_T001_1hao.xlsx,1001163,Full hourly file stored locally; sample files are included in this public repository.
SD0065_T002_2hao,SD0065_T002_2hao.xlsx,988156,Full hourly file stored locally; sample files are included in this public repository.
SD0065_T003_3hao,SD0065_T003_3hao.xlsx,995529,Full hourly file stored locally; sample files are included in this public repository.
SD0065_T004_4hao,SD0065_T004_4hao.xlsx,997210,Full hourly file stored locally; sample files are included in this public repository.
SD0065_T005_5hao,SD0065_T005_5hao.xlsx,992088,Full hourly file stored locally; sample files are included in this public repository.
SD0065_T006_6hao,SD0065_T006_6hao.xlsx,1003277,Full hourly file stored locally; sample files are included in this public repository.
SD0065_T007_7hao,SD0065_T007_7hao.xlsx,1000841,Full hourly file stored locally; sample files are included in this public repository.
SD0065_T008_8hao,SD0065_T008_8hao.xlsx,985216,Full hourly file stored locally; sample files are included in this public repository.
SD0065_T009_9hao,SD0065_T009_9hao.xlsx,983799,Full hourly file stored locally; sample files are included in this public repository.
SD0066_T001_1hao,SD0066_T001_1hao.xlsx,994622,Full hourly file stored locally; sample files are included in this public repository.
SD0067_T001_1hao,SD0067_T001_1hao.xlsx,997687,Full hourly file stored locally; sample files are included in this public repository.
SD0068_T001_1hao,SD0068_T001_1hao.xlsx,998391,Full hourly file stored locally; sample files are included in this public repository.
SD0068_T002_2hao,SD0068_T002_2hao.xlsx,831950,Full hourly file stored locally; sample files are included in this public repository.
SD0068_T003_3hao,SD0068_T003_3hao.xlsx,997916,Full hourly file stored locally; sample files are included in this public repository.
SD0068_T004_4hao,SD0068_T004_4hao.xlsx,1005074,Full hourly file stored locally; sample files are included in this public repository.
SD0069_T001_1hao,SD0069_T001_1hao.xlsx,1008088,Full hourly file stored locally; sample files are included in this public repository.
SD0070_T001_1hao,SD0070_T001_1hao.xlsx,999350,Full hourly file stored locally; sample files are included in this public repository.
SD0071_T001_1hao,SD0071_T001_1hao.xlsx,1009710,Full hourly file stored locally; sample files are included in this public repository.
SD0071_T002_2hao,SD0071_T002_2hao.xlsx,1016192,Full hourly file stored locally; sample files are included in this public repository.
SD0071_T003_3hao,SD0071_T003_3hao.xlsx,1006073,Full hourly file stored locally; sample files are included in this public repository.
SD0071_T004_4hao,SD0071_T004_4hao.xlsx,1012927,Full hourly file stored locally; sample files are included in this public repository.
SD0071_T005_5hao,SD0071_T005_5hao.xlsx,1007995,Full hourly file stored locally; sample files are included in this public repository.
SD0072_T001_1hao,SD0072_T001_1hao.xlsx,1012290,Full hourly file stored locally; sample files are included in this public repository.
SD0073_T001_1hao,SD0073_T001_1hao.xlsx,986676,Full hourly file stored locally; sample files are included in this public repository.
SD0073_T002_2hao,SD0073_T002_2hao.xlsx,994117,Full hourly file stored locally; sample files are included in this public repository.
SD0074_T001_1hao,SD0074_T001_1hao.xlsx,983477,Full hourly file stored locally; sample files are included in this public repository.
SD0074_T002_2hao,SD0074_T002_2hao.xlsx,992231,Full hourly file stored locally; sample files are included in this public repository.
SD0075_T001_1hao,SD0075_T001_1hao.xlsx,1004855,Full hourly file stored locally; sample files are included in this public repository.
SD0075_T002_2hao,SD0075_T002_2hao.xlsx,1016286,Full hourly file stored locally; sample files are included in this public repository.
SD0075_T003_3hao,SD0075_T003_3hao.xlsx,1012747,Full hourly file stored locally; sample files are included in this public repository.
SD0076_T001_1hao,SD0076_T001_1hao.xlsx,1000464,Full hourly file stored locally; sample files are included in this public repository.
SD0076_T002_2hao,SD0076_T002_2hao.xlsx,1016633,Full hourly file stored locally; sample files are included in this public repository.
SD0076_T003_3hao,SD0076_T003_3hao.xlsx,1004362,Full hourly file stored locally; sample files are included in this public repository.
SD0077_T001_1hao,SD0077_T001_1hao.xlsx,1008361,Full hourly file stored locally; sample files are included in this public repository.
SD0077_T002_2hao,SD0077_T002_2hao.xlsx,1006065,Full hourly file stored locally; sample files are included in this public repository.
SD0078_T001_1hao,SD0078_T001_1hao.xlsx,989855,Full hourly file stored locally; sample files are included in this public repository.
SD0079_T001_1hao,SD0079_T001_1hao.xlsx,997287,Full hourly file stored locally; sample files are included in this public repository.
SD0079_T002_2hao,SD0079_T002_2hao.xlsx,1000079,Full hourly file stored locally; sample files are included in this public repository.
SD0079_T003_3hao,SD0079_T003_3hao.xlsx,994113,Full hourly file stored locally; sample files are included in this public repository.
SD0079_T004_4hao,SD0079_T004_4hao.xlsx,994776,Full hourly file stored locally; sample files are included in this public repository.
SD0079_T005_5hao,SD0079_T005_5hao.xlsx,995520,Full hourly file stored locally; sample files are included in this public repository.
SD0079_T006_6hao,SD0079_T006_6hao.xlsx,991809,Full hourly file stored locally; sample files are included in this public repository.
SD0080_T001_1hao,SD0080_T001_1hao.xlsx,1002531,Full hourly file stored locally; sample files are included in this public repository.
SD0081_T001_1hao,SD0081_T001_1hao.xlsx,1011042,Full hourly file stored locally; sample files are included in this public repository.
SD0082_T001_1hao,SD0082_T001_1hao.xlsx,986487,Full hourly file stored locally; sample files are included in this public repository.
SD0082_T002_2hao,SD0082_T002_2hao.xlsx,825652,Full hourly file stored locally; sample files are included in this public repository.
SD0082_T003_3hao,SD0082_T003_3hao.xlsx,1002691,Full hourly file stored locally; sample files are included in this public repository.
SD0083_T001_1hao,SD0083_T001_1hao.xlsx,1006359,Full hourly file stored locally; sample files are included in this public repository.
SD0084_T001_1hao,SD0084_T001_1hao.xlsx,1010701,Full hourly file stored locally; sample files are included in this public repository.
SD0085_T001_1hao,SD0085_T001_1hao.xlsx,995489,Full hourly file stored locally; sample files are included in this public repository.
SD0085_T002_2hao,SD0085_T002_2hao.xlsx,987957,Full hourly file stored locally; sample files are included in this public repository.
SD0085_T003_3hao,SD0085_T003_3hao.xlsx,826832,Full hourly file stored locally; sample files are included in this public repository.
SD0086_T001_1hao,SD0086_T001_1hao.xlsx,1019100,Full hourly file stored locally; sample files are included in this public repository.
SD0087_T001_1hao,SD0087_T001_1hao.xlsx,1004019,Full hourly file stored locally; sample files are included in this public repository.
SD0087_T002_2hao,SD0087_T002_2hao.xlsx,1003616,Full hourly file stored locally; sample files are included in this public repository.
SD0088_T001_1hao,SD0088_T001_1hao.xlsx,1003002,Full hourly file stored locally; sample files are included in this public repository.
SD0088_T002_2hao,SD0088_T002_2hao.xlsx,996385,Full hourly file stored locally; sample files are included in this public repository.
SD0088_T003_3hao,SD0088_T003_3hao.xlsx,990632,Full hourly file stored locally; sample files are included in this public repository.
SD0089_T001_1hao,SD0089_T001_1hao.xlsx,839230,Full hourly file stored locally; sample files are included in this public repository.
SD0089_T002_2hao,SD0089_T002_2hao.xlsx,1007457,Full hourly file stored locally; sample files are included in this public repository.
SD0090_T001_1hao,SD0090_T001_1hao.xlsx,821296,Full hourly file stored locally; sample files are included in this public repository.
SD0091_T001_1hao,SD0091_T001_1hao.xlsx,997398,Full hourly file stored locally; sample files are included in this public repository.
SD0092_T001_1hao,SD0092_T001_1hao.xlsx,1023246,Full hourly file stored locally; sample files are included in this public repository.
SD0093_T001_1hao,SD0093_T001_1hao.xlsx,993212,Full hourly file stored locally; sample files are included in this public repository.
SD0093_T002_2hao,SD0093_T002_2hao.xlsx,987186,Full hourly file stored locally; sample files are included in this public repository.
SD0093_T003_3hao,SD0093_T003_3hao.xlsx,999650,Full hourly file stored locally; sample files are included in this public repository.
SD0093_T004_4hao,SD0093_T004_4hao.xlsx,987949,Full hourly file stored locally; sample files are included in this public repository.
SD0093_T005_5hao,SD0093_T005_5hao.xlsx,993572,Full hourly file stored locally; sample files are included in this public repository.
SD0093_T006_6hao,SD0093_T006_6hao.xlsx,996276,Full hourly file stored locally; sample files are included in this public repository.
SD0093_T007_7hao,SD0093_T007_7hao.xlsx,992001,Full hourly file stored locally; sample files are included in this public repository.
SD0093_T008_8hao,SD0093_T008_8hao.xlsx,1009759,Full hourly file stored locally; sample files are included in this public repository.
SD0093_T009_9hao,SD0093_T009_9hao.xlsx,1010269,Full hourly file stored locally; sample files are included in this public repository.
SD0093_T010_10hao,SD0093_T010_10hao.xlsx,1008119,Full hourly file stored locally; sample files are included in this public repository.
SD0093_T011_11hao,SD0093_T011_11hao.xlsx,1008006,Full hourly file stored locally; sample files are included in this public repository.
SD0093_T012_12hao,SD0093_T012_12hao.xlsx,985919,Full hourly file stored locally; sample files are included in this public repository.
SD0093_T013_13hao,SD0093_T013_13hao.xlsx,1008705,Full hourly file stored locally; sample files are included in this public repository.
SD0094_T001_1hao,SD0094_T001_1hao.xlsx,1001066,Full hourly file stored locally; sample files are included in this public repository.
SD0095_T001_1hao,SD0095_T001_1hao.xlsx,984145,Full hourly file stored locally; sample files are included in this public repository.
SD0096_T001_1hao,SD0096_T001_1hao.xlsx,1011515,Full hourly file stored locally; sample files are included in this public repository.
SD0097_T001_1hao,SD0097_T001_1hao.xlsx,993383,Full hourly file stored locally; sample files are included in this public repository.
SD0098_T001_1hao,SD0098_T001_1hao.xlsx,1011551,Full hourly file stored locally; sample files are included in this public repository.
SD0099_T001_1hao,SD0099_T001_1hao.xlsx,1011679,Full hourly file stored locally; sample files are included in this public repository.
SD0100_T001_1hao,SD0100_T001_1hao.xlsx,998781,Full hourly file stored locally; sample files are included in this public repository.
SD0100_T002_2hao,SD0100_T002_2hao.xlsx,989170,Full hourly file stored locally; sample files are included in this public repository.
SD0101_T001_1hao,SD0101_T001_1hao.xlsx,999224,Full hourly file stored locally; sample files are included in this public repository.
SD0101_T002_2hao,SD0101_T002_2hao.xlsx,997812,Full hourly file stored locally; sample files are included in this public repository.
SD0101_T003_3hao,SD0101_T003_3hao.xlsx,997065,Full hourly file stored locally; sample files are included in this public repository.
SD0101_T004_4hao,SD0101_T004_4hao.xlsx,1004706,Full hourly file stored locally; sample files are included in this public repository.
SD0102_T001_1hao,SD0102_T001_1hao.xlsx,985890,Full hourly file stored locally; sample files are included in this public repository.
SD0102_T002_2hao,SD0102_T002_2hao.xlsx,987781,Full hourly file stored locally; sample files are included in this public repository.
SD0102_T003_3hao,SD0102_T003_3hao.xlsx,1000424,Full hourly file stored locally; sample files are included in this public repository.
SD0103_T001_1hao,SD0103_T001_1hao.xlsx,987575,Full hourly file stored locally; sample files are included in this public repository.
SD0103_T002_2hao,SD0103_T002_2hao.xlsx,1003755,Full hourly file stored locally; sample files are included in this public repository.
SD0103_T003_3hao,SD0103_T003_3hao.xlsx,993202,Full hourly file stored locally; sample files are included in this public repository.
SD0103_T004_4hao,SD0103_T004_4hao.xlsx,998691,Full hourly file stored locally; sample files are included in this public repository.
SD0104_T001_1hao,SD0104_T001_1hao.xlsx,990580,Full hourly file stored locally; sample files are included in this public repository.
SD0104_T002_2hao,SD0104_T002_2hao.xlsx,984722,Full hourly file stored locally; sample files are included in this public repository.
SD0104_T003_3hao,SD0104_T003_3hao.xlsx,986248,Full hourly file stored locally; sample files are included in this public repository.
SD0104_T004_4hao,SD0104_T004_4hao.xlsx,993096,Full hourly file stored locally; sample files are included in this public repository.
SD0104_T005_5hao,SD0104_T005_5hao.xlsx,995530,Full hourly file stored locally; sample files are included in this public repository.
SD0104_T006_6hao,SD0104_T006_6hao.xlsx,820080,Full hourly file stored locally; sample files are included in this public repository.
SD0104_T007_7hao,SD0104_T007_7hao.xlsx,987908,Full hourly file stored locally; sample files are included in this public repository.
SD0104_T008_8hao,SD0104_T008_8hao.xlsx,998580,Full hourly file stored locally; sample files are included in this public repository.
SD0104_T009_9hao,SD0104_T009_9hao.xlsx,978834,Full hourly file stored locally; sample files are included in this public repository.
SD0104_T010_10hao,SD0104_T010_10hao.xlsx,988133,Full hourly file stored locally; sample files are included in this public repository.
SD0104_T011_11hao,SD0104_T011_11hao.xlsx,990705,Full hourly file stored locally; sample files are included in this public repository.
SD0104_T012_12hao,SD0104_T012_12hao.xlsx,994586,Full hourly file stored locally; sample files are included in this public repository.
SD0104_T013_13hao,SD0104_T013_13hao.xlsx,998517,Full hourly file stored locally; sample files are included in this public repository.
SD0104_T014_14hao,SD0104_T014_14hao.xlsx,1000285,Full hourly file stored locally; sample files are included in this public repository.
SD0105_T001_1hao,SD0105_T001_1hao.xlsx,994875,Full hourly file stored locally; sample files are included in this public repository.
SD0106_T001_1hao,SD0106_T001_1hao.xlsx,1007007,Full hourly file stored locally; sample files are included in this public repository.
SD0107_T001_1hao,SD0107_T001_1hao.xlsx,1004216,Full hourly file stored locally; sample files are included in this public repository.
SD0108_T001_1hao,SD0108_T001_1hao.xlsx,832961,Full hourly file stored locally; sample files are included in this public repository.
SD0108_T002_2hao,SD0108_T002_2hao.xlsx,991377,Full hourly file stored locally; sample files are included in this public repository.
SD0108_T003_3hao,SD0108_T003_3hao.xlsx,990549,Full hourly file stored locally; sample files are included in this public repository.
SD0108_T004_4hao,SD0108_T004_4hao.xlsx,991601,Full hourly file stored locally; sample files are included in this public repository.
SD0109_T001_1hao,SD0109_T001_1hao.xlsx,1006765,Full hourly file stored locally; sample files are included in this public repository.
SD0109_T002_2hao,SD0109_T002_2hao.xlsx,992134,Full hourly file stored locally; sample files are included in this public repository.
SD0109_T003_3hao,SD0109_T003_3hao.xlsx,1008313,Full hourly file stored locally; sample files are included in this public repository.
SD0110_T001_1hao,SD0110_T001_1hao.xlsx,1000024,Full hourly file stored locally; sample files are included in this public repository.
SD0111_T001_1hao,SD0111_T001_1hao.xlsx,1013401,Full hourly file stored locally; sample files are included in this public repository.
SD0111_T002_2hao,SD0111_T002_2hao.xlsx,1012064,Full hourly file stored locally; sample files are included in this public repository.
SD0111_T003_3hao,SD0111_T003_3hao.xlsx,1019199,Full hourly file stored locally; sample files are included in this public repository.
SD0111_T004_4hao,SD0111_T004_4hao.xlsx,1008234,Full hourly file stored locally; sample files are included in this public repository.
SD0111_T005_5hao,SD0111_T005_5hao.xlsx,1016143,Full hourly file stored locally; sample files are included in this public repository.
SD0111_T006_6hao,SD0111_T006_6hao.xlsx,1015292,Full hourly file stored locally; sample files are included in this public repository.
SD0112_T001_1hao,SD0112_T001_1hao.xlsx,1008293,Full hourly file stored locally; sample files are included in this public repository.
SD0112_T002_2hao,SD0112_T002_2hao.xlsx,999186,Full hourly file stored locally; sample files are included in this public repository.
SD0112_T003_3hao,SD0112_T003_3hao.xlsx,995441,Full hourly file stored locally; sample files are included in this public repository.
SD0112_T004_4hao,SD0112_T004_4hao.xlsx,1007247,Full hourly file stored locally; sample files are included in this public repository.
SD0112_T005_5hao,SD0112_T005_5hao.xlsx,1000607,Full hourly file stored locally; sample files are included in this public repository.
SD0112_T006_6hao,SD0112_T006_6hao.xlsx,1008219,Full hourly file stored locally; sample files are included in this public repository.
SD0112_T007_7hao,SD0112_T007_7hao.xlsx,991876,Full hourly file stored locally; sample files are included in this public repository.
SD0112_T008_8hao,SD0112_T008_8hao.xlsx,1014421,Full hourly file stored locally; sample files are included in this public repository.
SD0112_T009_9hao,SD0112_T009_9hao.xlsx,1002617,Full hourly file stored locally; sample files are included in this public repository.
SD0112_T010_10hao,SD0112_T010_10hao.xlsx,992037,Full hourly file stored locally; sample files are included in this public repository.
SD0112_T011_11hao,SD0112_T011_11hao.xlsx,1001565,Full hourly file stored locally; sample files are included in this public repository.
SD0112_T012_12hao,SD0112_T012_12hao.xlsx,997226,Full hourly file stored locally; sample files are included in this public repository.
SD0112_T013_13hao,SD0112_T013_13hao.xlsx,995665,Full hourly file stored locally; sample files are included in this public repository.
SD0112_T014_14hao,SD0112_T014_14hao.xlsx,1003450,Full hourly file stored locally; sample files are included in this public repository.
SD0112_T015_15hao,SD0112_T015_15hao.xlsx,998194,Full hourly file stored locally; sample files are included in this public repository.
SD0112_T016_16hao,SD0112_T016_16hao.xlsx,997628,Full hourly file stored locally; sample files are included in this public repository.
SD0112_T017_17hao,SD0112_T017_17hao.xlsx,991688,Full hourly file stored locally; sample files are included in this public repository.
SD0113_T001_1hao,SD0113_T001_1hao.xlsx,987475,Full hourly file stored locally; sample files are included in this public repository.
SD0113_T002_2hao,SD0113_T002_2hao.xlsx,992377,Full hourly file stored locally; sample files are included in this public repository.
SD0113_T003_3hao,SD0113_T003_3hao.xlsx,986722,Full hourly file stored locally; sample files are included in this public repository.
SD0113_T004_4hao,SD0113_T004_4hao.xlsx,1000860,Full hourly file stored locally; sample files are included in this public repository.
SD0113_T005_5hao,SD0113_T005_5hao.xlsx,1005833,Full hourly file stored locally; sample files are included in this public repository.
SD0113_T006_6hao,SD0113_T006_6hao.xlsx,1006603,Full hourly file stored locally; sample files are included in this public repository.
SD0113_T007_7hao,SD0113_T007_7hao.xlsx,1005652,Full hourly file stored locally; sample files are included in this public repository.
SD0113_T008_8hao,SD0113_T008_8hao.xlsx,1001015,Full hourly file stored locally; sample files are included in this public repository.
SD0113_T009_9hao,SD0113_T009_9hao.xlsx,985684,Full hourly file stored locally; sample files are included in this public repository.
SD0114_T001_1hao,SD0114_T001_1hao.xlsx,989969,Full hourly file stored locally; sample files are included in this public repository.
SD0115_T001_1hao,SD0115_T001_1hao.xlsx,992016,Full hourly file stored locally; sample files are included in this public repository.
SD0115_T002_2hao,SD0115_T002_2hao.xlsx,997175,Full hourly file stored locally; sample files are included in this public repository.
SD0116_T001_1hao,SD0116_T001_1hao.xlsx,830642,Full hourly file stored locally; sample files are included in this public repository.
SD0117_T001_1hao,SD0117_T001_1hao.xlsx,990088,Full hourly file stored locally; sample files are included in this public repository.
SD0117_T002_2hao,SD0117_T002_2hao.xlsx,1005073,Full hourly file stored locally; sample files are included in this public repository.
SD0118_T001_1hao,SD0118_T001_1hao.xlsx,1004190,Full hourly file stored locally; sample files are included in this public repository.
SD0119_T001_1hao,SD0119_T001_1hao.xlsx,1008663,Full hourly file stored locally; sample files are included in this public repository.
SD0119_T002_2hao,SD0119_T002_2hao.xlsx,996675,Full hourly file stored locally; sample files are included in this public repository.
SD0119_T003_3hao,SD0119_T003_3hao.xlsx,991591,Full hourly file stored locally; sample files are included in this public repository.
SD0119_T004_4hao,SD0119_T004_4hao.xlsx,999492,Full hourly file stored locally; sample files are included in this public repository.
SD0119_T005_5hao,SD0119_T005_5hao.xlsx,1002219,Full hourly file stored locally; sample files are included in this public repository.
SD0119_T006_6hao,SD0119_T006_6hao.xlsx,995411,Full hourly file stored locally; sample files are included in this public repository.
SD0120_T001_1hao,SD0120_T001_1hao.xlsx,823080,Full hourly file stored locally; sample files are included in this public repository.
SD0121_T001_1hao,SD0121_T001_1hao.xlsx,998290,Full hourly file stored locally; sample files are included in this public repository.
SD0121_T002_2hao,SD0121_T002_2hao.xlsx,1002783,Full hourly file stored locally; sample files are included in this public repository.
SD0121_T003_3hao,SD0121_T003_3hao.xlsx,1000460,Full hourly file stored locally; sample files are included in this public repository.
SD0122_T001_1hao,SD0122_T001_1hao.xlsx,995726,Full hourly file stored locally; sample files are included in this public repository.
SD0122_T002_2hao,SD0122_T002_2hao.xlsx,996088,Full hourly file stored locally; sample files are included in this public repository.
SD0122_T003_3hao,SD0122_T003_3hao.xlsx,992014,Full hourly file stored locally; sample files are included in this public repository.
SD0122_T004_4hao,SD0122_T004_4hao.xlsx,993731,Full hourly file stored locally; sample files are included in this public repository.
SD0123_T001_1hao,SD0123_T001_1hao.xlsx,1010958,Full hourly file stored locally; sample files are included in this public repository.
SD0123_T002_2hao,SD0123_T002_2hao.xlsx,1005104,Full hourly file stored locally; sample files are included in this public repository.
SD0123_T003_3hao,SD0123_T003_3hao.xlsx,977796,Full hourly file stored locally; sample files are included in this public repository.
SD0124_T001_1hao,SD0124_T001_1hao.xlsx,981394,Full hourly file stored locally; sample files are included in this public repository.
SD0124_T002_2hao,SD0124_T002_2hao.xlsx,984767,Full hourly file stored locally; sample files are included in this public repository.
SD0125_T001_1hao,SD0125_T001_1hao.xlsx,988451,Full hourly file stored locally; sample files are included in this public repository.
SD0126_T001_1hao,SD0126_T001_1hao.xlsx,1000748,Full hourly file stored locally; sample files are included in this public repository.
SD0126_T002_2hao,SD0126_T002_2hao.xlsx,993588,Full hourly file stored locally; sample files are included in this public repository.
SD0127_T001_1hao,SD0127_T001_1hao.xlsx,988228,Full hourly file stored locally; sample files are included in this public repository.
SD0127_T002_2hao,SD0127_T002_2hao.xlsx,996747,Full hourly file stored locally; sample files are included in this public repository.
SD0127_T003_3hao,SD0127_T003_3hao.xlsx,998018,Full hourly file stored locally; sample files are included in this public repository.
SD0127_T004_4hao,SD0127_T004_4hao.xlsx,997993,Full hourly file stored locally; sample files are included in this public repository.
SD0127_T005_5hao,SD0127_T005_5hao.xlsx,1002205,Full hourly file stored locally; sample files are included in this public repository.
SD0127_T006_6hao,SD0127_T006_6hao.xlsx,993391,Full hourly file stored locally; sample files are included in this public repository.
SD0127_T007_7hao,SD0127_T007_7hao.xlsx,992739,Full hourly file stored locally; sample files are included in this public repository.
SD0127_T008_8hao,SD0127_T008_8hao.xlsx,993144,Full hourly file stored locally; sample files are included in this public repository.
SD0127_T009_9hao,SD0127_T009_9hao.xlsx,1003912,Full hourly file stored locally; sample files are included in this public repository.
SD0127_T010_10hao,SD0127_T010_10hao.xlsx,986883,Full hourly file stored locally; sample files are included in this public repository.
SD0127_T011_11hao,SD0127_T011_11hao.xlsx,996694,Full hourly file stored locally; sample files are included in this public repository.
SD0127_T012_12hao,SD0127_T012_12hao.xlsx,992049,Full hourly file stored locally; sample files are included in this public repository.
SD0127_T013_13hao,SD0127_T013_13hao.xlsx,988157,Full hourly file stored locally; sample files are included in this public repository.
SD0127_T014_14hao,SD0127_T014_14hao.xlsx,983139,Full hourly file stored locally; sample files are included in this public repository.
SD0127_T015_15hao,SD0127_T015_15hao.xlsx,987106,Full hourly file stored locally; sample files are included in this public repository.
SD0128_T001_1hao,SD0128_T001_1hao.xlsx,988644,Full hourly file stored locally; sample files are included in this public repository.
SD0128_T002_2hao,SD0128_T002_2hao.xlsx,825065,Full hourly file stored locally; sample files are included in this public repository.
SD0128_T003_3hao,SD0128_T003_3hao.xlsx,987897,Full hourly file stored locally; sample files are included in this public repository.
SD0128_T004_4hao,SD0128_T004_4hao.xlsx,988570,Full hourly file stored locally; sample files are included in this public repository.
SD0128_T005_5hao,SD0128_T005_5hao.xlsx,988573,Full hourly file stored locally; sample files are included in this public repository.
SD0128_T006_6hao,SD0128_T006_6hao.xlsx,981925,Full hourly file stored locally; sample files are included in this public repository.
SD0128_T007_7hao,SD0128_T007_7hao.xlsx,988732,Full hourly file stored locally; sample files are included in this public repository.
SD0128_T008_8hao,SD0128_T008_8hao.xlsx,991914,Full hourly file stored locally; sample files are included in this public repository.
SD0128_T009_9hao,SD0128_T009_9hao.xlsx,991039,Full hourly file stored locally; sample files are included in this public repository.
SD0128_T010_10hao,SD0128_T010_10hao.xlsx,1002785,Full hourly file stored locally; sample files are included in this public repository.
SD0128_T011_11hao,SD0128_T011_11hao.xlsx,992535,Full hourly file stored locally; sample files are included in this public repository.
SD0128_T012_12hao,SD0128_T012_12hao.xlsx,991118,Full hourly file stored locally; sample files are included in this public repository.
SD0128_T013_13hao,SD0128_T013_13hao.xlsx,1003540,Full hourly file stored locally; sample files are included in this public repository.
SD0128_T014_14hao,SD0128_T014_14hao.xlsx,988520,Full hourly file stored locally; sample files are included in this public repository.
SD0129_T001_1hao,SD0129_T001_1hao.xlsx,1008030,Full hourly file stored locally; sample files are included in this public repository.
SD0130_T001_1hao,SD0130_T001_1hao.xlsx,997759,Full hourly file stored locally; sample files are included in this public repository.
SD0131_T001_1hao,SD0131_T001_1hao.xlsx,991848,Full hourly file stored locally; sample files are included in this public repository.
SD0131_T002_2hao,SD0131_T002_2hao.xlsx,988399,Full hourly file stored locally; sample files are included in this public repository.
SD0131_T003_3hao,SD0131_T003_3hao.xlsx,995471,Full hourly file stored locally; sample files are included in this public repository.
SD0132_T001_1hao,SD0132_T001_1hao.xlsx,828175,Full hourly file stored locally; sample files are included in this public repository.
SD0133_T001_1hao,SD0133_T001_1hao.xlsx,1005204,Full hourly file stored locally; sample files are included in this public repository.
SD0134_T001_1hao,SD0134_T001_1hao.xlsx,991662,Full hourly file stored locally; sample files are included in this public repository.
SD0136_T001_1hao,SD0136_T001_1hao.xlsx,983337,Full hourly file stored locally; sample files are included in this public repository.
SD0136_T002_2hao,SD0136_T002_2hao.xlsx,985503,Full hourly file stored locally; sample files are included in this public repository.
SD0136_T003_3hao,SD0136_T003_3hao.xlsx,991148,Full hourly file stored locally; sample files are included in this public repository.
SD0136_T004_4hao,SD0136_T004_4hao.xlsx,984349,Full hourly file stored locally; sample files are included in this public repository.
SD0136_T005_5hao,SD0136_T005_5hao.xlsx,821140,Full hourly file stored locally; sample files are included in this public repository.
SD0136_T006_6hao,SD0136_T006_6hao.xlsx,1003408,Full hourly file stored locally; sample files are included in this public repository.
SD0136_T007_7hao,SD0136_T007_7hao.xlsx,999379,Full hourly file stored locally; sample files are included in this public repository.
SD0137_T001_1hao,SD0137_T001_1hao.xlsx,1001168,Full hourly file stored locally; sample files are included in this public repository.
SD0138_T001_1hao,SD0138_T001_1hao.xlsx,1000031,Full hourly file stored locally; sample files are included in this public repository.
SD0138_T002_2hao,SD0138_T002_2hao.xlsx,978445,Full hourly file stored locally; sample files are included in this public repository.
SD0138_T003_3hao,SD0138_T003_3hao.xlsx,990814,Full hourly file stored locally; sample files are included in this public repository.
SD0139_T001_1hao,SD0139_T001_1hao.xlsx,987008,Full hourly file stored locally; sample files are included in this public repository.
SD0140_T001_1hao,SD0140_T001_1hao.xlsx,1010690,Full hourly file stored locally; sample files are included in this public repository.
SD0141_T001_1hao,SD0141_T001_1hao.xlsx,1013362,Full hourly file stored locally; sample files are included in this public repository.
SD0141_T002_2hao,SD0141_T002_2hao.xlsx,1014547,Full hourly file stored locally; sample files are included in this public repository.
SD0142_T001_1hao,SD0142_T001_1hao.xlsx,982493,Full hourly file stored locally; sample files are included in this public repository.
SD0142_T002_2hao,SD0142_T002_2hao.xlsx,825306,Full hourly file stored locally; sample files are included in this public repository.
SD0143_T001_1hao,SD0143_T001_1hao.xlsx,1001721,Full hourly file stored locally; sample files are included in this public repository.
SD0143_T002_2hao,SD0143_T002_2hao.xlsx,1007196,Full hourly file stored locally; sample files are included in this public repository.
SD0143_T003_3hao,SD0143_T003_3hao.xlsx,1001942,Full hourly file stored locally; sample files are included in this public repository.
SD0143_T004_4hao,SD0143_T004_4hao.xlsx,998821,Full hourly file stored locally; sample files are included in this public repository.
SD0143_T005_5hao,SD0143_T005_5hao.xlsx,991294,Full hourly file stored locally; sample files are included in this public repository.
SD0143_T006_6hao,SD0143_T006_6hao.xlsx,992972,Full hourly file stored locally; sample files are included in this public repository.
SD0143_T007_7hao,SD0143_T007_7hao.xlsx,1008730,Full hourly file stored locally; sample files are included in this public repository.
SD0143_T008_8hao,SD0143_T008_8hao.xlsx,999045,Full hourly file stored locally; sample files are included in this public repository.
SD0143_T009_9hao,SD0143_T009_9hao.xlsx,994217,Full hourly file stored locally; sample files are included in this public repository.
SD0144_T001_1hao,SD0144_T001_1hao.xlsx,990095,Full hourly file stored locally; sample files are included in this public repository.
SD0145_T001_1hao,SD0145_T001_1hao.xlsx,993249,Full hourly file stored locally; sample files are included in this public repository.
SD0146_T001_1hao,SD0146_T001_1hao.xlsx,1007424,Full hourly file stored locally; sample files are included in this public repository.
SD0147_T001_1hao,SD0147_T001_1hao.xlsx,999597,Full hourly file stored locally; sample files are included in this public repository.
SD0148_T001_1hao,SD0148_T001_1hao.xlsx,1010463,Full hourly file stored locally; sample files are included in this public repository.
SD0149_T001_1hao,SD0149_T001_1hao.xlsx,1012697,Full hourly file stored locally; sample files are included in this public repository.
SD0150_T001_1hao,SD0150_T001_1hao.xlsx,1001529,Full hourly file stored locally; sample files are included in this public repository.
SD0150_T002_2hao,SD0150_T002_2hao.xlsx,994218,Full hourly file stored locally; sample files are included in this public repository.
SD0151_T001_1hao,SD0151_T001_1hao.xlsx,984911,Full hourly file stored locally; sample files are included in this public repository.
SD0151_T002_2hao,SD0151_T002_2hao.xlsx,985676,Full hourly file stored locally; sample files are included in this public repository.
SD0151_T003_3hao,SD0151_T003_3hao.xlsx,990201,Full hourly file stored locally; sample files are included in this public repository.
SD0151_T004_4hao,SD0151_T004_4hao.xlsx,994503,Full hourly file stored locally; sample files are included in this public repository.
SD0151_T005_5hao,SD0151_T005_5hao.xlsx,976855,Full hourly file stored locally; sample files are included in this public repository.
SD0151_T006_6hao,SD0151_T006_6hao.xlsx,987677,Full hourly file stored locally; sample files are included in this public repository.
SD0151_T007_7hao,SD0151_T007_7hao.xlsx,829307,Full hourly file stored locally; sample files are included in this public repository.
SD0152_T001_1hao,SD0152_T001_1hao.xlsx,990754,Full hourly file stored locally; sample files are included in this public repository.
SD0152_T002_2hao,SD0152_T002_2hao.xlsx,995463,Full hourly file stored locally; sample files are included in this public repository.
SD0153_T001_1hao,SD0153_T001_1hao.xlsx,1011377,Full hourly file stored locally; sample files are included in this public repository.
SD0154_T001_1hao,SD0154_T001_1hao.xlsx,1000086,Full hourly file stored locally; sample files are included in this public repository.
SD0155_T001_1hao,SD0155_T001_1hao.xlsx,1016370,Full hourly file stored locally; sample files are included in this public repository.
SD0156_T001_1hao,SD0156_T001_1hao.xlsx,1004998,Full hourly file stored locally; sample files are included in this public repository.
SD0157_T001_1hao,SD0157_T001_1hao.xlsx,1015828,Full hourly file stored locally; sample files are included in this public repository.
SD0158_T001_1hao,SD0158_T001_1hao.xlsx,1007989,Full hourly file stored locally; sample files are included in this public repository.
SD0159_T001_1hao,SD0159_T001_1hao.xlsx,1001994,Full hourly file stored locally; sample files are included in this public repository.
SD0160_T001_1hao,SD0160_T001_1hao.xlsx,989924,Full hourly file stored locally; sample files are included in this public repository.
SD0160_T002_2hao,SD0160_T002_2hao.xlsx,1001008,Full hourly file stored locally; sample files are included in this public repository.
SD0160_T003_3hao,SD0160_T003_3hao.xlsx,986602,Full hourly file stored locally; sample files are included in this public repository.
SD0161_T001_1hao,SD0161_T001_1hao.xlsx,1005398,Full hourly file stored locally; sample files are included in this public repository.
SD0161_T002_2hao,SD0161_T002_2hao.xlsx,994862,Full hourly file stored locally; sample files are included in this public repository.
SD0161_T003_3hao,SD0161_T003_3hao.xlsx,990279,Full hourly file stored locally; sample files are included in this public repository.
SD0162_T001_1hao,SD0162_T001_1hao.xlsx,1006191,Full hourly file stored locally; sample files are included in this public repository.
SD0162_T002_2hao,SD0162_T002_2hao.xlsx,999378,Full hourly file stored locally; sample files are included in this public repository.
SD0162_T003_3hao,SD0162_T003_3hao.xlsx,996269,Full hourly file stored locally; sample files are included in this public repository.
SD0162_T004_4hao,SD0162_T004_4hao.xlsx,1000779,Full hourly file stored locally; sample files are included in this public repository.
SD0162_T005_5hao,SD0162_T005_5hao.xlsx,1000849,Full hourly file stored locally; sample files are included in this public repository.
SD0162_T006_6hao,SD0162_T006_6hao.xlsx,999742,Full hourly file stored locally; sample files are included in this public repository.
SD0162_T007_7hao,SD0162_T007_7hao.xlsx,1003845,Full hourly file stored locally; sample files are included in this public repository.
SD0162_T008_8hao,SD0162_T008_8hao.xlsx,989618,Full hourly file stored locally; sample files are included in this public repository.
SD0163_T001_1hao,SD0163_T001_1hao.xlsx,1002196,Full hourly file stored locally; sample files are included in this public repository.
SD0164_T001_1hao,SD0164_T001_1hao.xlsx,1004245,Full hourly file stored locally; sample files are included in this public repository.
SD0164_T002_2hao,SD0164_T002_2hao.xlsx,1009825,Full hourly file stored locally; sample files are included in this public repository.
SD0165_T001_1hao,SD0165_T001_1hao.xlsx,1003292,Full hourly file stored locally; sample files are included in this public repository.
SD0166_T001_1hao,SD0166_T001_1hao.xlsx,1012182,Full hourly file stored locally; sample files are included in this public repository.
SD0167_T001_1hao,SD0167_T001_1hao.xlsx,1002789,Full hourly file stored locally; sample files are included in this public repository.
SD0167_T002_2hao,SD0167_T002_2hao.xlsx,1001811,Full hourly file stored locally; sample files are included in this public repository.
SD0167_T003_3hao,SD0167_T003_3hao.xlsx,980552,Full hourly file stored locally; sample files are included in this public repository.
SD0168_T001_1hao,SD0168_T001_1hao.xlsx,980507,Full hourly file stored locally; sample files are included in this public repository.
SD0168_T002_2hao,SD0168_T002_2hao.xlsx,1012393,Full hourly file stored locally; sample files are included in this public repository.
SD0169_T001_1hao,SD0169_T001_1hao.xlsx,1000316,Full hourly file stored locally; sample files are included in this public repository.
SD0169_T002_2hao,SD0169_T002_2hao.xlsx,1006174,Full hourly file stored locally; sample files are included in this public repository.
SD0169_T003_3hao,SD0169_T003_3hao.xlsx,1008672,Full hourly file stored locally; sample files are included in this public repository.
SD0170_T001_1hao,SD0170_T001_1hao.xlsx,1002803,Full hourly file stored locally; sample files are included in this public repository.
SD0170_T002_2hao,SD0170_T002_2hao.xlsx,1011936,Full hourly file stored locally; sample files are included in this public repository.
SD0171_T001_1hao,SD0171_T001_1hao.xlsx,1000906,Full hourly file stored locally; sample files are included in this public repository.
SD0171_T002_2hao,SD0171_T002_2hao.xlsx,994694,Full hourly file stored locally; sample files are included in this public repository.
SD0171_T003_3hao,SD0171_T003_3hao.xlsx,999837,Full hourly file stored locally; sample files are included in this public repository.
SD0171_T004_4hao,SD0171_T004_4hao.xlsx,997917,Full hourly file stored locally; sample files are included in this public repository.
SD0171_T005_5hao,SD0171_T005_5hao.xlsx,991477,Full hourly file stored locally; sample files are included in this public repository.
SD0171_T006_6hao,SD0171_T006_6hao.xlsx,990918,Full hourly file stored locally; sample files are included in this public repository.
SD0171_T007_7hao,SD0171_T007_7hao.xlsx,989889,Full hourly file stored locally; sample files are included in this public repository.
SD0171_T008_8hao,SD0171_T008_8hao.xlsx,996482,Full hourly file stored locally; sample files are included in this public repository.
SD0171_T009_9hao,SD0171_T009_9hao.xlsx,986750,Full hourly file stored locally; sample files are included in this public repository.
SD0171_T010_10hao,SD0171_T010_10hao.xlsx,997837,Full hourly file stored locally; sample files are included in this public repository.
SD0171_T011_11hao,SD0171_T011_11hao.xlsx,998648,Full hourly file stored locally; sample files are included in this public repository.
SD0171_T012_12hao,SD0171_T012_12hao.xlsx,1010417,Full hourly file stored locally; sample files are included in this public repository.
SD0171_T013_13hao,SD0171_T013_13hao.xlsx,1005364,Full hourly file stored locally; sample files are included in this public repository.
SD0171_T014_14hao,SD0171_T014_14hao.xlsx,986785,Full hourly file stored locally; sample files are included in this public repository.
SD0171_T015_15hao,SD0171_T015_15hao.xlsx,1007363,Full hourly file stored locally; sample files are included in this public repository.
SD0171_T016_16hao,SD0171_T016_16hao.xlsx,1004524,Full hourly file stored locally; sample files are included in this public repository.
SD0171_T017_17hao,SD0171_T017_17hao.xlsx,1006266,Full hourly file stored locally; sample files are included in this public repository.
SD0171_T018_18hao,SD0171_T018_18hao.xlsx,1004006,Full hourly file stored locally; sample files are included in this public repository.
SD0171_T019_19hao,SD0171_T019_19hao.xlsx,1005687,Full hourly file stored locally; sample files are included in this public repository.
SD0171_T020_20hao,SD0171_T020_20hao.xlsx,1011841,Full hourly file stored locally; sample files are included in this public repository.
SD0171_T021_21hao,SD0171_T021_21hao.xlsx,1007511,Full hourly file stored locally; sample files are included in this public repository.
SD0171_T022_22hao,SD0171_T022_22hao.xlsx,995231,Full hourly file stored locally; sample files are included in this public repository.
SD0171_T023_23hao,SD0171_T023_23hao.xlsx,995122,Full hourly file stored locally; sample files are included in this public repository.
SD0172_T001_1hao,SD0172_T001_1hao.xlsx,1002767,Full hourly file stored locally; sample files are included in this public repository.
SD0172_T002_2hao,SD0172_T002_2hao.xlsx,995787,Full hourly file stored locally; sample files are included in this public repository.
SD0172_T003_3hao,SD0172_T003_3hao.xlsx,987008,Full hourly file stored locally; sample files are included in this public repository.
SD0172_T004_4hao,SD0172_T004_4hao.xlsx,989077,Full hourly file stored locally; sample files are included in this public repository.
SD0173_T001_1hao,SD0173_T001_1hao.xlsx,989620,Full hourly file stored locally; sample files are included in this public repository.
SD0173_T002_2hao,SD0173_T002_2hao.xlsx,993525,Full hourly file stored locally; sample files are included in this public repository.
SD0173_T003_3hao,SD0173_T003_3hao.xlsx,990809,Full hourly file stored locally; sample files are included in this public repository.
SD0173_T004_4hao,SD0173_T004_4hao.xlsx,978191,Full hourly file stored locally; sample files are included in this public repository.
SD0174_T001_1hao,SD0174_T001_1hao.xlsx,828184,Full hourly file stored locally; sample files are included in this public repository.
SD0174_T002_2hao,SD0174_T002_2hao.xlsx,988794,Full hourly file stored locally; sample files are included in this public repository.
SD0174_T003_3hao,SD0174_T003_3hao.xlsx,978587,Full hourly file stored locally; sample files are included in this public repository.
SD0174_T004_4hao,SD0174_T004_4hao.xlsx,995326,Full hourly file stored locally; sample files are included in this public repository.
SD0175_T001_1hao,SD0175_T001_1hao.xlsx,988557,Full hourly file stored locally; sample files are included in this public repository.
SD0175_T002_2hao,SD0175_T002_2hao.xlsx,990658,Full hourly file stored locally; sample files are included in this public repository.
SD0176_T001_1hao,SD0176_T001_1hao.xlsx,1000182,Full hourly file stored locally; sample files are included in this public repository.
SD0176_T002_2hao,SD0176_T002_2hao.xlsx,1007386,Full hourly file stored locally; sample files are included in this public repository.
SD0176_T003_3hao,SD0176_T003_3hao.xlsx,1007519,Full hourly file stored locally; sample files are included in this public repository.
SD0177_T001_1hao,SD0177_T001_1hao.xlsx,1004695,Full hourly file stored locally; sample files are included in this public repository.
SD0177_T002_2hao,SD0177_T002_2hao.xlsx,993285,Full hourly file stored locally; sample files are included in this public repository.
SD0177_T003_3hao,SD0177_T003_3hao.xlsx,986200,Full hourly file stored locally; sample files are included in this public repository.
SD0177_T004_4hao,SD0177_T004_4hao.xlsx,986726,Full hourly file stored locally; sample files are included in this public repository.
SD0177_T005_5hao,SD0177_T005_5hao.xlsx,986156,Full hourly file stored locally; sample files are included in this public repository.
SD0178_T001_1hao,SD0178_T001_1hao.xlsx,1002423,Full hourly file stored locally; sample files are included in this public repository.
SD0178_T002_2hao,SD0178_T002_2hao.xlsx,991367,Full hourly file stored locally; sample files are included in this public repository.
SD0178_T003_3hao,SD0178_T003_3hao.xlsx,982199,Full hourly file stored locally; sample files are included in this public repository.
SD0179_T001_1hao,SD0179_T001_1hao.xlsx,992211,Full hourly file stored locally; sample files are included in this public repository.
SD0179_T002_2hao,SD0179_T002_2hao.xlsx,990224,Full hourly file stored locally; sample files are included in this public repository.
SD0179_T003_3hao,SD0179_T003_3hao.xlsx,992396,Full hourly file stored locally; sample files are included in this public repository.
SD0179_T004_4hao,SD0179_T004_4hao.xlsx,1000536,Full hourly file stored locally; sample files are included in this public repository.
SD0180_T001_1hao,SD0180_T001_1hao.xlsx,1001791,Full hourly file stored locally; sample files are included in this public repository.
SD0181_T001_1hao,SD0181_T001_1hao.xlsx,992719,Full hourly file stored locally; sample files are included in this public repository.
SD0184_T001_1hao,SD0184_T001_1hao.xlsx,974686,Full hourly file stored locally; sample files are included in this public repository.
SD0184_T002_2hao,SD0184_T002_2hao.xlsx,988082,Full hourly file stored locally; sample files are included in this public repository.
SD0184_T003_3hao,SD0184_T003_3hao.xlsx,971350,Full hourly file stored locally; sample files are included in this public repository.
SD0185_T001_1hao,SD0185_T001_1hao.xlsx,970667,Full hourly file stored locally; sample files are included in this public repository.
SD0185_T002_2hao,SD0185_T002_2hao.xlsx,965237,Full hourly file stored locally; sample files are included in this public repository.
SD0186_T001_1hao,SD0186_T001_1hao.xlsx,967145,Full hourly file stored locally; sample files are included in this public repository.
SD0187_T001_1hao,SD0187_T001_1hao.xlsx,991405,Full hourly file stored locally; sample files are included in this public repository.
SD0188_T001_1hao,SD0188_T001_1hao.xlsx,976363,Full hourly file stored locally; sample files are included in this public repository.
SD0189_T001_1hao,SD0189_T001_1hao.xlsx,995836,Full hourly file stored locally; sample files are included in this public repository.
SD0190_T001_1hao,SD0190_T001_1hao.xlsx,987738,Full hourly file stored locally; sample files are included in this public repository.
SD0191_T001_1hao,SD0191_T001_1hao.xlsx,1005425,Full hourly file stored locally; sample files are included in this public repository.
SD0192_T001_1hao,SD0192_T001_1hao.xlsx,984274,Full hourly file stored locally; sample files are included in this public repository.
SD0192_T002_2hao,SD0192_T002_2hao.xlsx,992362,Full hourly file stored locally; sample files are included in this public repository.
SD0192_T003_3hao,SD0192_T003_3hao.xlsx,968652,Full hourly file stored locally; sample files are included in this public repository.
SD0192_T004_4hao,SD0192_T004_4hao.xlsx,968495,Full hourly file stored locally; sample files are included in this public repository.
SD0193_T001_1hao,SD0193_T001_1hao.xlsx,816488,Full hourly file stored locally; sample files are included in this public repository.
SD0193_T002_2hao,SD0193_T002_2hao.xlsx,969332,Full hourly file stored locally; sample files are included in this public repository.
SD0193_T003_3hao,SD0193_T003_3hao.xlsx,969821,Full hourly file stored locally; sample files are included in this public repository.
SD0194_T001_1hao,SD0194_T001_1hao.xlsx,980422,Full hourly file stored locally; sample files are included in this public repository.
SD0194_T002_2hao,SD0194_T002_2hao.xlsx,979851,Full hourly file stored locally; sample files are included in this public repository.
SD0194_T003_3hao,SD0194_T003_3hao.xlsx,966965,Full hourly file stored locally; sample files are included in this public repository.
SD0195_T001_1hao,SD0195_T001_1hao.xlsx,949609,Full hourly file stored locally; sample files are included in this public repository.
SD0196_T001_1hao,SD0196_T001_1hao.xlsx,982175,Full hourly file stored locally; sample files are included in this public repository.
SD0197_T001_1hao,SD0197_T001_1hao.xlsx,989813,Full hourly file stored locally; sample files are included in this public repository.
SD0197_T002_2hao,SD0197_T002_2hao.xlsx,992587,Full hourly file stored locally; sample files are included in this public repository.
SD0197_T003_3hao,SD0197_T003_3hao.xlsx,995347,Full hourly file stored locally; sample files are included in this public repository.
SD0197_T004_4hao,SD0197_T004_4hao.xlsx,1010398,Full hourly file stored locally; sample files are included in this public repository.
SD0197_T005_5hao,SD0197_T005_5hao.xlsx,998332,Full hourly file stored locally; sample files are included in this public repository.
SD0197_T006_6hao,SD0197_T006_6hao.xlsx,998805,Full hourly file stored locally; sample files are included in this public repository.
SD0197_T007_7hao,SD0197_T007_7hao.xlsx,995067,Full hourly file stored locally; sample files are included in this public repository.
SD0198_T001_1hao,SD0198_T001_1hao.xlsx,985198,Full hourly file stored locally; sample files are included in this public repository.
SD0199_T001_1hao,SD0199_T001_1hao.xlsx,992602,Full hourly file stored locally; sample files are included in this public repository.
SD0200_T001_1hao,SD0200_T001_1hao.xlsx,994135,Full hourly file stored locally; sample files are included in this public repository.
SD0200_T002_2hao,SD0200_T002_2hao.xlsx,993744,Full hourly file stored locally; sample files are included in this public repository.
SD0200_T003_3hao,SD0200_T003_3hao.xlsx,983698,Full hourly file stored locally; sample files are included in this public repository.
SD0200_T004_4hao,SD0200_T004_4hao.xlsx,991027,Full hourly file stored locally; sample files are included in this public repository.
SD0200_T005_5hao,SD0200_T005_5hao.xlsx,973122,Full hourly file stored locally; sample files are included in this public repository.
SD0200_T006_6hao,SD0200_T006_6hao.xlsx,970961,Full hourly file stored locally; sample files are included in this public repository.
SD0200_T007_7hao,SD0200_T007_7hao.xlsx,997845,Full hourly file stored locally; sample files are included in this public repository.
SD0201_T001_1hao,SD0201_T001_1hao.xlsx,980283,Full hourly file stored locally; sample files are included in this public repository.
SD0202_T001_1hao,SD0202_T001_1hao.xlsx,995063,Full hourly file stored locally; sample files are included in this public repository.
SD0202_T002_2hao,SD0202_T002_2hao.xlsx,975628,Full hourly file stored locally; sample files are included in this public repository.
SD0203_T001_1hao,SD0203_T001_1hao.xlsx,989581,Full hourly file stored locally; sample files are included in this public repository.
SD0204_T001_1hao,SD0204_T001_1hao.xlsx,985937,Full hourly file stored locally; sample files are included in this public repository.
SD0204_T002_2hao,SD0204_T002_2hao.xlsx,995239,Full hourly file stored locally; sample files are included in this public repository.
SD0205_T001_1hao,SD0205_T001_1hao.xlsx,978702,Full hourly file stored locally; sample files are included in this public repository.
SD0206_T001_1hao,SD0206_T001_1hao.xlsx,989293,Full hourly file stored locally; sample files are included in this public repository.
SD0207_T001_1hao,SD0207_T001_1hao.xlsx,973559,Full hourly file stored locally; sample files are included in this public repository.
SD0208_T001_1hao,SD0208_T001_1hao.xlsx,982925,Full hourly file stored locally; sample files are included in this public repository.
SD0209_T001_1hao,SD0209_T001_1hao.xlsx,972431,Full hourly file stored locally; sample files are included in this public repository.
SD0211_T001_1hao,SD0211_T001_1hao.xlsx,997633,Full hourly file stored locally; sample files are included in this public repository.
SD0212_T001_1hao,SD0212_T001_1hao.xlsx,956932,Full hourly file stored locally; sample files are included in this public repository.
SD0213_T001_1hao,SD0213_T001_1hao.xlsx,988977,Full hourly file stored locally; sample files are included in this public repository.
SD0214_T001_1hao,SD0214_T001_1hao.xlsx,960264,Full hourly file stored locally; sample files are included in this public repository.
SD0215_T001_1hao,SD0215_T001_1hao.xlsx,975170,Full hourly file stored locally; sample files are included in this public repository.
SD0216_T001_1hao,SD0216_T001_1hao.xlsx,981584,Full hourly file stored locally; sample files are included in this public repository.
SD0216_T002_2hao,SD0216_T002_2hao.xlsx,972762,Full hourly file stored locally; sample files are included in this public repository.
SD0216_T003_3hao,SD0216_T003_3hao.xlsx,1014172,Full hourly file stored locally; sample files are included in this public repository.
SD0216_T004_4hao,SD0216_T004_4hao.xlsx,997468,Full hourly file stored locally; sample files are included in this public repository.
SD0216_T005_5hao,SD0216_T005_5hao.xlsx,1005309,Full hourly file stored locally; sample files are included in this public repository.
SD0216_T006_6hao,SD0216_T006_6hao.xlsx,996993,Full hourly file stored locally; sample files are included in this public repository.
SD0216_T007_7hao,SD0216_T007_7hao.xlsx,975030,Full hourly file stored locally; sample files are included in this public repository.
SD0216_T008_8hao,SD0216_T008_8hao.xlsx,976121,Full hourly file stored locally; sample files are included in this public repository.
SD0216_T009_9hao,SD0216_T009_9hao.xlsx,977976,Full hourly file stored locally; sample files are included in this public repository.
SD0216_T010_10hao,SD0216_T010_10hao.xlsx,1007250,Full hourly file stored locally; sample files are included in this public repository.
SD0216_T011_11hao,SD0216_T011_11hao.xlsx,987538,Full hourly file stored locally; sample files are included in this public repository.
SD0216_T012_12hao,SD0216_T012_12hao.xlsx,1000305,Full hourly file stored locally; sample files are included in this public repository.
SD0216_T013_13hao,SD0216_T013_13hao.xlsx,1000965,Full hourly file stored locally; sample files are included in this public repository.
SD0216_T014_14hao,SD0216_T014_14hao.xlsx,963839,Full hourly file stored locally; sample files are included in this public repository.
SD0216_T015_15hao,SD0216_T015_15hao.xlsx,1002658,Full hourly file stored locally; sample files are included in this public repository.
SD0216_T016_16hao,SD0216_T016_16hao.xlsx,965119,Full hourly file stored locally; sample files are included in this public repository.
SD0216_T017_17hao,SD0216_T017_17hao.xlsx,962797,Full hourly file stored locally; sample files are included in this public repository.
SD0216_T018_18hao,SD0216_T018_18hao.xlsx,964674,Full hourly file stored locally; sample files are included in this public repository.
SD0216_T019_19hao,SD0216_T019_19hao.xlsx,1016123,Full hourly file stored locally; sample files are included in this public repository.
SD0217_T001_1hao,SD0217_T001_1hao.xlsx,984205,Full hourly file stored locally; sample files are included in this public repository.
SD0217_T002_2hao,SD0217_T002_2hao.xlsx,971561,Full hourly file stored locally; sample files are included in this public repository.
SD0218_T001_1hao,SD0218_T001_1hao.xlsx,969332,Full hourly file stored locally; sample files are included in this public repository.
SD0218_T002_2hao,SD0218_T002_2hao.xlsx,971733,Full hourly file stored locally; sample files are included in this public repository.
SD0218_T003_3hao,SD0218_T003_3hao.xlsx,970650,Full hourly file stored locally; sample files are included in this public repository.
SD0219_T001_1hao,SD0219_T001_1hao.xlsx,974380,Full hourly file stored locally; sample files are included in this public repository.
SD0219_T002_2hao,SD0219_T002_2hao.xlsx,976289,Full hourly file stored locally; sample files are included in this public repository.
SD0219_T003_3hao,SD0219_T003_3hao.xlsx,977343,Full hourly file stored locally; sample files are included in this public repository.
SD0219_T004_4hao,SD0219_T004_4hao.xlsx,973437,Full hourly file stored locally; sample files are included in this public repository.
SD0219_T005_5hao,SD0219_T005_5hao.xlsx,967494,Full hourly file stored locally; sample files are included in this public repository.
SD0220_T001_1hao,SD0220_T001_1hao.xlsx,977170,Full hourly file stored locally; sample files are included in this public repository.
SD0221_T001_1hao,SD0221_T001_1hao.xlsx,997231,Full hourly file stored locally; sample files are included in this public repository.
SD0222_T001_1hao,SD0222_T001_1hao.xlsx,968897,Full hourly file stored locally; sample files are included in this public repository.
SD0222_T002_2hao,SD0222_T002_2hao.xlsx,966157,Full hourly file stored locally; sample files are included in this public repository.
SD0222_T003_3hao,SD0222_T003_3hao.xlsx,978721,Full hourly file stored locally; sample files are included in this public repository.
SD0222_T004_4hao,SD0222_T004_4hao.xlsx,974549,Full hourly file stored locally; sample files are included in this public repository.
SD0223_T001_1hao,SD0223_T001_1hao.xlsx,975147,Full hourly file stored locally; sample files are included in this public repository.
SD0223_T002_2hao,SD0223_T002_2hao.xlsx,819869,Full hourly file stored locally; sample files are included in this public repository.
SD0223_T003_3hao,SD0223_T003_3hao.xlsx,976517,Full hourly file stored locally; sample files are included in this public repository.
SD0224_T001_1hao,SD0224_T001_1hao.xlsx,980501,Full hourly file stored locally; sample files are included in this public repository.
SD0225_T001_1hao,SD0225_T001_1hao.xlsx,991254,Full hourly file stored locally; sample files are included in this public repository.
SD0225_T002_2hao,SD0225_T002_2hao.xlsx,987996,Full hourly file stored locally; sample files are included in this public repository.
SD0225_T003_3hao,SD0225_T003_3hao.xlsx,991684,Full hourly file stored locally; sample files are included in this public repository.
SD0225_T004_4hao,SD0225_T004_4hao.xlsx,972123,Full hourly file stored locally; sample files are included in this public repository.
SD0226_T001_1hao,SD0226_T001_1hao.xlsx,959243,Full hourly file stored locally; sample files are included in this public repository.
SD0226_T002_2hao,SD0226_T002_2hao.xlsx,960125,Full hourly file stored locally; sample files are included in this public repository.
SD0227_T001_1hao,SD0227_T001_1hao.xlsx,1001789,Full hourly file stored locally; sample files are included in this public repository.
SD0228_T001_1hao,SD0228_T001_1hao.xlsx,987006,Full hourly file stored locally; sample files are included in this public repository.
SD0229_T001_1hao,SD0229_T001_1hao.xlsx,1002678,Full hourly file stored locally; sample files are included in this public repository.
SD0229_T002_2hao,SD0229_T002_2hao.xlsx,997716,Full hourly file stored locally; sample files are included in this public repository.
SD0229_T003_3hao,SD0229_T003_3hao.xlsx,1015746,Full hourly file stored locally; sample files are included in this public repository.
SD0230_T001_1hao,SD0230_T001_1hao.xlsx,990341,Full hourly file stored locally; sample files are included in this public repository.
SD0231_T001_1hao,SD0231_T001_1hao.xlsx,987137,Full hourly file stored locally; sample files are included in this public repository.
SD0231_T002_2hao,SD0231_T002_2hao.xlsx,968368,Full hourly file stored locally; sample files are included in this public repository.
SD0231_T003_3hao,SD0231_T003_3hao.xlsx,968198,Full hourly file stored locally; sample files are included in this public repository.
SD0232_T001_1hao,SD0232_T001_1hao.xlsx,981650,Full hourly file stored locally; sample files are included in this public repository.
SD0233_T001_1hao,SD0233_T001_1hao.xlsx,971621,Full hourly file stored locally; sample files are included in this public repository.
SD0234_T001_1hao,SD0234_T001_1hao.xlsx,990730,Full hourly file stored locally; sample files are included in this public repository.
SD0235_T001_1hao,SD0235_T001_1hao.xlsx,995932,Full hourly file stored locally; sample files are included in this public repository.
SD0236_T001_1hao,SD0236_T001_1hao.xlsx,988932,Full hourly file stored locally; sample files are included in this public repository.
SD0237_T001_1hao,SD0237_T001_1hao.xlsx,985837,Full hourly file stored locally; sample files are included in this public repository.
SD0238_T001_1hao,SD0238_T001_1hao.xlsx,992138,Full hourly file stored locally; sample files are included in this public repository.
SD0238_T002_2hao,SD0238_T002_2hao.xlsx,974272,Full hourly file stored locally; sample files are included in this public repository.
SD0239_T001_1hao,SD0239_T001_1hao.xlsx,998804,Full hourly file stored locally; sample files are included in this public repository.
SD0239_T002_2hao,SD0239_T002_2hao.xlsx,971019,Full hourly file stored locally; sample files are included in this public repository.
SD0240_T001_1hao,SD0240_T001_1hao.xlsx,814832,Full hourly file stored locally; sample files are included in this public repository.
SD0240_T002_2hao,SD0240_T002_2hao.xlsx,979504,Full hourly file stored locally; sample files are included in this public repository.
SD0241_T001_1hao,SD0241_T001_1hao.xlsx,979376,Full hourly file stored locally; sample files are included in this public repository.
SD0241_T002_2hao,SD0241_T002_2hao.xlsx,976861,Full hourly file stored locally; sample files are included in this public repository.
SD0241_T003_3hao,SD0241_T003_3hao.xlsx,974940,Full hourly file stored locally; sample files are included in this public repository.
SD0242_T001_1hao,SD0242_T001_1hao.xlsx,987650,Full hourly file stored locally; sample files are included in this public repository.
SD0243_T001_1hao,SD0243_T001_1hao.xlsx,994349,Full hourly file stored locally; sample files are included in this public repository.
SD0244_T001_1hao,SD0244_T001_1hao.xlsx,975374,Full hourly file stored locally; sample files are included in this public repository.
SD0244_T002_2hao,SD0244_T002_2hao.xlsx,974934,Full hourly file stored locally; sample files are included in this public repository.
SD0244_T003_3hao,SD0244_T003_3hao.xlsx,974957,Full hourly file stored locally; sample files are included in this public repository.
SD0244_T004_4hao,SD0244_T004_4hao.xlsx,974722,Full hourly file stored locally; sample files are included in this public repository.
SD0244_T005_5hao,SD0244_T005_5hao.xlsx,969398,Full hourly file stored locally; sample files are included in this public repository.
SD0244_T006_6hao,SD0244_T006_6hao.xlsx,974662,Full hourly file stored locally; sample files are included in this public repository.
SD0244_T007_7hao,SD0244_T007_7hao.xlsx,966196,Full hourly file stored locally; sample files are included in this public repository.
SD0244_T008_8hao,SD0244_T008_8hao.xlsx,977061,Full hourly file stored locally; sample files are included in this public repository.
SD0244_T009_9hao,SD0244_T009_9hao.xlsx,990544,Full hourly file stored locally; sample files are included in this public repository.
SD0244_T010_10hao,SD0244_T010_10hao.xlsx,994104,Full hourly file stored locally; sample files are included in this public repository.
SD0244_T011_11hao,SD0244_T011_11hao.xlsx,988993,Full hourly file stored locally; sample files are included in this public repository.
SD0244_T012_12hao,SD0244_T012_12hao.xlsx,972925,Full hourly file stored locally; sample files are included in this public repository.
SD0244_T013_13hao,SD0244_T013_13hao.xlsx,988039,Full hourly file stored locally; sample files are included in this public repository.
SD0244_T014_14hao,SD0244_T014_14hao.xlsx,981176,Full hourly file stored locally; sample files are included in this public repository.
SD0244_T015_15hao,SD0244_T015_15hao.xlsx,988352,Full hourly file stored locally; sample files are included in this public repository.
SD0244_T016_16hao,SD0244_T016_16hao.xlsx,992535,Full hourly file stored locally; sample files are included in this public repository.
SD0245_T001_1hao,SD0245_T001_1hao.xlsx,986660,Full hourly file stored locally; sample files are included in this public repository.
SD0245_T002_2hao,SD0245_T002_2hao.xlsx,968962,Full hourly file stored locally; sample files are included in this public repository.
SD0245_T003_3hao,SD0245_T003_3hao.xlsx,970378,Full hourly file stored locally; sample files are included in this public repository.
SD0246_T001_1hao,SD0246_T001_1hao.xlsx,979986,Full hourly file stored locally; sample files are included in this public repository.
SD0247_T001_1hao,SD0247_T001_1hao.xlsx,960652,Full hourly file stored locally; sample files are included in this public repository.
SD0248_T001_1hao,SD0248_T001_1hao.xlsx,985281,Full hourly file stored locally; sample files are included in this public repository.
SD0248_T002_2hao,SD0248_T002_2hao.xlsx,982764,Full hourly file stored locally; sample files are included in this public repository.
SD0248_T003_3hao,SD0248_T003_3hao.xlsx,987107,Full hourly file stored locally; sample files are included in this public repository.
SD0248_T004_4hao,SD0248_T004_4hao.xlsx,1006114,Full hourly file stored locally; sample files are included in this public repository.
SD0248_T005_5hao,SD0248_T005_5hao.xlsx,981647,Full hourly file stored locally; sample files are included in this public repository.
SD0248_T006_6hao,SD0248_T006_6hao.xlsx,983576,Full hourly file stored locally; sample files are included in this public repository.
SD0248_T007_7hao,SD0248_T007_7hao.xlsx,986389,Full hourly file stored locally; sample files are included in this public repository.
SD0248_T008_8hao,SD0248_T008_8hao.xlsx,978238,Full hourly file stored locally; sample files are included in this public repository.
SD0248_T009_9hao,SD0248_T009_9hao.xlsx,1000119,Full hourly file stored locally; sample files are included in this public repository.
SD0248_T010_10hao,SD0248_T010_10hao.xlsx,985238,Full hourly file stored locally; sample files are included in this public repository.
SD0248_T011_11hao,SD0248_T011_11hao.xlsx,985708,Full hourly file stored locally; sample files are included in this public repository.
SD0248_T012_12hao,SD0248_T012_12hao.xlsx,981968,Full hourly file stored locally; sample files are included in this public repository.
SD0248_T013_13hao,SD0248_T013_13hao.xlsx,982492,Full hourly file stored locally; sample files are included in this public repository.
SD0248_T014_14hao,SD0248_T014_14hao.xlsx,1000058,Full hourly file stored locally; sample files are included in this public repository.
SD0248_T015_15hao,SD0248_T015_15hao.xlsx,999844,Full hourly file stored locally; sample files are included in this public repository.
SD0248_T016_16hao,SD0248_T016_16hao.xlsx,985386,Full hourly file stored locally; sample files are included in this public repository.
SD0248_T017_17hao,SD0248_T017_17hao.xlsx,994638,Full hourly file stored locally; sample files are included in this public repository.
SD0248_T018_18hao,SD0248_T018_18hao.xlsx,986740,Full hourly file stored locally; sample files are included in this public repository.
SD0248_T019_19hao,SD0248_T019_19hao.xlsx,995355,Full hourly file stored locally; sample files are included in this public repository.
SD0248_T020_20hao,SD0248_T020_20hao.xlsx,991843,Full hourly file stored locally; sample files are included in this public repository.
SD0248_T021_21hao,SD0248_T021_21hao.xlsx,1001253,Full hourly file stored locally; sample files are included in this public repository.
SD0248_T022_22hao,SD0248_T022_22hao.xlsx,995314,Full hourly file stored locally; sample files are included in this public repository.
SD0248_T023_23hao,SD0248_T023_23hao.xlsx,985721,Full hourly file stored locally; sample files are included in this public repository.
SD0249_T001_1hao,SD0249_T001_1hao.xlsx,978959,Full hourly file stored locally; sample files are included in this public repository.
SD0249_T002_2hao,SD0249_T002_2hao.xlsx,989917,Full hourly file stored locally; sample files are included in this public repository.
SD0250_T001_1hao,SD0250_T001_1hao.xlsx,994099,Full hourly file stored locally; sample files are included in this public repository.
SD0251_T001_1hao,SD0251_T001_1hao.xlsx,994402,Full hourly file stored locally; sample files are included in this public repository.
SD0252_T001_1hao,SD0252_T001_1hao.xlsx,987379,Full hourly file stored locally; sample files are included in this public repository.
SD0253_T001_1hao,SD0253_T001_1hao.xlsx,968817,Full hourly file stored locally; sample files are included in this public repository.
SD0254_T001_1hao,SD0254_T001_1hao.xlsx,996749,Full hourly file stored locally; sample files are included in this public repository.
SD0255_T001_1hao,SD0255_T001_1hao.xlsx,980281,Full hourly file stored locally; sample files are included in this public repository.
SD0256_T001_1hao,SD0256_T001_1hao.xlsx,980298,Full hourly file stored locally; sample files are included in this public repository.
SD0256_T002_2hao,SD0256_T002_2hao.xlsx,974213,Full hourly file stored locally; sample files are included in this public repository.
SD0257_T001_1hao,SD0257_T001_1hao.xlsx,995908,Full hourly file stored locally; sample files are included in this public repository.
SD0258_T001_1hao,SD0258_T001_1hao.xlsx,998213,Full hourly file stored locally; sample files are included in this public repository.
SD0259_T001_1hao,SD0259_T001_1hao.xlsx,995086,Full hourly file stored locally; sample files are included in this public repository.
SD0259_T002_2hao,SD0259_T002_2hao.xlsx,981662,Full hourly file stored locally; sample files are included in this public repository.
SD0260_T001_1hao,SD0260_T001_1hao.xlsx,999035,Full hourly file stored locally; sample files are included in this public repository.
SD0261_T001_1hao,SD0261_T001_1hao.xlsx,976266,Full hourly file stored locally; sample files are included in this public repository.
SD0262_T001_1hao,SD0262_T001_1hao.xlsx,984122,Full hourly file stored locally; sample files are included in this public repository.
SD0263_T001_1hao,SD0263_T001_1hao.xlsx,990665,Full hourly file stored locally; sample files are included in this public repository.
SD0263_T002_2hao,SD0263_T002_2hao.xlsx,986393,Full hourly file stored locally; sample files are included in this public repository.
SD0263_T003_3hao,SD0263_T003_3hao.xlsx,980621,Full hourly file stored locally; sample files are included in this public repository.
SD0264_T001_1hao,SD0264_T001_1hao.xlsx,977663,Full hourly file stored locally; sample files are included in this public repository.
SD0265_T001_1hao,SD0265_T001_1hao.xlsx,964569,Full hourly file stored locally; sample files are included in this public repository.
SD0265_T002_2hao,SD0265_T002_2hao.xlsx,965695,Full hourly file stored locally; sample files are included in this public repository.
SD0265_T003_3hao,SD0265_T003_3hao.xlsx,976644,Full hourly file stored locally; sample files are included in this public repository.
SD0266_T001_1hao,SD0266_T001_1hao.xlsx,992780,Full hourly file stored locally; sample files are included in this public repository.
SD0267_T001_1hao,SD0267_T001_1hao.xlsx,996351,Full hourly file stored locally; sample files are included in this public repository.
SD0268_T001_1hao,SD0268_T001_1hao.xlsx,986948,Full hourly file stored locally; sample files are included in this public repository.
SD0268_T002_2hao,SD0268_T002_2hao.xlsx,981474,Full hourly file stored locally; sample files are included in this public repository.
SD0268_T003_3hao,SD0268_T003_3hao.xlsx,971309,Full hourly file stored locally; sample files are included in this public repository.
SD0268_T004_4hao,SD0268_T004_4hao.xlsx,970960,Full hourly file stored locally; sample files are included in this public repository.
SD0268_T005_5hao,SD0268_T005_5hao.xlsx,971379,Full hourly file stored locally; sample files are included in this public repository.
SD0268_T006_6hao,SD0268_T006_6hao.xlsx,968138,Full hourly file stored locally; sample files are included in this public repository.
SD0268_T007_7hao,SD0268_T007_7hao.xlsx,969086,Full hourly file stored locally; sample files are included in this public repository.
SD0269_T001_1hao,SD0269_T001_1hao.xlsx,975582,Full hourly file stored locally; sample files are included in this public repository.
SD0269_T002_2hao,SD0269_T002_2hao.xlsx,998086,Full hourly file stored locally; sample files are included in this public repository.
SD0270_T001_1hao,SD0270_T001_1hao.xlsx,968601,Full hourly file stored locally; sample files are included in this public repository.
SD0271_T001_1hao,SD0271_T001_1hao.xlsx,964827,Full hourly file stored locally; sample files are included in this public repository.
SD0271_T002_2hao,SD0271_T002_2hao.xlsx,980889,Full hourly file stored locally; sample files are included in this public repository.
SD0271_T003_3hao,SD0271_T003_3hao.xlsx,972365,Full hourly file stored locally; sample files are included in this public repository.
SD0272_T001_1hao,SD0272_T001_1hao.xlsx,974606,Full hourly file stored locally; sample files are included in this public repository.
SD0273_T001_1hao,SD0273_T001_1hao.xlsx,982533,Full hourly file stored locally; sample files are included in this public repository.
SD0274_T001_1hao,SD0274_T001_1hao.xlsx,991588,Full hourly file stored locally; sample files are included in this public repository.
SD0274_T002_2hao,SD0274_T002_2hao.xlsx,986615,Full hourly file stored locally; sample files are included in this public repository.
SD0274_T003_3hao,SD0274_T003_3hao.xlsx,971039,Full hourly file stored locally; sample files are included in this public repository.
SD0275_T001_1hao,SD0275_T001_1hao.xlsx,982842,Full hourly file stored locally; sample files are included in this public repository.
SD0276_T001_1hao,SD0276_T001_1hao.xlsx,976765,Full hourly file stored locally; sample files are included in this public repository.
SD0276_T002_2hao,SD0276_T002_2hao.xlsx,970704,Full hourly file stored locally; sample files are included in this public repository.
SD0276_T003_3hao,SD0276_T003_3hao.xlsx,965579,Full hourly file stored locally; sample files are included in this public repository.
SD0277_T001_1hao,SD0277_T001_1hao.xlsx,989757,Full hourly file stored locally; sample files are included in this public repository.
SD0278_T001_1hao,SD0278_T001_1hao.xlsx,998979,Full hourly file stored locally; sample files are included in this public repository.
SD0278_T002_2hao,SD0278_T002_2hao.xlsx,1002277,Full hourly file stored locally; sample files are included in this public repository.
SD0279_T001_1hao,SD0279_T001_1hao.xlsx,972383,Full hourly file stored locally; sample files are included in this public repository.
SD0279_T002_2hao,SD0279_T002_2hao.xlsx,976405,Full hourly file stored locally; sample files are included in this public repository.
SD0280_T001_1hao,SD0280_T001_1hao.xlsx,998281,Full hourly file stored locally; sample files are included in this public repository.
SD0281_T001_1hao,SD0281_T001_1hao.xlsx,997872,Full hourly file stored locally; sample files are included in this public repository.
SD0282_T001_1hao,SD0282_T001_1hao.xlsx,993014,Full hourly file stored locally; sample files are included in this public repository.
SD0282_T002_2hao,SD0282_T002_2hao.xlsx,987615,Full hourly file stored locally; sample files are included in this public repository.
SD0283_T001_1hao,SD0283_T001_1hao.xlsx,968675,Full hourly file stored locally; sample files are included in this public repository.
SD0284_T001_1hao,SD0284_T001_1hao.xlsx,967957,Full hourly file stored locally; sample files are included in this public repository.
SD0285_T001_1hao,SD0285_T001_1hao.xlsx,986227,Full hourly file stored locally; sample files are included in this public repository.
SD0286_T001_1hao,SD0286_T001_1hao.xlsx,992550,Full hourly file stored locally; sample files are included in this public repository.
SD0287_T001_1hao,SD0287_T001_1hao.xlsx,988332,Full hourly file stored locally; sample files are included in this public repository.
SD0288_T001_1hao,SD0288_T001_1hao.xlsx,969836,Full hourly file stored locally; sample files are included in this public repository.
SD0288_T002_2hao,SD0288_T002_2hao.xlsx,971068,Full hourly file stored locally; sample files are included in this public repository.
SD0289_T001_1hao,SD0289_T001_1hao.xlsx,969590,Full hourly file stored locally; sample files are included in this public repository.
SD0289_T002_2hao,SD0289_T002_2hao.xlsx,974452,Full hourly file stored locally; sample files are included in this public repository.
SD0290_T001_1hao,SD0290_T001_1hao.xlsx,982055,Full hourly file stored locally; sample files are included in this public repository.
SD0291_T001_1hao,SD0291_T001_1hao.xlsx,993513,Full hourly file stored locally; sample files are included in this public repository.
SD0291_T002_2hao,SD0291_T002_2hao.xlsx,970847,Full hourly file stored locally; sample files are included in this public repository.
SD0292_T001_1hao,SD0292_T001_1hao.xlsx,978666,Full hourly file stored locally; sample files are included in this public repository.
SD0293_T001_1hao,SD0293_T001_1hao.xlsx,975603,Full hourly file stored locally; sample files are included in this public repository.
SD0293_T002_2hao,SD0293_T002_2hao.xlsx,980222,Full hourly file stored locally; sample files are included in this public repository.
SD0293_T003_3hao,SD0293_T003_3hao.xlsx,980365,Full hourly file stored locally; sample files are included in this public repository.
SD0293_T004_4hao,SD0293_T004_4hao.xlsx,990016,Full hourly file stored locally; sample files are included in this public repository.
SD0293_T005_5hao,SD0293_T005_5hao.xlsx,975930,Full hourly file stored locally; sample files are included in this public repository.
SD0294_T001_1hao,SD0294_T001_1hao.xlsx,997522,Full hourly file stored locally; sample files are included in this public repository.
SD0295_T001_1hao,SD0295_T001_1hao.xlsx,992749,Full hourly file stored locally; sample files are included in this public repository.
SD0295_T002_2hao,SD0295_T002_2hao.xlsx,971522,Full hourly file stored locally; sample files are included in this public repository.
SD0295_T003_3hao,SD0295_T003_3hao.xlsx,989033,Full hourly file stored locally; sample files are included in this public repository.
SD0296_T001_1hao,SD0296_T001_1hao.xlsx,1000585,Full hourly file stored locally; sample files are included in this public repository.
SD0296_T002_2hao,SD0296_T002_2hao.xlsx,968752,Full hourly file stored locally; sample files are included in this public repository.
SD0296_T003_3hao,SD0296_T003_3hao.xlsx,966923,Full hourly file stored locally; sample files are included in this public repository.
SD0296_T004_4hao,SD0296_T004_4hao.xlsx,970399,Full hourly file stored locally; sample files are included in this public repository.
SD0296_T005_5hao,SD0296_T005_5hao.xlsx,967370,Full hourly file stored locally; sample files are included in this public repository.
SD0297_T001_1hao,SD0297_T001_1hao.xlsx,974974,Full hourly file stored locally; sample files are included in this public repository.
SD0298_T001_1hao,SD0298_T001_1hao.xlsx,981481,Full hourly file stored locally; sample files are included in this public repository.
SD0298_T002_2hao,SD0298_T002_2hao.xlsx,976597,Full hourly file stored locally; sample files are included in this public repository.
SD0299_T001_1hao,SD0299_T001_1hao.xlsx,996450,Full hourly file stored locally; sample files are included in this public repository.
SD0300_T001_1hao,SD0300_T001_1hao.xlsx,992537,Full hourly file stored locally; sample files are included in this public repository.
SD0300_T002_2hao,SD0300_T002_2hao.xlsx,982234,Full hourly file stored locally; sample files are included in this public repository.
SD0300_T003_3hao,SD0300_T003_3hao.xlsx,968329,Full hourly file stored locally; sample files are included in this public repository.
SD0301_T001_1hao,SD0301_T001_1hao.xlsx,973796,Full hourly file stored locally; sample files are included in this public repository.
SD0301_T002_2hao,SD0301_T002_2hao.xlsx,978501,Full hourly file stored locally; sample files are included in this public repository.
SD0301_T003_3hao,SD0301_T003_3hao.xlsx,821838,Full hourly file stored locally; sample files are included in this public repository.
SD0302_T001_1hao,SD0302_T001_1hao.xlsx,977708,Full hourly file stored locally; sample files are included in this public repository.
SD0303_T001_1hao,SD0303_T001_1hao.xlsx,996973,Full hourly file stored locally; sample files are included in this public repository.
SD0304_T001_1hao,SD0304_T001_1hao.xlsx,993282,Full hourly file stored locally; sample files are included in this public repository.
SD0304_T002_2hao,SD0304_T002_2hao.xlsx,971791,Full hourly file stored locally; sample files are included in this public repository.
SD0304_T003_3hao,SD0304_T003_3hao.xlsx,976412,Full hourly file stored locally; sample files are included in this public repository.
SD0304_T004_4hao,SD0304_T004_4hao.xlsx,977440,Full hourly file stored locally; sample files are included in this public repository.
SD0304_T005_5hao,SD0304_T005_5hao.xlsx,963245,Full hourly file stored locally; sample files are included in this public repository.
SD0304_T006_6hao,SD0304_T006_6hao.xlsx,962613,Full hourly file stored locally; sample files are included in this public repository.
SD0304_T007_7hao,SD0304_T007_7hao.xlsx,965411,Full hourly file stored locally; sample files are included in this public repository.
SD0304_T008_8hao,SD0304_T008_8hao.xlsx,990645,Full hourly file stored locally; sample files are included in this public repository.
SD0304_T009_9hao,SD0304_T009_9hao.xlsx,981017,Full hourly file stored locally; sample files are included in this public repository.
SD0304_T010_10hao,SD0304_T010_10hao.xlsx,981709,Full hourly file stored locally; sample files are included in this public repository.
SD0305_T001_1hao,SD0305_T001_1hao.xlsx,981793,Full hourly file stored locally; sample files are included in this public repository.
SD0305_T002_2hao,SD0305_T002_2hao.xlsx,991742,Full hourly file stored locally; sample files are included in this public repository.
SD0305_T003_3hao,SD0305_T003_3hao.xlsx,964909,Full hourly file stored locally; sample files are included in this public repository.
SD0305_T004_4hao,SD0305_T004_4hao.xlsx,976978,Full hourly file stored locally; sample files are included in this public repository.
SD0306_T001_1hao,SD0306_T001_1hao.xlsx,978862,Full hourly file stored locally; sample files are included in this public repository.
SD0307_T001_1hao,SD0307_T001_1hao.xlsx,984783,Full hourly file stored locally; sample files are included in this public repository.
SD0308_T001_1hao,SD0308_T001_1hao.xlsx,966734,Full hourly file stored locally; sample files are included in this public repository.
SD0309_T001_1hao,SD0309_T001_1hao.xlsx,974225,Full hourly file stored locally; sample files are included in this public repository.
SD0310_T001_1hao,SD0310_T001_1hao.xlsx,982409,Full hourly file stored locally; sample files are included in this public repository.
SD0311_T001_1hao,SD0311_T001_1hao.xlsx,985572,Full hourly file stored locally; sample files are included in this public repository.
SD0312_T001_1hao,SD0312_T001_1hao.xlsx,971802,Full hourly file stored locally; sample files are included in this public repository.
SD0313_T001_1hao,SD0313_T001_1hao.xlsx,996752,Full hourly file stored locally; sample files are included in this public repository.
SD0314_T001_1hao,SD0314_T001_1hao.xlsx,983173,Full hourly file stored locally; sample files are included in this public repository.
SD0315_T001_1hao,SD0315_T001_1hao.xlsx,985014,Full hourly file stored locally; sample files are included in this public repository.
SD0316_T001_1hao,SD0316_T001_1hao.xlsx,992447,Full hourly file stored locally; sample files are included in this public repository.
SD0317_T001_1hao,SD0317_T001_1hao.xlsx,971476,Full hourly file stored locally; sample files are included in this public repository.
SD0317_T002_2hao,SD0317_T002_2hao.xlsx,968775,Full hourly file stored locally; sample files are included in this public repository.
SD0317_T003_3hao,SD0317_T003_3hao.xlsx,969551,Full hourly file stored locally; sample files are included in this public repository.
SD0317_T004_4hao,SD0317_T004_4hao.xlsx,969772,Full hourly file stored locally; sample files are included in this public repository.
SD0317_T005_5hao,SD0317_T005_5hao.xlsx,970117,Full hourly file stored locally; sample files are included in this public repository.
SD0317_T006_6hao,SD0317_T006_6hao.xlsx,974697,Full hourly file stored locally; sample files are included in this public repository.
SD0317_T007_7hao,SD0317_T007_7hao.xlsx,986084,Full hourly file stored locally; sample files are included in this public repository.
SD0317_T008_8hao,SD0317_T008_8hao.xlsx,989678,Full hourly file stored locally; sample files are included in this public repository.
SD0319_T001_1hao,SD0319_T001_1hao.xlsx,994421,Full hourly file stored locally; sample files are included in this public repository.
SD0319_T002_2hao,SD0319_T002_2hao.xlsx,984989,Full hourly file stored locally; sample files are included in this public repository.
SD0319_T003_3hao,SD0319_T003_3hao.xlsx,820450,Full hourly file stored locally; sample files are included in this public repository.
SD0319_T004_4hao,SD0319_T004_4hao.xlsx,986522,Full hourly file stored locally; sample files are included in this public repository.
SD0320_T001_1hao,SD0320_T001_1hao.xlsx,828978,Full hourly file stored locally; sample files are included in this public repository.
SD0320_T002_2hao,SD0320_T002_2hao.xlsx,991886,Full hourly file stored locally; sample files are included in this public repository.
SD0321_T001_1hao,SD0321_T001_1hao.xlsx,986308,Full hourly file stored locally; sample files are included in this public repository.
SD0321_T002_2hao,SD0321_T002_2hao.xlsx,988660,Full hourly file stored locally; sample files are included in this public repository.
SD0321_T003_3hao,SD0321_T003_3hao.xlsx,1005257,Full hourly file stored locally; sample files are included in this public repository.
SD0321_T004_4hao,SD0321_T004_4hao.xlsx,995060,Full hourly file stored locally; sample files are included in this public repository.
SD0322_T001_1hao,SD0322_T001_1hao.xlsx,1014318,Full hourly file stored locally; sample files are included in this public repository.
SD0323_T001_1hao,SD0323_T001_1hao.xlsx,831476,Full hourly file stored locally; sample files are included in this public repository.
SD0323_T002_2hao,SD0323_T002_2hao.xlsx,988583,Full hourly file stored locally; sample files are included in this public repository.
SD0323_T003_3hao,SD0323_T003_3hao.xlsx,994450,Full hourly file stored locally; sample files are included in this public repository.
SD0324_T001_1hao,SD0324_T001_1hao.xlsx,1010945,Full hourly file stored locally; sample files are included in this public repository.
SD0325_T001_1hao,SD0325_T001_1hao.xlsx,990379,Full hourly file stored locally; sample files are included in this public repository.
SD0325_T002_2hao,SD0325_T002_2hao.xlsx,836303,Full hourly file stored locally; sample files are included in this public repository.
SD0326_T001_1hao,SD0326_T001_1hao.xlsx,829877,Full hourly file stored locally; sample files are included in this public repository.
SD0326_T002_2hao,SD0326_T002_2hao.xlsx,994781,Full hourly file stored locally; sample files are included in this public repository.
SD0327_T001_1hao,SD0327_T001_1hao.xlsx,993387,Full hourly file stored locally; sample files are included in this public repository.
SD0327_T002_2hao,SD0327_T002_2hao.xlsx,1001454,Full hourly file stored locally; sample files are included in this public repository.
SD0327_T003_3hao,SD0327_T003_3hao.xlsx,993859,Full hourly file stored locally; sample files are included in this public repository.
SD0327_T004_4hao,SD0327_T004_4hao.xlsx,991064,Full hourly file stored locally; sample files are included in this public repository.
SD0327_T005_5hao,SD0327_T005_5hao.xlsx,977581,Full hourly file stored locally; sample files are included in this public repository.
SD0327_T006_6hao,SD0327_T006_6hao.xlsx,1001660,Full hourly file stored locally; sample files are included in this public repository.
SD0327_T007_7hao,SD0327_T007_7hao.xlsx,977348,Full hourly file stored locally; sample files are included in this public repository.
SD0327_T008_8hao,SD0327_T008_8hao.xlsx,1000788,Full hourly file stored locally; sample files are included in this public repository.
SD0327_T009_9hao,SD0327_T009_9hao.xlsx,999563,Full hourly file stored locally; sample files are included in this public repository.
SD0327_T010_10hao,SD0327_T010_10hao.xlsx,999032,Full hourly file stored locally; sample files are included in this public repository.
SD0328_T001_1hao,SD0328_T001_1hao.xlsx,1022905,Full hourly file stored locally; sample files are included in this public repository.
SD0329_T001_1hao,SD0329_T001_1hao.xlsx,1003929,Full hourly file stored locally; sample files are included in this public repository.
SD0330_T001_1hao,SD0330_T001_1hao.xlsx,1000450,Full hourly file stored locally; sample files are included in this public repository.
SD0331_T001_1hao,SD0331_T001_1hao.xlsx,999777,Full hourly file stored locally; sample files are included in this public repository.
SD0331_T002_2hao,SD0331_T002_2hao.xlsx,1000039,Full hourly file stored locally; sample files are included in this public repository.
SD0331_T003_3hao,SD0331_T003_3hao.xlsx,989878,Full hourly file stored locally; sample files are included in this public repository.
SD0331_T004_4hao,SD0331_T004_4hao.xlsx,987423,Full hourly file stored locally; sample files are included in this public repository.
SD0332_T001_1hao,SD0332_T001_1hao.xlsx,1004966,Full hourly file stored locally; sample files are included in this public repository.
SD0333_T001_1hao,SD0333_T001_1hao.xlsx,1005699,Full hourly file stored locally; sample files are included in this public repository.
SD0333_T002_2hao,SD0333_T002_2hao.xlsx,1012448,Full hourly file stored locally; sample files are included in this public repository.
SD0333_T003_3hao,SD0333_T003_3hao.xlsx,987586,Full hourly file stored locally; sample files are included in this public repository.
SD0334_T001_1hao,SD0334_T001_1hao.xlsx,981366,Full hourly file stored locally; sample files are included in this public repository.
SD0334_T002_2hao,SD0334_T002_2hao.xlsx,989163,Full hourly file stored locally; sample files are included in this public repository.
SD0334_T003_3hao,SD0334_T003_3hao.xlsx,989047,Full hourly file stored locally; sample files are included in this public repository.
SD0334_T004_4hao,SD0334_T004_4hao.xlsx,990460,Full hourly file stored locally; sample files are included in this public repository.
SD0334_T005_5hao,SD0334_T005_5hao.xlsx,983005,Full hourly file stored locally; sample files are included in this public repository.
SD0334_T006_6hao,SD0334_T006_6hao.xlsx,989936,Full hourly file stored locally; sample files are included in this public repository.
SD0334_T007_7hao,SD0334_T007_7hao.xlsx,1003778,Full hourly file stored locally; sample files are included in this public repository.
SD0334_T008_8hao,SD0334_T008_8hao.xlsx,1000087,Full hourly file stored locally; sample files are included in this public repository.
SD0334_T009_9hao,SD0334_T009_9hao.xlsx,997502,Full hourly file stored locally; sample files are included in this public repository.
SD0334_T010_10hao,SD0334_T010_10hao.xlsx,1006268,Full hourly file stored locally; sample files are included in this public repository.
SD0334_T011_11hao,SD0334_T011_11hao.xlsx,994093,Full hourly file stored locally; sample files are included in this public repository.
SD0334_T012_12hao,SD0334_T012_12hao.xlsx,989049,Full hourly file stored locally; sample files are included in this public repository.
SD0334_T013_13hao,SD0334_T013_13hao.xlsx,994704,Full hourly file stored locally; sample files are included in this public repository.
SD0334_T014_14hao,SD0334_T014_14hao.xlsx,989503,Full hourly file stored locally; sample files are included in this public repository.
SD0334_T015_15hao,SD0334_T015_15hao.xlsx,993663,Full hourly file stored locally; sample files are included in this public repository.
SD0334_T016_16hao,SD0334_T016_16hao.xlsx,993767,Full hourly file stored locally; sample files are included in this public repository.
SD0334_T017_17hao,SD0334_T017_17hao.xlsx,992492,Full hourly file stored locally; sample files are included in this public repository.
SD0335_T001_1hao,SD0335_T001_1hao.xlsx,1018697,Full hourly file stored locally; sample files are included in this public repository.
SD0335_T002_2hao,SD0335_T002_2hao.xlsx,1018271,Full hourly file stored locally; sample files are included in this public repository.
SD0335_T003_3hao,SD0335_T003_3hao.xlsx,1010778,Full hourly file stored locally; sample files are included in this public repository.
SD0335_T004_4hao,SD0335_T004_4hao.xlsx,1010185,Full hourly file stored locally; sample files are included in this public repository.
SD0336_T001_1hao,SD0336_T001_1hao.xlsx,1003080,Full hourly file stored locally; sample files are included in this public repository.
SD0337_T001_1hao,SD0337_T001_1hao.xlsx,831869,Full hourly file stored locally; sample files are included in this public repository.
SD0337_T002_2hao,SD0337_T002_2hao.xlsx,1015267,Full hourly file stored locally; sample files are included in this public repository.
SD0337_T003_3hao,SD0337_T003_3hao.xlsx,1002410,Full hourly file stored locally; sample files are included in this public repository.
SD0338_T001_1hao,SD0338_T001_1hao.xlsx,1008577,Full hourly file stored locally; sample files are included in this public repository.
SD0338_T002_2hao,SD0338_T002_2hao.xlsx,996187,Full hourly file stored locally; sample files are included in this public repository.
SD0338_T003_3hao,SD0338_T003_3hao.xlsx,1006126,Full hourly file stored locally; sample files are included in this public repository.
SD0338_T004_4hao,SD0338_T004_4hao.xlsx,999367,Full hourly file stored locally; sample files are included in this public repository.
SD0338_T005_5hao,SD0338_T005_5hao.xlsx,997659,Full hourly file stored locally; sample files are included in this public repository.
SD0338_T006_6hao,SD0338_T006_6hao.xlsx,995192,Full hourly file stored locally; sample files are included in this public repository.
SD0338_T007_7hao,SD0338_T007_7hao.xlsx,1002085,Full hourly file stored locally; sample files are included in this public repository.
SD0338_T008_8hao,SD0338_T008_8hao.xlsx,988504,Full hourly file stored locally; sample files are included in this public repository.
SD0338_T009_9hao,SD0338_T009_9hao.xlsx,983793,Full hourly file stored locally; sample files are included in this public repository.
SD0338_T010_10hao,SD0338_T010_10hao.xlsx,990403,Full hourly file stored locally; sample files are included in this public repository.
SD0338_T011_11hao,SD0338_T011_11hao.xlsx,997365,Full hourly file stored locally; sample files are included in this public repository.
SD0338_T012_12hao,SD0338_T012_12hao.xlsx,992717,Full hourly file stored locally; sample files are included in this public repository.
SD0338_T013_13hao,SD0338_T013_13hao.xlsx,999958,Full hourly file stored locally; sample files are included in this public repository.
SD0338_T014_14hao,SD0338_T014_14hao.xlsx,838909,Full hourly file stored locally; sample files are included in this public repository.
SD0338_T015_15hao,SD0338_T015_15hao.xlsx,982503,Full hourly file stored locally; sample files are included in this public repository.
SD0338_T016_16hao,SD0338_T016_16hao.xlsx,819625,Full hourly file stored locally; sample files are included in this public repository.
SD0338_T017_17hao,SD0338_T017_17hao.xlsx,995799,Full hourly file stored locally; sample files are included in this public repository.
SD0339_T001_1hao,SD0339_T001_1hao.xlsx,1017137,Full hourly file stored locally; sample files are included in this public repository.
SD0340_T001_1hao,SD0340_T001_1hao.xlsx,1007303,Full hourly file stored locally; sample files are included in this public repository.
SD0340_T002_2hao,SD0340_T002_2hao.xlsx,990332,Full hourly file stored locally; sample files are included in this public repository.
SD0340_T003_3hao,SD0340_T003_3hao.xlsx,1002394,Full hourly file stored locally; sample files are included in this public repository.
SD0340_T004_4hao,SD0340_T004_4hao.xlsx,983114,Full hourly file stored locally; sample files are included in this public repository.
SD0340_T005_5hao,SD0340_T005_5hao.xlsx,993204,Full hourly file stored locally; sample files are included in this public repository.
SD0340_T006_6hao,SD0340_T006_6hao.xlsx,823221,Full hourly file stored locally; sample files are included in this public repository.
SD0340_T007_7hao,SD0340_T007_7hao.xlsx,1005644,Full hourly file stored locally; sample files are included in this public repository.
SD0340_T008_8hao,SD0340_T008_8hao.xlsx,832482,Full hourly file stored locally; sample files are included in this public repository.
SD0341_T001_1hao,SD0341_T001_1hao.xlsx,1015427,Full hourly file stored locally; sample files are included in this public repository.
SD0342_T001_1hao,SD0342_T001_1hao.xlsx,1022097,Full hourly file stored locally; sample files are included in this public repository.
SD0343_T001_1hao,SD0343_T001_1hao.xlsx,983741,Full hourly file stored locally; sample files are included in this public repository.
SD0343_T002_2hao,SD0343_T002_2hao.xlsx,1002780,Full hourly file stored locally; sample files are included in this public repository.
SD0343_T003_3hao,SD0343_T003_3hao.xlsx,992583,Full hourly file stored locally; sample files are included in this public repository.
SD0343_T004_4hao,SD0343_T004_4hao.xlsx,1007680,Full hourly file stored locally; sample files are included in this public repository.
SD0344_T001_1hao,SD0344_T001_1hao.xlsx,1005454,Full hourly file stored locally; sample files are included in this public repository.
SD0345_T001_1hao,SD0345_T001_1hao.xlsx,1014822,Full hourly file stored locally; sample files are included in this public repository.
SD0345_T002_2hao,SD0345_T002_2hao.xlsx,1002686,Full hourly file stored locally; sample files are included in this public repository.
SD0345_T003_3hao,SD0345_T003_3hao.xlsx,999477,Full hourly file stored locally; sample files are included in this public repository.
SD0345_T004_4hao,SD0345_T004_4hao.xlsx,998551,Full hourly file stored locally; sample files are included in this public repository.
SD0346_T001_1hao,SD0346_T001_1hao.xlsx,983911,Full hourly file stored locally; sample files are included in this public repository.
SD0346_T002_2hao,SD0346_T002_2hao.xlsx,980927,Full hourly file stored locally; sample files are included in this public repository.
SD0347_T001_1hao,SD0347_T001_1hao.xlsx,969844,Full hourly file stored locally; sample files are included in this public repository.
SD0348_T001_1hao,SD0348_T001_1hao.xlsx,975473,Full hourly file stored locally; sample files are included in this public repository.
SD0349_T001_1hao,SD0349_T001_1hao.xlsx,998544,Full hourly file stored locally; sample files are included in this public repository.
SD0350_T001_1hao,SD0350_T001_1hao.xlsx,984615,Full hourly file stored locally; sample files are included in this public repository.
SD0350_T002_2hao,SD0350_T002_2hao.xlsx,986649,Full hourly file stored locally; sample files are included in this public repository.
SD0351_T001_1hao,SD0351_T001_1hao.xlsx,992954,Full hourly file stored locally; sample files are included in this public repository.
SD0351_T002_2hao,SD0351_T002_2hao.xlsx,991309,Full hourly file stored locally; sample files are included in this public repository.
SD0351_T003_3hao,SD0351_T003_3hao.xlsx,980319,Full hourly file stored locally; sample files are included in this public repository.
SD0351_T004_4hao,SD0351_T004_4hao.xlsx,986788,Full hourly file stored locally; sample files are included in this public repository.
SD0351_T005_5hao,SD0351_T005_5hao.xlsx,978118,Full hourly file stored locally; sample files are included in this public repository.
SD0352_T001_1hao,SD0352_T001_1hao.xlsx,985108,Full hourly file stored locally; sample files are included in this public repository.
SD0352_T002_2hao,SD0352_T002_2hao.xlsx,975659,Full hourly file stored locally; sample files are included in this public repository.
SD0352_T003_3hao,SD0352_T003_3hao.xlsx,981900,Full hourly file stored locally; sample files are included in this public repository.
SD0352_T004_4hao,SD0352_T004_4hao.xlsx,985166,Full hourly file stored locally; sample files are included in this public repository.
SD0352_T005_5hao,SD0352_T005_5hao.xlsx,967666,Full hourly file stored locally; sample files are included in this public repository.
SD0352_T006_6hao,SD0352_T006_6hao.xlsx,968209,Full hourly file stored locally; sample files are included in this public repository.
SD0353_T001_1hao,SD0353_T001_1hao.xlsx,1022549,Full hourly file stored locally; sample files are included in this public repository.
SD0354_T001_1hao,SD0354_T001_1hao.xlsx,989652,Full hourly file stored locally; sample files are included in this public repository.
SD0354_T002_2hao,SD0354_T002_2hao.xlsx,987608,Full hourly file stored locally; sample files are included in this public repository.
SD0355_T001_1hao,SD0355_T001_1hao.xlsx,991825,Full hourly file stored locally; sample files are included in this public repository.
SD0356_T001_1hao,SD0356_T001_1hao.xlsx,999942,Full hourly file stored locally; sample files are included in this public repository.
SD0357_T001_1hao,SD0357_T001_1hao.xlsx,1000699,Full hourly file stored locally; sample files are included in this public repository.
SD0358_T001_1hao,SD0358_T001_1hao.xlsx,967041,Full hourly file stored locally; sample files are included in this public repository.
SD0359_T001_1hao,SD0359_T001_1hao.xlsx,1014855,Full hourly file stored locally; sample files are included in this public repository.
SD0360_T001_1hao,SD0360_T001_1hao.xlsx,997837,Full hourly file stored locally; sample files are included in this public repository.
SD0361_T001_1hao,SD0361_T001_1hao.xlsx,975354,Full hourly file stored locally; sample files are included in this public repository.
SD0362_T001_1hao,SD0362_T001_1hao.xlsx,992350,Full hourly file stored locally; sample files are included in this public repository.
SD0363_T001_1hao,SD0363_T001_1hao.xlsx,1001754,Full hourly file stored locally; sample files are included in this public repository.
SD0364_T001_1hao,SD0364_T001_1hao.xlsx,976543,Full hourly file stored locally; sample files are included in this public repository.
SD0365_T001_1hao,SD0365_T001_1hao.xlsx,999198,Full hourly file stored locally; sample files are included in this public repository.
SD0365_T002_2hao,SD0365_T002_2hao.xlsx,990020,Full hourly file stored locally; sample files are included in this public repository.
SD0365_T003_3hao,SD0365_T003_3hao.xlsx,1000347,Full hourly file stored locally; sample files are included in this public repository.
SD0365_T004_4hao,SD0365_T004_4hao.xlsx,991771,Full hourly file stored locally; sample files are included in this public repository.
SD0365_T005_5hao,SD0365_T005_5hao.xlsx,1000155,Full hourly file stored locally; sample files are included in this public repository.
SD0365_T006_6hao,SD0365_T006_6hao.xlsx,1002019,Full hourly file stored locally; sample files are included in this public repository.
SD0365_T007_7hao,SD0365_T007_7hao.xlsx,1009543,Full hourly file stored locally; sample files are included in this public repository.
SD0366_T001_1hao,SD0366_T001_1hao.xlsx,990003,Full hourly file stored locally; sample files are included in this public repository.
SD0366_T002_2hao,SD0366_T002_2hao.xlsx,978177,Full hourly file stored locally; sample files are included in this public repository.
SD0366_T003_3hao,SD0366_T003_3hao.xlsx,971322,Full hourly file stored locally; sample files are included in this public repository.
SD0366_T004_4hao,SD0366_T004_4hao.xlsx,982236,Full hourly file stored locally; sample files are included in this public repository.
SD0366_T005_5hao,SD0366_T005_5hao.xlsx,990056,Full hourly file stored locally; sample files are included in this public repository.
SD0366_T006_6hao,SD0366_T006_6hao.xlsx,980348,Full hourly file stored locally; sample files are included in this public repository.
SD0366_T007_7hao,SD0366_T007_7hao.xlsx,985351,Full hourly file stored locally; sample files are included in this public repository.
SD0367_T001_1hao,SD0367_T001_1hao.xlsx,980335,Full hourly file stored locally; sample files are included in this public repository.
SD0367_T002_2hao,SD0367_T002_2hao.xlsx,983377,Full hourly file stored locally; sample files are included in this public repository.
SD0367_T003_3hao,SD0367_T003_3hao.xlsx,985048,Full hourly file stored locally; sample files are included in this public repository.
SD0368_T001_1hao,SD0368_T001_1hao.xlsx,998353,Full hourly file stored locally; sample files are included in this public repository.
SD0369_T001_1hao,SD0369_T001_1hao.xlsx,825219,Full hourly file stored locally; sample files are included in this public repository.
SD0369_T002_2hao,SD0369_T002_2hao.xlsx,823402,Full hourly file stored locally; sample files are included in this public repository.
SD0369_T003_3hao,SD0369_T003_3hao.xlsx,972504,Full hourly file stored locally; sample files are included in this public repository.
SD0370_T001_1hao,SD0370_T001_1hao.xlsx,992968,Full hourly file stored locally; sample files are included in this public repository.
SD0370_T002_2hao,SD0370_T002_2hao.xlsx,998476,Full hourly file stored locally; sample files are included in this public repository.
SD0370_T003_3hao,SD0370_T003_3hao.xlsx,982747,Full hourly file stored locally; sample files are included in this public repository.
SD0370_T004_4hao,SD0370_T004_4hao.xlsx,982316,Full hourly file stored locally; sample files are included in this public repository.
SD0370_T005_5hao,SD0370_T005_5hao.xlsx,985038,Full hourly file stored locally; sample files are included in this public repository.
SD0370_T006_6hao,SD0370_T006_6hao.xlsx,987842,Full hourly file stored locally; sample files are included in this public repository.
SD0370_T007_7hao,SD0370_T007_7hao.xlsx,988270,Full hourly file stored locally; sample files are included in this public repository.
SD0371_T001_1hao,SD0371_T001_1hao.xlsx,997621,Full hourly file stored locally; sample files are included in this public repository.
SD0372_T001_1hao,SD0372_T001_1hao.xlsx,993739,Full hourly file stored locally; sample files are included in this public repository.
SD0373_T001_1hao,SD0373_T001_1hao.xlsx,993146,Full hourly file stored locally; sample files are included in this public repository.
SD0373_T002_2hao,SD0373_T002_2hao.xlsx,990389,Full hourly file stored locally; sample files are included in this public repository.
SD0373_T003_3hao,SD0373_T003_3hao.xlsx,977474,Full hourly file stored locally; sample files are included in this public repository.
SD0373_T004_4hao,SD0373_T004_4hao.xlsx,983569,Full hourly file stored locally; sample files are included in this public repository.
SD0374_T001_1hao,SD0374_T001_1hao.xlsx,990386,Full hourly file stored locally; sample files are included in this public repository.
SD0375_T001_1hao,SD0375_T001_1hao.xlsx,981104,Full hourly file stored locally; sample files are included in this public repository.
SD0375_T002_2hao,SD0375_T002_2hao.xlsx,982243,Full hourly file stored locally; sample files are included in this public repository.
SD0375_T003_3hao,SD0375_T003_3hao.xlsx,992944,Full hourly file stored locally; sample files are included in this public repository.
SD0375_T004_4hao,SD0375_T004_4hao.xlsx,827513,Full hourly file stored locally; sample files are included in this public repository.
SD0376_T001_1hao,SD0376_T001_1hao.xlsx,975055,Full hourly file stored locally; sample files are included in this public repository.
SD0377_T001_1hao,SD0377_T001_1hao.xlsx,969667,Full hourly file stored locally; sample files are included in this public repository.
SD0378_T001_1hao,SD0378_T001_1hao.xlsx,998885,Full hourly file stored locally; sample files are included in this public repository.
SD0378_T002_2hao,SD0378_T002_2hao.xlsx,998998,Full hourly file stored locally; sample files are included in this public repository.
SD0379_T001_1hao,SD0379_T001_1hao.xlsx,984860,Full hourly file stored locally; sample files are included in this public repository.
SD0379_T002_2hao,SD0379_T002_2hao.xlsx,982626,Full hourly file stored locally; sample files are included in this public repository.
SD0379_T003_3hao,SD0379_T003_3hao.xlsx,814049,Full hourly file stored locally; sample files are included in this public repository.
SD0379_T004_4hao,SD0379_T004_4hao.xlsx,978413,Full hourly file stored locally; sample files are included in this public repository.
SD0379_T005_5hao,SD0379_T005_5hao.xlsx,979922,Full hourly file stored locally; sample files are included in this public repository.
SD0379_T006_6hao,SD0379_T006_6hao.xlsx,972276,Full hourly file stored locally; sample files are included in this public repository.
SD0379_T007_7hao,SD0379_T007_7hao.xlsx,972904,Full hourly file stored locally; sample files are included in this public repository.
SD0379_T008_8hao,SD0379_T008_8hao.xlsx,976771,Full hourly file stored locally; sample files are included in this public repository.
SD0379_T009_9hao,SD0379_T009_9hao.xlsx,987011,Full hourly file stored locally; sample files are included in this public repository.
SD0380_T001_1hao,SD0380_T001_1hao.xlsx,979706,Full hourly file stored locally; sample files are included in this public repository.
SD0380_T002_2hao,SD0380_T002_2hao.xlsx,975437,Full hourly file stored locally; sample files are included in this public repository.
SD0381_T001_1hao,SD0381_T001_1hao.xlsx,1004490,Full hourly file stored locally; sample files are included in this public repository.
SD0381_T002_2hao,SD0381_T002_2hao.xlsx,996091,Full hourly file stored locally; sample files are included in this public repository.
SD0381_T003_3hao,SD0381_T003_3hao.xlsx,976888,Full hourly file stored locally; sample files are included in this public repository.
SD0381_T004_4hao,SD0381_T004_4hao.xlsx,979451,Full hourly file stored locally; sample files are included in this public repository.
SD0381_T005_5hao,SD0381_T005_5hao.xlsx,975489,Full hourly file stored locally; sample files are included in this public repository.
SD0381_T006_6hao,SD0381_T006_6hao.xlsx,973364,Full hourly file stored locally; sample files are included in this public repository.
SD0381_T007_7hao,SD0381_T007_7hao.xlsx,975321,Full hourly file stored locally; sample files are included in this public repository.
SD0381_T008_8hao,SD0381_T008_8hao.xlsx,979780,Full hourly file stored locally; sample files are included in this public repository.
SD0381_T009_9hao,SD0381_T009_9hao.xlsx,976457,Full hourly file stored locally; sample files are included in this public repository.
SD0381_T010_10hao,SD0381_T010_10hao.xlsx,977627,Full hourly file stored locally; sample files are included in this public repository.
SD0381_T011_11hao,SD0381_T011_11hao.xlsx,977983,Full hourly file stored locally; sample files are included in this public repository.
SD0381_T012_12hao,SD0381_T012_12hao.xlsx,980211,Full hourly file stored locally; sample files are included in this public repository.
SD0381_T013_13hao,SD0381_T013_13hao.xlsx,978617,Full hourly file stored locally; sample files are included in this public repository.
SD0381_T014_14hao,SD0381_T014_14hao.xlsx,975923,Full hourly file stored locally; sample files are included in this public repository.
SD0381_T015_15hao,SD0381_T015_15hao.xlsx,972544,Full hourly file stored locally; sample files are included in this public repository.
SD0382_T001_1hao,SD0382_T001_1hao.xlsx,996511,Full hourly file stored locally; sample files are included in this public repository.
SD0383_T001_1hao,SD0383_T001_1hao.xlsx,1002230,Full hourly file stored locally; sample files are included in this public repository.
SD0383_T002_2hao,SD0383_T002_2hao.xlsx,977440,Full hourly file stored locally; sample files are included in this public repository.
SD0383_T003_3hao,SD0383_T003_3hao.xlsx,982300,Full hourly file stored locally; sample files are included in this public repository.
SD0383_T004_4hao,SD0383_T004_4hao.xlsx,979200,Full hourly file stored locally; sample files are included in this public repository.
SD0383_T005_5hao,SD0383_T005_5hao.xlsx,979529,Full hourly file stored locally; sample files are included in this public repository.
SD0383_T006_6hao,SD0383_T006_6hao.xlsx,977029,Full hourly file stored locally; sample files are included in this public repository.
SD0383_T007_7hao,SD0383_T007_7hao.xlsx,974969,Full hourly file stored locally; sample files are included in this public repository.
SD0383_T008_8hao,SD0383_T008_8hao.xlsx,977499,Full hourly file stored locally; sample files are included in this public repository.
SD0383_T009_9hao,SD0383_T009_9hao.xlsx,984064,Full hourly file stored locally; sample files are included in this public repository.
SD0383_T010_10hao,SD0383_T010_10hao.xlsx,990092,Full hourly file stored locally; sample files are included in this public repository.
SD0383_T011_11hao,SD0383_T011_11hao.xlsx,977704,Full hourly file stored locally; sample files are included in this public repository.
SD0384_T001_1hao,SD0384_T001_1hao.xlsx,969133,Full hourly file stored locally; sample files are included in this public repository.
SD0385_T001_1hao,SD0385_T001_1hao.xlsx,983961,Full hourly file stored locally; sample files are included in this public repository.
SD0386_T001_1hao,SD0386_T001_1hao.xlsx,978241,Full hourly file stored locally; sample files are included in this public repository.
SD0387_T001_1hao,SD0387_T001_1hao.xlsx,976826,Full hourly file stored locally; sample files are included in this public repository.
SD0387_T002_2hao,SD0387_T002_2hao.xlsx,979708,Full hourly file stored locally; sample files are included in this public repository.
SD0387_T003_3hao,SD0387_T003_3hao.xlsx,977951,Full hourly file stored locally; sample files are included in this public repository.
SD0387_T004_4hao,SD0387_T004_4hao.xlsx,979597,Full hourly file stored locally; sample files are included in this public repository.
SD0387_T005_5hao,SD0387_T005_5hao.xlsx,987931,Full hourly file stored locally; sample files are included in this public repository.
SD0387_T006_6hao,SD0387_T006_6hao.xlsx,813850,Full hourly file stored locally; sample files are included in this public repository.
SD0387_T007_7hao,SD0387_T007_7hao.xlsx,975561,Full hourly file stored locally; sample files are included in this public repository.
SD0388_T001_1hao,SD0388_T001_1hao.xlsx,981965,Full hourly file stored locally; sample files are included in this public repository.
SD0388_T002_2hao,SD0388_T002_2hao.xlsx,995124,Full hourly file stored locally; sample files are included in this public repository.
SD0388_T003_3hao,SD0388_T003_3hao.xlsx,980761,Full hourly file stored locally; sample files are included in this public repository.
SD0389_T001_1hao,SD0389_T001_1hao.xlsx,974154,Full hourly file stored locally; sample files are included in this public repository.
SD0390_T001_1hao,SD0390_T001_1hao.xlsx,975592,Full hourly file stored locally; sample files are included in this public repository.
SD0391_T001_1hao,SD0391_T001_1hao.xlsx,995935,Full hourly file stored locally; sample files are included in this public repository.
SD0391_T002_2hao,SD0391_T002_2hao.xlsx,999273,Full hourly file stored locally; sample files are included in this public repository.
SD0391_T003_3hao,SD0391_T003_3hao.xlsx,1001206,Full hourly file stored locally; sample files are included in this public repository.
SD0391_T004_4hao,SD0391_T004_4hao.xlsx,999516,Full hourly file stored locally; sample files are included in this public repository.
SD0391_T005_5hao,SD0391_T005_5hao.xlsx,988180,Full hourly file stored locally; sample files are included in this public repository.
SD0392_T001_1hao,SD0392_T001_1hao.xlsx,1000336,Full hourly file stored locally; sample files are included in this public repository.
SD0392_T002_2hao,SD0392_T002_2hao.xlsx,1007037,Full hourly file stored locally; sample files are included in this public repository.
SD0393_T001_1hao,SD0393_T001_1hao.xlsx,998494,Full hourly file stored locally; sample files are included in this public repository.
SD0394_T001_1hao,SD0394_T001_1hao.xlsx,1015266,Full hourly file stored locally; sample files are included in this public repository.
SD0395_T001_1hao,SD0395_T001_1hao.xlsx,998118,Full hourly file stored locally; sample files are included in this public repository.
SD0396_T001_1hao,SD0396_T001_1hao.xlsx,1005009,Full hourly file stored locally; sample files are included in this public repository.
SD0397_T001_1hao,SD0397_T001_1hao.xlsx,998391,Full hourly file stored locally; sample files are included in this public repository.
SD0398_T001_1hao,SD0398_T001_1hao.xlsx,990822,Full hourly file stored locally; sample files are included in this public repository.
SD0398_T002_2hao,SD0398_T002_2hao.xlsx,1002041,Full hourly file stored locally; sample files are included in this public repository.
SD0398_T003_3hao,SD0398_T003_3hao.xlsx,1011049,Full hourly file stored locally; sample files are included in this public repository.
SD0398_T004_4hao,SD0398_T004_4hao.xlsx,999468,Full hourly file stored locally; sample files are included in this public repository.
SD0398_T005_5hao,SD0398_T005_5hao.xlsx,1001889,Full hourly file stored locally; sample files are included in this public repository.
SD0398_T006_6hao,SD0398_T006_6hao.xlsx,982871,Full hourly file stored locally; sample files are included in this public repository.
SD0398_T007_7hao,SD0398_T007_7hao.xlsx,1004371,Full hourly file stored locally; sample files are included in this public repository.
SD0398_T008_8hao,SD0398_T008_8hao.xlsx,999054,Full hourly file stored locally; sample files are included in this public repository.
SD0398_T009_9hao,SD0398_T009_9hao.xlsx,1008179,Full hourly file stored locally; sample files are included in this public repository.
SD0398_T010_10hao,SD0398_T010_10hao.xlsx,1011639,Full hourly file stored locally; sample files are included in this public repository.
SD0398_T011_11hao,SD0398_T011_11hao.xlsx,1008947,Full hourly file stored locally; sample files are included in this public repository.
SD0398_T012_12hao,SD0398_T012_12hao.xlsx,1008801,Full hourly file stored locally; sample files are included in this public repository.
SD0398_T013_13hao,SD0398_T013_13hao.xlsx,997682,Full hourly file stored locally; sample files are included in this public repository.
SD0399_T001_1hao,SD0399_T001_1hao.xlsx,1011156,Full hourly file stored locally; sample files are included in this public repository.
SD0400_T001_1hao,SD0400_T001_1hao.xlsx,1010260,Full hourly file stored locally; sample files are included in this public repository.
SD0400_T002_2hao,SD0400_T002_2hao.xlsx,1007279,Full hourly file stored locally; sample files are included in this public repository.
SD0400_T003_3hao,SD0400_T003_3hao.xlsx,997261,Full hourly file stored locally; sample files are included in this public repository.
SD0401_T001_1hao,SD0401_T001_1hao.xlsx,1008699,Full hourly file stored locally; sample files are included in this public repository.
SD0401_T002_2hao,SD0401_T002_2hao.xlsx,998675,Full hourly file stored locally; sample files are included in this public repository.
SD0401_T003_3hao,SD0401_T003_3hao.xlsx,992659,Full hourly file stored locally; sample files are included in this public repository.
SD0401_T004_4hao,SD0401_T004_4hao.xlsx,993968,Full hourly file stored locally; sample files are included in this public repository.
SD0401_T005_5hao,SD0401_T005_5hao.xlsx,1002727,Full hourly file stored locally; sample files are included in this public repository.
SD0401_T006_6hao,SD0401_T006_6hao.xlsx,1001088,Full hourly file stored locally; sample files are included in this public repository.
SD0402_T001_1hao,SD0402_T001_1hao.xlsx,993827,Full hourly file stored locally; sample files are included in this public repository.
SD0402_T002_2hao,SD0402_T002_2hao.xlsx,1013247,Full hourly file stored locally; sample files are included in this public repository.
SD0403_T001_1hao,SD0403_T001_1hao.xlsx,1007107,Full hourly file stored locally; sample files are included in this public repository.
SD0404_T001_1hao,SD0404_T001_1hao.xlsx,1008379,Full hourly file stored locally; sample files are included in this public repository.
SD0405_T001_1hao,SD0405_T001_1hao.xlsx,993349,Full hourly file stored locally; sample files are included in this public repository.
SD0406_T001_1hao,SD0406_T001_1hao.xlsx,990390,Full hourly file stored locally; sample files are included in this public repository.
SD0407_T001_1hao,SD0407_T001_1hao.xlsx,1013740,Full hourly file stored locally; sample files are included in this public repository.
SD0408_T001_1hao,SD0408_T001_1hao.xlsx,1029203,Full hourly file stored locally; sample files are included in this public repository.
SD0409_T001_1hao,SD0409_T001_1hao.xlsx,1025297,Full hourly file stored locally; sample files are included in this public repository.
SD0410_T001_1hao,SD0410_T001_1hao.xlsx,995636,Full hourly file stored locally; sample files are included in this public repository.
SD0411_T001_1hao,SD0411_T001_1hao.xlsx,977172,Full hourly file stored locally; sample files are included in this public repository.
SD0412_T001_1hao,SD0412_T001_1hao.xlsx,983185,Full hourly file stored locally; sample files are included in this public repository.
SD0412_T002_2hao,SD0412_T002_2hao.xlsx,982810,Full hourly file stored locally; sample files are included in this public repository.
SD0413_T001_1hao,SD0413_T001_1hao.xlsx,975500,Full hourly file stored locally; sample files are included in this public repository.
SD0413_T002_2hao,SD0413_T002_2hao.xlsx,980658,Full hourly file stored locally; sample files are included in this public repository.
SD0413_T003_3hao,SD0413_T003_3hao.xlsx,976120,Full hourly file stored locally; sample files are included in this public repository.
SD0414_T001_1hao,SD0414_T001_1hao.xlsx,995907,Full hourly file stored locally; sample files are included in this public repository.
SD0414_T002_2hao,SD0414_T002_2hao.xlsx,991972,Full hourly file stored locally; sample files are included in this public repository.
SD0415_T001_1hao,SD0415_T001_1hao.xlsx,1000366,Full hourly file stored locally; sample files are included in this public repository.
SD0416_T001_1hao,SD0416_T001_1hao.xlsx,979867,Full hourly file stored locally; sample files are included in this public repository.
SD0416_T002_2hao,SD0416_T002_2hao.xlsx,973313,Full hourly file stored locally; sample files are included in this public repository.
SD0416_T003_3hao,SD0416_T003_3hao.xlsx,971822,Full hourly file stored locally; sample files are included in this public repository.
SD0416_T004_4hao,SD0416_T004_4hao.xlsx,973816,Full hourly file stored locally; sample files are included in this public repository.
SD0416_T005_5hao,SD0416_T005_5hao.xlsx,973257,Full hourly file stored locally; sample files are included in this public repository.
SD0417_T001_1hao,SD0417_T001_1hao.xlsx,984506,Full hourly file stored locally; sample files are included in this public repository.
SD0417_T002_2hao,SD0417_T002_2hao.xlsx,987734,Full hourly file stored locally; sample files are included in this public repository.
SD0418_T001_1hao,SD0418_T001_1hao.xlsx,984343,Full hourly file stored locally; sample files are included in this public repository.
SD0419_T001_1hao,SD0419_T001_1hao.xlsx,980909,Full hourly file stored locally; sample files are included in this public repository.
SD0420_T001_1hao,SD0420_T001_1hao.xlsx,981823,Full hourly file stored locally; sample files are included in this public repository.
SD0420_T002_2hao,SD0420_T002_2hao.xlsx,978114,Full hourly file stored locally; sample files are included in this public repository.
SD0420_T003_3hao,SD0420_T003_3hao.xlsx,976355,Full hourly file stored locally; sample files are included in this public repository.
SD0420_T004_4hao,SD0420_T004_4hao.xlsx,975261,Full hourly file stored locally; sample files are included in this public repository.
SD0420_T005_5hao,SD0420_T005_5hao.xlsx,975885,Full hourly file stored locally; sample files are included in this public repository.
SD0420_T006_6hao,SD0420_T006_6hao.xlsx,976442,Full hourly file stored locally; sample files are included in this public repository.
SD0421_T001_1hao,SD0421_T001_1hao.xlsx,996028,Full hourly file stored locally; sample files are included in this public repository.
SD0422_T001_1hao,SD0422_T001_1hao.xlsx,994697,Full hourly file stored locally; sample files are included in this public repository.
SD0422_T002_2hao,SD0422_T002_2hao.xlsx,996919,Full hourly file stored locally; sample files are included in this public repository.
SD0423_T001_1hao,SD0423_T001_1hao.xlsx,998253,Full hourly file stored locally; sample files are included in this public repository.
SD0423_T002_2hao,SD0423_T002_2hao.xlsx,1000802,Full hourly file stored locally; sample files are included in this public repository.
SD0423_T003_3hao,SD0423_T003_3hao.xlsx,995951,Full hourly file stored locally; sample files are included in this public repository.
SD0423_T004_4hao,SD0423_T004_4hao.xlsx,995931,Full hourly file stored locally; sample files are included in this public repository.
SD0423_T005_5hao,SD0423_T005_5hao.xlsx,977651,Full hourly file stored locally; sample files are included in this public repository.
SD0423_T006_6hao,SD0423_T006_6hao.xlsx,998800,Full hourly file stored locally; sample files are included in this public repository.
SD0423_T007_7hao,SD0423_T007_7hao.xlsx,996943,Full hourly file stored locally; sample files are included in this public repository.
SD0423_T008_8hao,SD0423_T008_8hao.xlsx,976014,Full hourly file stored locally; sample files are included in this public repository.
SD0423_T009_9hao,SD0423_T009_9hao.xlsx,999650,Full hourly file stored locally; sample files are included in this public repository.
SD0424_T001_1hao,SD0424_T001_1hao.xlsx,967294,Full hourly file stored locally; sample files are included in this public repository.
SD0424_T002_2hao,SD0424_T002_2hao.xlsx,992853,Full hourly file stored locally; sample files are included in this public repository.
SD0424_T003_3hao,SD0424_T003_3hao.xlsx,967480,Full hourly file stored locally; sample files are included in this public repository.
SD0424_T004_4hao,SD0424_T004_4hao.xlsx,980966,Full hourly file stored locally; sample files are included in this public repository.
SD0424_T005_5hao,SD0424_T005_5hao.xlsx,989233,Full hourly file stored locally; sample files are included in this public repository.
SD0424_T006_6hao,SD0424_T006_6hao.xlsx,997839,Full hourly file stored locally; sample files are included in this public repository.
SD0424_T007_7hao,SD0424_T007_7hao.xlsx,998427,Full hourly file stored locally; sample files are included in this public repository.
SD0425_T001_1hao,SD0425_T001_1hao.xlsx,992434,Full hourly file stored locally; sample files are included in this public repository.
SD0425_T002_2hao,SD0425_T002_2hao.xlsx,984286,Full hourly file stored locally; sample files are included in this public repository.
SD0426_T001_1hao,SD0426_T001_1hao.xlsx,982309,Full hourly file stored locally; sample files are included in this public repository.
SD0426_T002_2hao,SD0426_T002_2hao.xlsx,993544,Full hourly file stored locally; sample files are included in this public repository.
SD0426_T003_3hao,SD0426_T003_3hao.xlsx,977694,Full hourly file stored locally; sample files are included in this public repository.
SD0426_T004_4hao,SD0426_T004_4hao.xlsx,1011474,Full hourly file stored locally; sample files are included in this public repository.
SD0426_T005_5hao,SD0426_T005_5hao.xlsx,979956,Full hourly file stored locally; sample files are included in this public repository.
SD0426_T006_6hao,SD0426_T006_6hao.xlsx,995434,Full hourly file stored locally; sample files are included in this public repository.
SD0426_T007_7hao,SD0426_T007_7hao.xlsx,980060,Full hourly file stored locally; sample files are included in this public repository.
SD0426_T008_8hao,SD0426_T008_8hao.xlsx,979442,Full hourly file stored locally; sample files are included in this public repository.
SD0426_T009_9hao,SD0426_T009_9hao.xlsx,985440,Full hourly file stored locally; sample files are included in this public repository.
SD0426_T010_10hao,SD0426_T010_10hao.xlsx,979145,Full hourly file stored locally; sample files are included in this public repository.
SD0426_T011_11hao,SD0426_T011_11hao.xlsx,990472,Full hourly file stored locally; sample files are included in this public repository.
SD0427_T001_1hao,SD0427_T001_1hao.xlsx,984472,Full hourly file stored locally; sample files are included in this public repository.
SD0427_T002_2hao,SD0427_T002_2hao.xlsx,976816,Full hourly file stored locally; sample files are included in this public repository.
SD0427_T003_3hao,SD0427_T003_3hao.xlsx,995230,Full hourly file stored locally; sample files are included in this public repository.
SD0427_T004_4hao,SD0427_T004_4hao.xlsx,982074,Full hourly file stored locally; sample files are included in this public repository.
SD0427_T005_5hao,SD0427_T005_5hao.xlsx,985533,Full hourly file stored locally; sample files are included in this public repository.
SD0428_T001_1hao,SD0428_T001_1hao.xlsx,975082,Full hourly file stored locally; sample files are included in this public repository.
SD0428_T002_2hao,SD0428_T002_2hao.xlsx,981785,Full hourly file stored locally; sample files are included in this public repository.
SD0428_T003_3hao,SD0428_T003_3hao.xlsx,977220,Full hourly file stored locally; sample files are included in this public repository.
SD0428_T004_4hao,SD0428_T004_4hao.xlsx,980439,Full hourly file stored locally; sample files are included in this public repository.
SD0428_T005_5hao,SD0428_T005_5hao.xlsx,993807,Full hourly file stored locally; sample files are included in this public repository.
SD0428_T006_6hao,SD0428_T006_6hao.xlsx,973421,Full hourly file stored locally; sample files are included in this public repository.
SD0428_T007_7hao,SD0428_T007_7hao.xlsx,981282,Full hourly file stored locally; sample files are included in this public repository.
SD0428_T008_8hao,SD0428_T008_8hao.xlsx,978096,Full hourly file stored locally; sample files are included in this public repository.
SD0428_T009_9hao,SD0428_T009_9hao.xlsx,977647,Full hourly file stored locally; sample files are included in this public repository.
SD0428_T010_10hao,SD0428_T010_10hao.xlsx,978163,Full hourly file stored locally; sample files are included in this public repository.
SD0428_T011_11hao,SD0428_T011_11hao.xlsx,976712,Full hourly file stored locally; sample files are included in this public repository.
SD0428_T012_12hao,SD0428_T012_12hao.xlsx,974308,Full hourly file stored locally; sample files are included in this public repository.
SD0428_T013_13hao,SD0428_T013_13hao.xlsx,979402,Full hourly file stored locally; sample files are included in this public repository.
SD0428_T014_14hao,SD0428_T014_14hao.xlsx,978309,Full hourly file stored locally; sample files are included in this public repository.
SD0429_T001_1hao,SD0429_T001_1hao.xlsx,997355,Full hourly file stored locally; sample files are included in this public repository.
SD0429_T002_2hao,SD0429_T002_2hao.xlsx,984625,Full hourly file stored locally; sample files are included in this public repository.
SD0430_T001_1hao,SD0430_T001_1hao.xlsx,980347,Full hourly file stored locally; sample files are included in this public repository.
SD0430_T002_2hao,SD0430_T002_2hao.xlsx,977301,Full hourly file stored locally; sample files are included in this public repository.
SD0430_T003_3hao,SD0430_T003_3hao.xlsx,826936,Full hourly file stored locally; sample files are included in this public repository.
SD0431_T001_1hao,SD0431_T001_1hao.xlsx,1003736,Full hourly file stored locally; sample files are included in this public repository.
SD0432_T001_1hao,SD0432_T001_1hao.xlsx,996424,Full hourly file stored locally; sample files are included in this public repository.
SD0433_T001_1hao,SD0433_T001_1hao.xlsx,990329,Full hourly file stored locally; sample files are included in this public repository.
SD0433_T002_2hao,SD0433_T002_2hao.xlsx,986292,Full hourly file stored locally; sample files are included in this public repository.
SD0434_T001_1hao,SD0434_T001_1hao.xlsx,981112,Full hourly file stored locally; sample files are included in this public repository.
SD0434_T002_2hao,SD0434_T002_2hao.xlsx,989636,Full hourly file stored locally; sample files are included in this public repository.
SD0434_T003_3hao,SD0434_T003_3hao.xlsx,998443,Full hourly file stored locally; sample files are included in this public repository.
SD0435_T001_1hao,SD0435_T001_1hao.xlsx,1003306,Full hourly file stored locally; sample files are included in this public repository.
SD0435_T002_2hao,SD0435_T002_2hao.xlsx,993919,Full hourly file stored locally; sample files are included in this public repository.
SD0436_T001_1hao,SD0436_T001_1hao.xlsx,994138,Full hourly file stored locally; sample files are included in this public repository.
SD0437_T001_1hao,SD0437_T001_1hao.xlsx,996815,Full hourly file stored locally; sample files are included in this public repository.
SD0438_T001_1hao,SD0438_T001_1hao.xlsx,974626,Full hourly file stored locally; sample files are included in this public repository.
SD0438_T002_2hao,SD0438_T002_2hao.xlsx,973079,Full hourly file stored locally; sample files are included in this public repository.
SD0439_T001_1hao,SD0439_T001_1hao.xlsx,1004194,Full hourly file stored locally; sample files are included in this public repository.
SD0440_T001_1hao,SD0440_T001_1hao.xlsx,993580,Full hourly file stored locally; sample files are included in this public repository.
SD0441_T001_1hao,SD0441_T001_1hao.xlsx,977240,Full hourly file stored locally; sample files are included in this public repository.
SD0441_T002_2hao,SD0441_T002_2hao.xlsx,979125,Full hourly file stored locally; sample files are included in this public repository.
SD0441_T003_3hao,SD0441_T003_3hao.xlsx,976979,Full hourly file stored locally; sample files are included in this public repository.
SD0441_T004_4hao,SD0441_T004_4hao.xlsx,979281,Full hourly file stored locally; sample files are included in this public repository.
SD0441_T005_5hao,SD0441_T005_5hao.xlsx,978473,Full hourly file stored locally; sample files are included in this public repository.
SD0441_T006_6hao,SD0441_T006_6hao.xlsx,979954,Full hourly file stored locally; sample files are included in this public repository.
SD0441_T007_7hao,SD0441_T007_7hao.xlsx,981473,Full hourly file stored locally; sample files are included in this public repository.
SD0441_T008_8hao,SD0441_T008_8hao.xlsx,980868,Full hourly file stored locally; sample files are included in this public repository.
SD0441_T009_9hao,SD0441_T009_9hao.xlsx,980769,Full hourly file stored locally; sample files are included in this public repository.
SD0443_T001_1hao,SD0443_T001_1hao.xlsx,984836,Full hourly file stored locally; sample files are included in this public repository.
SD0443_T002_2hao,SD0443_T002_2hao.xlsx,984257,Full hourly file stored locally; sample files are included in this public repository.
SD0444_T001_1hao,SD0444_T001_1hao.xlsx,987472,Full hourly file stored locally; sample files are included in this public repository.
SD0445_T001_1hao,SD0445_T001_1hao.xlsx,988418,Full hourly file stored locally; sample files are included in this public repository.
SD0446_T001_1hao,SD0446_T001_1hao.xlsx,979182,Full hourly file stored locally; sample files are included in this public repository.
SD0446_T002_2hao,SD0446_T002_2hao.xlsx,996586,Full hourly file stored locally; sample files are included in this public repository.
SD0446_T003_3hao,SD0446_T003_3hao.xlsx,1001648,Full hourly file stored locally; sample files are included in this public repository.
SD0446_T004_4hao,SD0446_T004_4hao.xlsx,979939,Full hourly file stored locally; sample files are included in this public repository.
SD0446_T005_5hao,SD0446_T005_5hao.xlsx,988299,Full hourly file stored locally; sample files are included in this public repository.
SD0446_T006_6hao,SD0446_T006_6hao.xlsx,994244,Full hourly file stored locally; sample files are included in this public repository.
SD0446_T007_7hao,SD0446_T007_7hao.xlsx,984615,Full hourly file stored locally; sample files are included in this public repository.
SD0446_T008_8hao,SD0446_T008_8hao.xlsx,978387,Full hourly file stored locally; sample files are included in this public repository.
SD0446_T009_9hao,SD0446_T009_9hao.xlsx,986410,Full hourly file stored locally; sample files are included in this public repository.
SD0446_T010_10hao,SD0446_T010_10hao.xlsx,988747,Full hourly file stored locally; sample files are included in this public repository.
SD0446_T011_11hao,SD0446_T011_11hao.xlsx,980045,Full hourly file stored locally; sample files are included in this public repository.
SD0446_T012_12hao,SD0446_T012_12hao.xlsx,975803,Full hourly file stored locally; sample files are included in this public repository.
SD0447_T001_1hao,SD0447_T001_1hao.xlsx,984512,Full hourly file stored locally; sample files are included in this public repository.
SD0448_T001_1hao,SD0448_T001_1hao.xlsx,974425,Full hourly file stored locally; sample files are included in this public repository.
SD0448_T002_2hao,SD0448_T002_2hao.xlsx,979222,Full hourly file stored locally; sample files are included in this public repository.
SD0448_T003_3hao,SD0448_T003_3hao.xlsx,971344,Full hourly file stored locally; sample files are included in this public repository.
SD0448_T004_4hao,SD0448_T004_4hao.xlsx,968944,Full hourly file stored locally; sample files are included in this public repository.
SD0448_T005_5hao,SD0448_T005_5hao.xlsx,975373,Full hourly file stored locally; sample files are included in this public repository.
SD0448_T006_6hao,SD0448_T006_6hao.xlsx,971603,Full hourly file stored locally; sample files are included in this public repository.
SD0448_T007_7hao,SD0448_T007_7hao.xlsx,971772,Full hourly file stored locally; sample files are included in this public repository.
SD0448_T008_8hao,SD0448_T008_8hao.xlsx,971549,Full hourly file stored locally; sample files are included in this public repository.
SD0448_T009_9hao,SD0448_T009_9hao.xlsx,971538,Full hourly file stored locally; sample files are included in this public repository.
SD0448_T010_10hao,SD0448_T010_10hao.xlsx,971515,Full hourly file stored locally; sample files are included in this public repository.
SD0448_T011_11hao,SD0448_T011_11hao.xlsx,976219,Full hourly file stored locally; sample files are included in this public repository.
SD0448_T012_12hao,SD0448_T012_12hao.xlsx,978830,Full hourly file stored locally; sample files are included in this public repository.
SD0448_T013_13hao,SD0448_T013_13hao.xlsx,977125,Full hourly file stored locally; sample files are included in this public repository.
SD0449_T001_1hao,SD0449_T001_1hao.xlsx,985323,Full hourly file stored locally; sample files are included in this public repository.
SD0450_T001_1hao,SD0450_T001_1hao.xlsx,982324,Full hourly file stored locally; sample files are included in this public repository.
SD0450_T002_2hao,SD0450_T002_2hao.xlsx,995123,Full hourly file stored locally; sample files are included in this public repository.
SD0450_T003_3hao,SD0450_T003_3hao.xlsx,995496,Full hourly file stored locally; sample files are included in this public repository.
SD0450_T004_4hao,SD0450_T004_4hao.xlsx,999732,Full hourly file stored locally; sample files are included in this public repository.
SD0450_T005_5hao,SD0450_T005_5hao.xlsx,995172,Full hourly file stored locally; sample files are included in this public repository.
SD0450_T006_6hao,SD0450_T006_6hao.xlsx,984136,Full hourly file stored locally; sample files are included in this public repository.
SD0450_T007_7hao,SD0450_T007_7hao.xlsx,994554,Full hourly file stored locally; sample files are included in this public repository.
SD0450_T008_8hao,SD0450_T008_8hao.xlsx,980507,Full hourly file stored locally; sample files are included in this public repository.
SD0450_T009_9hao,SD0450_T009_9hao.xlsx,974966,Full hourly file stored locally; sample files are included in this public repository.
SD0450_T010_10hao,SD0450_T010_10hao.xlsx,995484,Full hourly file stored locally; sample files are included in this public repository.
SD0450_T011_11hao,SD0450_T011_11hao.xlsx,994933,Full hourly file stored locally; sample files are included in this public repository.
SD0450_T012_12hao,SD0450_T012_12hao.xlsx,987478,Full hourly file stored locally; sample files are included in this public repository.
SD0450_T013_13hao,SD0450_T013_13hao.xlsx,993856,Full hourly file stored locally; sample files are included in this public repository.
SD0450_T014_14hao,SD0450_T014_14hao.xlsx,983276,Full hourly file stored locally; sample files are included in this public repository.
SD0450_T015_15hao,SD0450_T015_15hao.xlsx,997346,Full hourly file stored locally; sample files are included in this public repository.
SD0450_T016_16hao,SD0450_T016_16hao.xlsx,1002980,Full hourly file stored locally; sample files are included in this public repository.
SD0450_T017_17hao,SD0450_T017_17hao.xlsx,1001037,Full hourly file stored locally; sample files are included in this public repository.
SD0451_T001_1hao,SD0451_T001_1hao.xlsx,975455,Full hourly file stored locally; sample files are included in this public repository.
SD0451_T002_2hao,SD0451_T002_2hao.xlsx,822054,Full hourly file stored locally; sample files are included in this public repository.
SD0452_T001_1hao,SD0452_T001_1hao.xlsx,981829,Full hourly file stored locally; sample files are included in this public repository.
SD0452_T002_2hao,SD0452_T002_2hao.xlsx,979776,Full hourly file stored locally; sample files are included in this public repository.
SD0453_T001_1hao,SD0453_T001_1hao.xlsx,990593,Full hourly file stored locally; sample files are included in this public repository.
SD0453_T002_2hao,SD0453_T002_2hao.xlsx,824680,Full hourly file stored locally; sample files are included in this public repository.
SD0454_T001_1hao,SD0454_T001_1hao.xlsx,981289,Full hourly file stored locally; sample files are included in this public repository.
SD0454_T002_2hao,SD0454_T002_2hao.xlsx,820837,Full hourly file stored locally; sample files are included in this public repository.
SD0455_T001_1hao,SD0455_T001_1hao.xlsx,988566,Full hourly file stored locally; sample files are included in this public repository.
SD0455_T002_2hao,SD0455_T002_2hao.xlsx,982497,Full hourly file stored locally; sample files are included in this public repository.
SD0455_T003_3hao,SD0455_T003_3hao.xlsx,991246,Full hourly file stored locally; sample files are included in this public repository.
SD0455_T004_4hao,SD0455_T004_4hao.xlsx,993352,Full hourly file stored locally; sample files are included in this public repository.
SD0455_T005_5hao,SD0455_T005_5hao.xlsx,972107,Full hourly file stored locally; sample files are included in this public repository.
SD0455_T006_6hao,SD0455_T006_6hao.xlsx,991221,Full hourly file stored locally; sample files are included in this public repository.
SD0455_T007_7hao,SD0455_T007_7hao.xlsx,976859,Full hourly file stored locally; sample files are included in this public repository.
SD0456_T001_1hao,SD0456_T001_1hao.xlsx,971006,Full hourly file stored locally; sample files are included in this public repository.
SD0456_T002_2hao,SD0456_T002_2hao.xlsx,972514,Full hourly file stored locally; sample files are included in this public repository.
SD0456_T003_3hao,SD0456_T003_3hao.xlsx,977801,Full hourly file stored locally; sample files are included in this public repository.
SD0457_T001_1hao,SD0457_T001_1hao.xlsx,1000552,Full hourly file stored locally; sample files are included in this public repository.
SD0457_T002_2hao,SD0457_T002_2hao.xlsx,985829,Full hourly file stored locally; sample files are included in this public repository.
SD0458_T001_1hao,SD0458_T001_1hao.xlsx,986061,Full hourly file stored locally; sample files are included in this public repository.
SD0458_T002_2hao,SD0458_T002_2hao.xlsx,979424,Full hourly file stored locally; sample files are included in this public repository.
SD0458_T003_3hao,SD0458_T003_3hao.xlsx,972396,Full hourly file stored locally; sample files are included in this public repository.
SD0458_T004_4hao,SD0458_T004_4hao.xlsx,967869,Full hourly file stored locally; sample files are included in this public repository.
SD0458_T005_5hao,SD0458_T005_5hao.xlsx,968172,Full hourly file stored locally; sample files are included in this public repository.
SD0458_T006_6hao,SD0458_T006_6hao.xlsx,979489,Full hourly file stored locally; sample files are included in this public repository.
SD0458_T007_7hao,SD0458_T007_7hao.xlsx,968093,Full hourly file stored locally; sample files are included in this public repository.
SD0458_T008_8hao,SD0458_T008_8hao.xlsx,971762,Full hourly file stored locally; sample files are included in this public repository.
SD0458_T009_9hao,SD0458_T009_9hao.xlsx,970840,Full hourly file stored locally; sample files are included in this public repository.
SD0458_T010_10hao,SD0458_T010_10hao.xlsx,971599,Full hourly file stored locally; sample files are included in this public repository.
SD0458_T011_11hao,SD0458_T011_11hao.xlsx,972284,Full hourly file stored locally; sample files are included in this public repository.
SD0458_T012_12hao,SD0458_T012_12hao.xlsx,971325,Full hourly file stored locally; sample files are included in this public repository.
SD0458_T013_13hao,SD0458_T013_13hao.xlsx,971763,Full hourly file stored locally; sample files are included in this public repository.
SD0458_T014_14hao,SD0458_T014_14hao.xlsx,981444,Full hourly file stored locally; sample files are included in this public repository.
SD0459_T001_1hao,SD0459_T001_1hao.xlsx,981681,Full hourly file stored locally; sample files are included in this public repository.
SD0459_T002_2hao,SD0459_T002_2hao.xlsx,977435,Full hourly file stored locally; sample files are included in this public repository.
SD0459_T003_3hao,SD0459_T003_3hao.xlsx,990377,Full hourly file stored locally; sample files are included in this public repository.
SD0459_T004_4hao,SD0459_T004_4hao.xlsx,986749,Full hourly file stored locally; sample files are included in this public repository.
SD0460_T001_1hao,SD0460_T001_1hao.xlsx,973224,Full hourly file stored locally; sample files are included in this public repository.
SD0460_T002_2hao,SD0460_T002_2hao.xlsx,978966,Full hourly file stored locally; sample files are included in this public repository.
SD0460_T003_3hao,SD0460_T003_3hao.xlsx,815876,Full hourly file stored locally; sample files are included in this public repository.
SD0461_T001_1hao,SD0461_T001_1hao.xlsx,983329,Full hourly file stored locally; sample files are included in this public repository.
SD0461_T002_2hao,SD0461_T002_2hao.xlsx,981256,Full hourly file stored locally; sample files are included in this public repository.
SD0461_T003_3hao,SD0461_T003_3hao.xlsx,991217,Full hourly file stored locally; sample files are included in this public repository.
SD0461_T004_4hao,SD0461_T004_4hao.xlsx,980165,Full hourly file stored locally; sample files are included in this public repository.
SD0461_T005_5hao,SD0461_T005_5hao.xlsx,992923,Full hourly file stored locally; sample files are included in this public repository.
SD0461_T006_6hao,SD0461_T006_6hao.xlsx,985702,Full hourly file stored locally; sample files are included in this public repository.
SD0461_T007_7hao,SD0461_T007_7hao.xlsx,973724,Full hourly file stored locally; sample files are included in this public repository.
SD0461_T008_8hao,SD0461_T008_8hao.xlsx,978313,Full hourly file stored locally; sample files are included in this public repository.
SD0461_T009_9hao,SD0461_T009_9hao.xlsx,977500,Full hourly file stored locally; sample files are included in this public repository.
SD0461_T010_10hao,SD0461_T010_10hao.xlsx,980630,Full hourly file stored locally; sample files are included in this public repository.
SD0462_T001_1hao,SD0462_T001_1hao.xlsx,984785,Full hourly file stored locally; sample files are included in this public repository.
SD0462_T002_2hao,SD0462_T002_2hao.xlsx,1001655,Full hourly file stored locally; sample files are included in this public repository.
SD0462_T003_3hao,SD0462_T003_3hao.xlsx,999245,Full hourly file stored locally; sample files are included in this public repository.
SD0462_T004_4hao,SD0462_T004_4hao.xlsx,985090,Full hourly file stored locally; sample files are included in this public repository.
SD0462_T005_5hao,SD0462_T005_5hao.xlsx,822927,Full hourly file stored locally; sample files are included in this public repository.
SD0462_T006_6hao,SD0462_T006_6hao.xlsx,1000122,Full hourly file stored locally; sample files are included in this public repository.
SD0462_T007_7hao,SD0462_T007_7hao.xlsx,1000712,Full hourly file stored locally; sample files are included in this public repository.
SD0462_T008_8hao,SD0462_T008_8hao.xlsx,970952,Full hourly file stored locally; sample files are included in this public repository.
SD0463_T001_1hao,SD0463_T001_1hao.xlsx,995104,Full hourly file stored locally; sample files are included in this public repository.
SD0463_T002_2hao,SD0463_T002_2hao.xlsx,998963,Full hourly file stored locally; sample files are included in this public repository.
SD0463_T003_3hao,SD0463_T003_3hao.xlsx,980261,Full hourly file stored locally; sample files are included in this public repository.
SD0463_T004_4hao,SD0463_T004_4hao.xlsx,985745,Full hourly file stored locally; sample files are included in this public repository.
SD0463_T005_5hao,SD0463_T005_5hao.xlsx,977820,Full hourly file stored locally; sample files are included in this public repository.
SD0463_T006_6hao,SD0463_T006_6hao.xlsx,981522,Full hourly file stored locally; sample files are included in this public repository.
SD0463_T007_7hao,SD0463_T007_7hao.xlsx,1000613,Full hourly file stored locally; sample files are included in this public repository.
SD0463_T008_8hao,SD0463_T008_8hao.xlsx,986896,Full hourly file stored locally; sample files are included in this public repository.
SD0463_T009_9hao,SD0463_T009_9hao.xlsx,985554,Full hourly file stored locally; sample files are included in this public repository.
SD0463_T010_10hao,SD0463_T010_10hao.xlsx,986035,Full hourly file stored locally; sample files are included in this public repository.
SD0463_T011_11hao,SD0463_T011_11hao.xlsx,984874,Full hourly file stored locally; sample files are included in this public repository.
SD0463_T012_12hao,SD0463_T012_12hao.xlsx,996429,Full hourly file stored locally; sample files are included in this public repository.
SD0463_T013_13hao,SD0463_T013_13hao.xlsx,996967,Full hourly file stored locally; sample files are included in this public repository.
SD0463_T014_14hao,SD0463_T014_14hao.xlsx,1002740,Full hourly file stored locally; sample files are included in this public repository.
SD0463_T015_15hao,SD0463_T015_15hao.xlsx,982726,Full hourly file stored locally; sample files are included in this public repository.
SD0463_T016_16hao,SD0463_T016_16hao.xlsx,994927,Full hourly file stored locally; sample files are included in this public repository.
SD0463_T017_17hao,SD0463_T017_17hao.xlsx,977422,Full hourly file stored locally; sample files are included in this public repository.
SD0463_T018_18hao,SD0463_T018_18hao.xlsx,976952,Full hourly file stored locally; sample files are included in this public repository.
SD0464_T001_1hao,SD0464_T001_1hao.xlsx,983703,Full hourly file stored locally; sample files are included in this public repository.
SD0464_T002_2hao,SD0464_T002_2hao.xlsx,989031,Full hourly file stored locally; sample files are included in this public repository.
SD0464_T003_3hao,SD0464_T003_3hao.xlsx,983328,Full hourly file stored locally; sample files are included in this public repository.
SD0464_T004_4hao,SD0464_T004_4hao.xlsx,993731,Full hourly file stored locally; sample files are included in this public repository.
SD0464_T005_5hao,SD0464_T005_5hao.xlsx,993911,Full hourly file stored locally; sample files are included in this public repository.
SD0464_T006_6hao,SD0464_T006_6hao.xlsx,975071,Full hourly file stored locally; sample files are included in this public repository.
SD0464_T007_7hao,SD0464_T007_7hao.xlsx,986473,Full hourly file stored locally; sample files are included in this public repository.
SD0464_T008_8hao,SD0464_T008_8hao.xlsx,973357,Full hourly file stored locally; sample files are included in this public repository.
SD0464_T009_9hao,SD0464_T009_9hao.xlsx,977479,Full hourly file stored locally; sample files are included in this public repository.
SD0464_T010_10hao,SD0464_T010_10hao.xlsx,984759,Full hourly file stored locally; sample files are included in this public repository.
SD0464_T011_11hao,SD0464_T011_11hao.xlsx,991147,Full hourly file stored locally; sample files are included in this public repository.
SD0464_T012_12hao,SD0464_T012_12hao.xlsx,984076,Full hourly file stored locally; sample files are included in this public repository.
SD0464_T013_13hao,SD0464_T013_13hao.xlsx,984901,Full hourly file stored locally; sample files are included in this public repository.
SD0464_T014_14hao,SD0464_T014_14hao.xlsx,1006406,Full hourly file stored locally; sample files are included in this public repository.
SD0464_T015_15hao,SD0464_T015_15hao.xlsx,984071,Full hourly file stored locally; sample files are included in this public repository.
SD0464_T016_16hao,SD0464_T016_16hao.xlsx,975642,Full hourly file stored locally; sample files are included in this public repository.
SD0465_T001_1hao,SD0465_T001_1hao.xlsx,979642,Full hourly file stored locally; sample files are included in this public repository.
SD0465_T002_2hao,SD0465_T002_2hao.xlsx,999833,Full hourly file stored locally; sample files are included in this public repository.
SD0465_T003_3hao,SD0465_T003_3hao.xlsx,976483,Full hourly file stored locally; sample files are included in this public repository.
SD0465_T004_4hao,SD0465_T004_4hao.xlsx,981886,Full hourly file stored locally; sample files are included in this public repository.
SD0465_T005_5hao,SD0465_T005_5hao.xlsx,994835,Full hourly file stored locally; sample files are included in this public repository.
SD0466_T001_1hao,SD0466_T001_1hao.xlsx,977403,Full hourly file stored locally; sample files are included in this public repository.
SD0466_T002_2hao,SD0466_T002_2hao.xlsx,979547,Full hourly file stored locally; sample files are included in this public repository.
SD0467_T001_1hao,SD0467_T001_1hao.xlsx,999582,Full hourly file stored locally; sample files are included in this public repository.
SD0468_T001_1hao,SD0468_T001_1hao.xlsx,1005053,Full hourly file stored locally; sample files are included in this public repository.
SD0468_T002_2hao,SD0468_T002_2hao.xlsx,996176,Full hourly file stored locally; sample files are included in this public repository.
SD0469_T001_1hao,SD0469_T001_1hao.xlsx,1014540,Full hourly file stored locally; sample files are included in this public repository.
SD0470_T001_1hao,SD0470_T001_1hao.xlsx,974861,Full hourly file stored locally; sample files are included in this public repository.
SD0470_T002_2hao,SD0470_T002_2hao.xlsx,998967,Full hourly file stored locally; sample files are included in this public repository.
SD0471_T001_1hao,SD0471_T001_1hao.xlsx,970182,Full hourly file stored locally; sample files are included in this public repository.
SD0471_T002_2hao,SD0471_T002_2hao.xlsx,985547,Full hourly file stored locally; sample files are included in this public repository.
SD0471_T003_3hao,SD0471_T003_3hao.xlsx,988127,Full hourly file stored locally; sample files are included in this public repository.
SD0471_T004_4hao,SD0471_T004_4hao.xlsx,987054,Full hourly file stored locally; sample files are included in this public repository.
SD0472_T001_1hao,SD0472_T001_1hao.xlsx,982367,Full hourly file stored locally; sample files are included in this public repository.
SD0473_T001_1hao,SD0473_T001_1hao.xlsx,972949,Full hourly file stored locally; sample files are included in this public repository.
SD0473_T002_2hao,SD0473_T002_2hao.xlsx,809958,Full hourly file stored locally; sample files are included in this public repository.
SD0473_T003_3hao,SD0473_T003_3hao.xlsx,967830,Full hourly file stored locally; sample files are included in this public repository.
SD0473_T004_4hao,SD0473_T004_4hao.xlsx,969298,Full hourly file stored locally; sample files are included in this public repository.
SD0473_T005_5hao,SD0473_T005_5hao.xlsx,981799,Full hourly file stored locally; sample files are included in this public repository.
SD0473_T006_6hao,SD0473_T006_6hao.xlsx,971356,Full hourly file stored locally; sample files are included in this public repository.
SD0473_T007_7hao,SD0473_T007_7hao.xlsx,968938,Full hourly file stored locally; sample files are included in this public repository.
SD0473_T008_8hao,SD0473_T008_8hao.xlsx,969508,Full hourly file stored locally; sample files are included in this public repository.
SD0474_T001_1hao,SD0474_T001_1hao.xlsx,988165,Full hourly file stored locally; sample files are included in this public repository.
SD0475_T001_1hao,SD0475_T001_1hao.xlsx,982365,Full hourly file stored locally; sample files are included in this public repository.
SD0475_T002_2hao,SD0475_T002_2hao.xlsx,996348,Full hourly file stored locally; sample files are included in this public repository.
SD0475_T003_3hao,SD0475_T003_3hao.xlsx,975831,Full hourly file stored locally; sample files are included in this public repository.
SD0476_T001_1hao,SD0476_T001_1hao.xlsx,982254,Full hourly file stored locally; sample files are included in this public repository.
SD0476_T002_2hao,SD0476_T002_2hao.xlsx,985850,Full hourly file stored locally; sample files are included in this public repository.
SD0477_T001_1hao,SD0477_T001_1hao.xlsx,995595,Full hourly file stored locally; sample files are included in this public repository.
SD0477_T002_2hao,SD0477_T002_2hao.xlsx,987055,Full hourly file stored locally; sample files are included in this public repository.
SD0477_T003_3hao,SD0477_T003_3hao.xlsx,987166,Full hourly file stored locally; sample files are included in this public repository.
SD0478_T001_1hao,SD0478_T001_1hao.xlsx,979071,Full hourly file stored locally; sample files are included in this public repository.
SD0478_T002_2hao,SD0478_T002_2hao.xlsx,984779,Full hourly file stored locally; sample files are included in this public repository.
SD0478_T003_3hao,SD0478_T003_3hao.xlsx,984009,Full hourly file stored locally; sample files are included in this public repository.
SD0479_T001_1hao,SD0479_T001_1hao.xlsx,997618,Full hourly file stored locally; sample files are included in this public repository.
SD0479_T002_2hao,SD0479_T002_2hao.xlsx,983288,Full hourly file stored locally; sample files are included in this public repository.
SD0480_T001_1hao,SD0480_T001_1hao.xlsx,999284,Full hourly file stored locally; sample files are included in this public repository.
SD0480_T002_2hao,SD0480_T002_2hao.xlsx,991284,Full hourly file stored locally; sample files are included in this public repository.
SD0481_T001_1hao,SD0481_T001_1hao.xlsx,980093,Full hourly file stored locally; sample files are included in this public repository.
SD0481_T002_2hao,SD0481_T002_2hao.xlsx,980196,Full hourly file stored locally; sample files are included in this public repository.
SD0482_T001_1hao,SD0482_T001_1hao.xlsx,981003,Full hourly file stored locally; sample files are included in this public repository.
SD0483_T001_1hao,SD0483_T001_1hao.xlsx,1000084,Full hourly file stored locally; sample files are included in this public repository.
SD0483_T002_2hao,SD0483_T002_2hao.xlsx,978511,Full hourly file stored locally; sample files are included in this public repository.
SD0484_T001_1hao,SD0484_T001_1hao.xlsx,977602,Full hourly file stored locally; sample files are included in this public repository.
SD0484_T002_2hao,SD0484_T002_2hao.xlsx,977816,Full hourly file stored locally; sample files are included in this public repository.
SD0484_T003_3hao,SD0484_T003_3hao.xlsx,970711,Full hourly file stored locally; sample files are included in this public repository.
SD0484_T004_4hao,SD0484_T004_4hao.xlsx,991979,Full hourly file stored locally; sample files are included in this public repository.
SD0484_T005_5hao,SD0484_T005_5hao.xlsx,824720,Full hourly file stored locally; sample files are included in this public repository.
SD0484_T006_6hao,SD0484_T006_6hao.xlsx,992551,Full hourly file stored locally; sample files are included in this public repository.
SD0484_T007_7hao,SD0484_T007_7hao.xlsx,976401,Full hourly file stored locally; sample files are included in this public repository.
SD0484_T008_8hao,SD0484_T008_8hao.xlsx,971549,Full hourly file stored locally; sample files are included in this public repository.
SD0484_T009_9hao,SD0484_T009_9hao.xlsx,977293,Full hourly file stored locally; sample files are included in this public repository.
SD0484_T010_10hao,SD0484_T010_10hao.xlsx,977476,Full hourly file stored locally; sample files are included in this public repository.
SD0484_T011_11hao,SD0484_T011_11hao.xlsx,974690,Full hourly file stored locally; sample files are included in this public repository.
SD0484_T012_12hao,SD0484_T012_12hao.xlsx,975781,Full hourly file stored locally; sample files are included in this public repository.
SD0484_T013_13hao,SD0484_T013_13hao.xlsx,999742,Full hourly file stored locally; sample files are included in this public repository.
SD0484_T014_14hao,SD0484_T014_14hao.xlsx,976130,Full hourly file stored locally; sample files are included in this public repository.
SD0484_T015_15hao,SD0484_T015_15hao.xlsx,999538,Full hourly file stored locally; sample files are included in this public repository.
SD0484_T016_16hao,SD0484_T016_16hao.xlsx,980973,Full hourly file stored locally; sample files are included in this public repository.
SD0484_T017_17hao,SD0484_T017_17hao.xlsx,991991,Full hourly file stored locally; sample files are included in this public repository.
SD0485_T001_1hao,SD0485_T001_1hao.xlsx,996939,Full hourly file stored locally; sample files are included in this public repository.
SD0485_T002_2hao,SD0485_T002_2hao.xlsx,994073,Full hourly file stored locally; sample files are included in this public repository.
SD0485_T003_3hao,SD0485_T003_3hao.xlsx,984907,Full hourly file stored locally; sample files are included in this public repository.
SD0485_T004_4hao,SD0485_T004_4hao.xlsx,978059,Full hourly file stored locally; sample files are included in this public repository.
SD0485_T005_5hao,SD0485_T005_5hao.xlsx,978174,Full hourly file stored locally; sample files are included in this public repository.
SD0485_T006_6hao,SD0485_T006_6hao.xlsx,984284,Full hourly file stored locally; sample files are included in this public repository.
SD0485_T007_7hao,SD0485_T007_7hao.xlsx,978186,Full hourly file stored locally; sample files are included in this public repository.
SD0485_T008_8hao,SD0485_T008_8hao.xlsx,978764,Full hourly file stored locally; sample files are included in this public repository.
SD0485_T009_9hao,SD0485_T009_9hao.xlsx,981348,Full hourly file stored locally; sample files are included in this public repository.
SD0485_T010_10hao,SD0485_T010_10hao.xlsx,981634,Full hourly file stored locally; sample files are included in this public repository.
SD0485_T011_11hao,SD0485_T011_11hao.xlsx,982554,Full hourly file stored locally; sample files are included in this public repository.
SD0485_T012_12hao,SD0485_T012_12hao.xlsx,977267,Full hourly file stored locally; sample files are included in this public repository.
SD0485_T013_13hao,SD0485_T013_13hao.xlsx,980926,Full hourly file stored locally; sample files are included in this public repository.
SD0485_T014_14hao,SD0485_T014_14hao.xlsx,981954,Full hourly file stored locally; sample files are included in this public repository.
SD0485_T015_15hao,SD0485_T015_15hao.xlsx,981454,Full hourly file stored locally; sample files are included in this public repository.
SD0485_T016_16hao,SD0485_T016_16hao.xlsx,978376,Full hourly file stored locally; sample files are included in this public repository.
SD0485_T017_17hao,SD0485_T017_17hao.xlsx,975461,Full hourly file stored locally; sample files are included in this public repository.
SD0485_T018_18hao,SD0485_T018_18hao.xlsx,973838,Full hourly file stored locally; sample files are included in this public repository.
SD0485_T019_19hao,SD0485_T019_19hao.xlsx,980802,Full hourly file stored locally; sample files are included in this public repository.
SD0486_T001_1hao,SD0486_T001_1hao.xlsx,977042,Full hourly file stored locally; sample files are included in this public repository.
SD0486_T002_2hao,SD0486_T002_2hao.xlsx,993648,Full hourly file stored locally; sample files are included in this public repository.
SD0486_T003_3hao,SD0486_T003_3hao.xlsx,980007,Full hourly file stored locally; sample files are included in this public repository.
SD0486_T004_4hao,SD0486_T004_4hao.xlsx,986685,Full hourly file stored locally; sample files are included in this public repository.
SD0487_T001_1hao,SD0487_T001_1hao.xlsx,1001641,Full hourly file stored locally; sample files are included in this public repository.
SD0487_T002_2hao,SD0487_T002_2hao.xlsx,978556,Full hourly file stored locally; sample files are included in this public repository.
SD0487_T003_3hao,SD0487_T003_3hao.xlsx,986229,Full hourly file stored locally; sample files are included in this public repository.
SD0487_T004_4hao,SD0487_T004_4hao.xlsx,986290,Full hourly file stored locally; sample files are included in this public repository.
SD0487_T005_5hao,SD0487_T005_5hao.xlsx,994135,Full hourly file stored locally; sample files are included in this public repository.
SD0488_T001_1hao,SD0488_T001_1hao.xlsx,988675,Full hourly file stored locally; sample files are included in this public repository.
SD0488_T002_2hao,SD0488_T002_2hao.xlsx,988581,Full hourly file stored locally; sample files are included in this public repository.
SD0488_T003_3hao,SD0488_T003_3hao.xlsx,975815,Full hourly file stored locally; sample files are included in this public repository.
SD0488_T004_4hao,SD0488_T004_4hao.xlsx,822735,Full hourly file stored locally; sample files are included in this public repository.
SD0488_T005_5hao,SD0488_T005_5hao.xlsx,992250,Full hourly file stored locally; sample files are included in this public repository.
SD0489_T001_1hao,SD0489_T001_1hao.xlsx,978616,Full hourly file stored locally; sample files are included in this public repository.
SD0489_T002_2hao,SD0489_T002_2hao.xlsx,978978,Full hourly file stored locally; sample files are included in this public repository.
SD0489_T003_3hao,SD0489_T003_3hao.xlsx,987695,Full hourly file stored locally; sample files are included in this public repository.
SD0489_T004_4hao,SD0489_T004_4hao.xlsx,976689,Full hourly file stored locally; sample files are included in this public repository.
SD0489_T005_5hao,SD0489_T005_5hao.xlsx,979044,Full hourly file stored locally; sample files are included in this public repository.
SD0489_T006_6hao,SD0489_T006_6hao.xlsx,810999,Full hourly file stored locally; sample files are included in this public repository.
SD0490_T001_1hao,SD0490_T001_1hao.xlsx,995285,Full hourly file stored locally; sample files are included in this public repository.
SD0490_T002_2hao,SD0490_T002_2hao.xlsx,1004533,Full hourly file stored locally; sample files are included in this public repository.
SD0490_T003_3hao,SD0490_T003_3hao.xlsx,991296,Full hourly file stored locally; sample files are included in this public repository.
SD0491_T001_1hao,SD0491_T001_1hao.xlsx,977727,Full hourly file stored locally; sample files are included in this public repository.
SD0491_T002_2hao,SD0491_T002_2hao.xlsx,989921,Full hourly file stored locally; sample files are included in this public repository.
SD0491_T003_3hao,SD0491_T003_3hao.xlsx,988462,Full hourly file stored locally; sample files are included in this public repository.
SD0491_T004_4hao,SD0491_T004_4hao.xlsx,975091,Full hourly file stored locally; sample files are included in this public repository.
SD0491_T005_5hao,SD0491_T005_5hao.xlsx,988069,Full hourly file stored locally; sample files are included in this public repository.
SD0491_T006_6hao,SD0491_T006_6hao.xlsx,977593,Full hourly file stored locally; sample files are included in this public repository.
SD0491_T007_7hao,SD0491_T007_7hao.xlsx,978064,Full hourly file stored locally; sample files are included in this public repository.
SD0491_T008_8hao,SD0491_T008_8hao.xlsx,987269,Full hourly file stored locally; sample files are included in this public repository.
SD0492_T001_1hao,SD0492_T001_1hao.xlsx,971962,Full hourly file stored locally; sample files are included in this public repository.
SD0492_T002_2hao,SD0492_T002_2hao.xlsx,972685,Full hourly file stored locally; sample files are included in this public repository.
SD0492_T003_3hao,SD0492_T003_3hao.xlsx,975707,Full hourly file stored locally; sample files are included in this public repository.
SD0492_T004_4hao,SD0492_T004_4hao.xlsx,973220,Full hourly file stored locally; sample files are included in this public repository.
SD0492_T005_5hao,SD0492_T005_5hao.xlsx,975491,Full hourly file stored locally; sample files are included in this public repository.
SD0492_T006_6hao,SD0492_T006_6hao.xlsx,974011,Full hourly file stored locally; sample files are included in this public repository.
SD0492_T007_7hao,SD0492_T007_7hao.xlsx,976613,Full hourly file stored locally; sample files are included in this public repository.
SD0492_T008_8hao,SD0492_T008_8hao.xlsx,974195,Full hourly file stored locally; sample files are included in this public repository.
SD0492_T009_9hao,SD0492_T009_9hao.xlsx,977266,Full hourly file stored locally; sample files are included in this public repository.
SD0492_T010_10hao,SD0492_T010_10hao.xlsx,980365,Full hourly file stored locally; sample files are included in this public repository.
SD0493_T001_1hao,SD0493_T001_1hao.xlsx,991474,Full hourly file stored locally; sample files are included in this public repository.
SD0494_T001_1hao,SD0494_T001_1hao.xlsx,980337,Full hourly file stored locally; sample files are included in this public repository.
SD0494_T002_2hao,SD0494_T002_2hao.xlsx,979295,Full hourly file stored locally; sample files are included in this public repository.
SD0494_T003_3hao,SD0494_T003_3hao.xlsx,988526,Full hourly file stored locally; sample files are included in this public repository.
SD0494_T004_4hao,SD0494_T004_4hao.xlsx,983544,Full hourly file stored locally; sample files are included in this public repository.
SD0495_T001_1hao,SD0495_T001_1hao.xlsx,999671,Full hourly file stored locally; sample files are included in this public repository.
SD0495_T002_2hao,SD0495_T002_2hao.xlsx,992964,Full hourly file stored locally; sample files are included in this public repository.
SD0495_T003_3hao,SD0495_T003_3hao.xlsx,978576,Full hourly file stored locally; sample files are included in this public repository.
SD0495_T004_4hao,SD0495_T004_4hao.xlsx,976201,Full hourly file stored locally; sample files are included in this public repository.
SD0495_T005_5hao,SD0495_T005_5hao.xlsx,981011,Full hourly file stored locally; sample files are included in this public repository.
SD0495_T006_6hao,SD0495_T006_6hao.xlsx,974338,Full hourly file stored locally; sample files are included in this public repository.
SD0495_T007_7hao,SD0495_T007_7hao.xlsx,971298,Full hourly file stored locally; sample files are included in this public repository.
SD0495_T008_8hao,SD0495_T008_8hao.xlsx,974371,Full hourly file stored locally; sample files are included in this public repository.
SD0495_T009_9hao,SD0495_T009_9hao.xlsx,1001119,Full hourly file stored locally; sample files are included in this public repository.
SD0495_T010_10hao,SD0495_T010_10hao.xlsx,985207,Full hourly file stored locally; sample files are included in this public repository.
SD0496_T001_1hao,SD0496_T001_1hao.xlsx,986292,Full hourly file stored locally; sample files are included in this public repository.
SD0497_T001_1hao,SD0497_T001_1hao.xlsx,980025,Full hourly file stored locally; sample files are included in this public repository.
SD0497_T002_2hao,SD0497_T002_2hao.xlsx,983623,Full hourly file stored locally; sample files are included in this public repository.
SD0497_T003_3hao,SD0497_T003_3hao.xlsx,966457,Full hourly file stored locally; sample files are included in this public repository.
SD0497_T004_4hao,SD0497_T004_4hao.xlsx,966997,Full hourly file stored locally; sample files are included in this public repository.
SD0498_T001_1hao,SD0498_T001_1hao.xlsx,978340,Full hourly file stored locally; sample files are included in this public repository.
SD0499_T001_1hao,SD0499_T001_1hao.xlsx,970912,Full hourly file stored locally; sample files are included in this public repository.
SD0500_T001_1hao,SD0500_T001_1hao.xlsx,988047,Full hourly file stored locally; sample files are included in this public repository.
SD0501_T001_1hao,SD0501_T001_1hao.xlsx,975832,Full hourly file stored locally; sample files are included in this public repository.
SD0502_T001_1hao,SD0502_T001_1hao.xlsx,985712,Full hourly file stored locally; sample files are included in this public repository.
SD0502_T002_2hao,SD0502_T002_2hao.xlsx,981282,Full hourly file stored locally; sample files are included in this public repository.
SD0502_T003_3hao,SD0502_T003_3hao.xlsx,980264,Full hourly file stored locally; sample files are included in this public repository.
SD0502_T004_4hao,SD0502_T004_4hao.xlsx,976514,Full hourly file stored locally; sample files are included in this public repository.
SD0502_T005_5hao,SD0502_T005_5hao.xlsx,977839,Full hourly file stored locally; sample files are included in this public repository.
SD0503_T001_1hao,SD0503_T001_1hao.xlsx,1000075,Full hourly file stored locally; sample files are included in this public repository.
SD0503_T002_2hao,SD0503_T002_2hao.xlsx,816253,Full hourly file stored locally; sample files are included in this public repository.
SD0503_T003_3hao,SD0503_T003_3hao.xlsx,981016,Full hourly file stored locally; sample files are included in this public repository.
SD0503_T004_4hao,SD0503_T004_4hao.xlsx,974315,Full hourly file stored locally; sample files are included in this public repository.
SD0503_T005_5hao,SD0503_T005_5hao.xlsx,1003279,Full hourly file stored locally; sample files are included in this public repository.
SD0504_T001_1hao,SD0504_T001_1hao.xlsx,969982,Full hourly file stored locally; sample files are included in this public repository.
SD0504_T002_2hao,SD0504_T002_2hao.xlsx,977317,Full hourly file stored locally; sample files are included in this public repository.
SD0504_T003_3hao,SD0504_T003_3hao.xlsx,988585,Full hourly file stored locally; sample files are included in this public repository.
SD0504_T004_4hao,SD0504_T004_4hao.xlsx,970021,Full hourly file stored locally; sample files are included in this public repository.
SD0504_T005_5hao,SD0504_T005_5hao.xlsx,980985,Full hourly file stored locally; sample files are included in this public repository.
SD0504_T006_6hao,SD0504_T006_6hao.xlsx,988286,Full hourly file stored locally; sample files are included in this public repository.
SD0504_T007_7hao,SD0504_T007_7hao.xlsx,992603,Full hourly file stored locally; sample files are included in this public repository.
SD0504_T008_8hao,SD0504_T008_8hao.xlsx,974901,Full hourly file stored locally; sample files are included in this public repository.
SD0505_T001_1hao,SD0505_T001_1hao.xlsx,1003135,Full hourly file stored locally; sample files are included in this public repository.
SD0505_T002_2hao,SD0505_T002_2hao.xlsx,984190,Full hourly file stored locally; sample files are included in this public repository.
SD0505_T003_3hao,SD0505_T003_3hao.xlsx,996635,Full hourly file stored locally; sample files are included in this public repository.
SD0506_T001_1hao,SD0506_T001_1hao.xlsx,968585,Full hourly file stored locally; sample files are included in this public repository.
SD0507_T001_1hao,SD0507_T001_1hao.xlsx,984235,Full hourly file stored locally; sample files are included in this public repository.
SD0507_T002_2hao,SD0507_T002_2hao.xlsx,1001678,Full hourly file stored locally; sample files are included in this public repository.
SD0508_T001_1hao,SD0508_T001_1hao.xlsx,994505,Full hourly file stored locally; sample files are included in this public repository.
SD0508_T002_2hao,SD0508_T002_2hao.xlsx,995056,Full hourly file stored locally; sample files are included in this public repository.
SD0508_T003_3hao,SD0508_T003_3hao.xlsx,976991,Full hourly file stored locally; sample files are included in this public repository.
SD0508_T004_4hao,SD0508_T004_4hao.xlsx,992346,Full hourly file stored locally; sample files are included in this public repository.
SD0509_T001_1hao,SD0509_T001_1hao.xlsx,989055,Full hourly file stored locally; sample files are included in this public repository.
SD0509_T002_2hao,SD0509_T002_2hao.xlsx,981058,Full hourly file stored locally; sample files are included in this public repository.
SD0510_T001_1hao,SD0510_T001_1hao.xlsx,1008474,Full hourly file stored locally; sample files are included in this public repository.
SD0511_T001_1hao,SD0511_T001_1hao.xlsx,815568,Full hourly file stored locally; sample files are included in this public repository.
SD0512_T001_1hao,SD0512_T001_1hao.xlsx,981399,Full hourly file stored locally; sample files are included in this public repository.
SD0512_T002_2hao,SD0512_T002_2hao.xlsx,980441,Full hourly file stored locally; sample files are included in this public repository.
SD0512_T003_3hao,SD0512_T003_3hao.xlsx,984801,Full hourly file stored locally; sample files are included in this public repository.
SD0512_T004_4hao,SD0512_T004_4hao.xlsx,1000729,Full hourly file stored locally; sample files are included in this public repository.
SD0513_T001_1hao,SD0513_T001_1hao.xlsx,981996,Full hourly file stored locally; sample files are included in this public repository.
SD0514_T001_1hao,SD0514_T001_1hao.xlsx,981986,Full hourly file stored locally; sample files are included in this public repository.
SD0515_T001_1hao,SD0515_T001_1hao.xlsx,1015819,Full hourly file stored locally; sample files are included in this public repository.
SD0516_T001_1hao,SD0516_T001_1hao.xlsx,981471,Full hourly file stored locally; sample files are included in this public repository.
SD0517_T001_1hao,SD0517_T001_1hao.xlsx,978424,Full hourly file stored locally; sample files are included in this public repository.
SD0518_T001_1hao,SD0518_T001_1hao.xlsx,982755,Full hourly file stored locally; sample files are included in this public repository.
SD0518_T002_2hao,SD0518_T002_2hao.xlsx,987045,Full hourly file stored locally; sample files are included in this public repository.
SD0519_T001_1hao,SD0519_T001_1hao.xlsx,987880,Full hourly file stored locally; sample files are included in this public repository.
SD0519_T002_2hao,SD0519_T002_2hao.xlsx,988534,Full hourly file stored locally; sample files are included in this public repository.
SD0520_T001_1hao,SD0520_T001_1hao.xlsx,1013525,Full hourly file stored locally; sample files are included in this public repository.
SD0521_T001_1hao,SD0521_T001_1hao.xlsx,1007870,Full hourly file stored locally; sample files are included in this public repository.
SD0521_T002_2hao,SD0521_T002_2hao.xlsx,986416,Full hourly file stored locally; sample files are included in this public repository.
SD0521_T003_3hao,SD0521_T003_3hao.xlsx,997059,Full hourly file stored locally; sample files are included in this public repository.
SD0521_T004_4hao,SD0521_T004_4hao.xlsx,988026,Full hourly file stored locally; sample files are included in this public repository.
SD0521_T005_5hao,SD0521_T005_5hao.xlsx,981749,Full hourly file stored locally; sample files are included in this public repository.
SD0522_T001_1hao,SD0522_T001_1hao.xlsx,988368,Full hourly file stored locally; sample files are included in this public repository.
SD0522_T002_2hao,SD0522_T002_2hao.xlsx,829401,Full hourly file stored locally; sample files are included in this public repository.
SD0522_T003_3hao,SD0522_T003_3hao.xlsx,986353,Full hourly file stored locally; sample files are included in this public repository.
SD0522_T004_4hao,SD0522_T004_4hao.xlsx,986263,Full hourly file stored locally; sample files are included in this public repository.
SD0522_T005_5hao,SD0522_T005_5hao.xlsx,987533,Full hourly file stored locally; sample files are included in this public repository.
SD0523_T001_1hao,SD0523_T001_1hao.xlsx,999343,Full hourly file stored locally; sample files are included in this public repository.
SD0523_T002_2hao,SD0523_T002_2hao.xlsx,980100,Full hourly file stored locally; sample files are included in this public repository.
SD0523_T003_3hao,SD0523_T003_3hao.xlsx,983102,Full hourly file stored locally; sample files are included in this public repository.
SD0523_T004_4hao,SD0523_T004_4hao.xlsx,985059,Full hourly file stored locally; sample files are included in this public repository.
SD0524_T001_1hao,SD0524_T001_1hao.xlsx,980348,Full hourly file stored locally; sample files are included in this public repository.
SD0524_T002_2hao,SD0524_T002_2hao.xlsx,981566,Full hourly file stored locally; sample files are included in this public repository.
SD0525_T001_1hao,SD0525_T001_1hao.xlsx,982022,Full hourly file stored locally; sample files are included in this public repository.
SD0526_T001_1hao,SD0526_T001_1hao.xlsx,998038,Full hourly file stored locally; sample files are included in this public repository.
SD0527_T001_1hao,SD0527_T001_1hao.xlsx,989700,Full hourly file stored locally; sample files are included in this public repository.
SD0527_T002_2hao,SD0527_T002_2hao.xlsx,995776,Full hourly file stored locally; sample files are included in this public repository.
SD0527_T003_3hao,SD0527_T003_3hao.xlsx,996024,Full hourly file stored locally; sample files are included in this public repository.
SD0528_T001_1hao,SD0528_T001_1hao.xlsx,1005321,Full hourly file stored locally; sample files are included in this public repository.
SD0529_T001_1hao,SD0529_T001_1hao.xlsx,1004633,Full hourly file stored locally; sample files are included in this public repository.
SD0530_T001_1hao,SD0530_T001_1hao.xlsx,996679,Full hourly file stored locally; sample files are included in this public repository.
SD0531_T001_1hao,SD0531_T001_1hao.xlsx,990467,Full hourly file stored locally; sample files are included in this public repository.
SD0532_T001_1hao,SD0532_T001_1hao.xlsx,990914,Full hourly file stored locally; sample files are included in this public repository.
SD0532_T002_2hao,SD0532_T002_2hao.xlsx,987796,Full hourly file stored locally; sample files are included in this public repository.
SD0532_T003_3hao,SD0532_T003_3hao.xlsx,990177,Full hourly file stored locally; sample files are included in this public repository.
SD0532_T004_4hao,SD0532_T004_4hao.xlsx,997314,Full hourly file stored locally; sample files are included in this public repository.
SD0533_T001_1hao,SD0533_T001_1hao.xlsx,985243,Full hourly file stored locally; sample files are included in this public repository.
SD0533_T002_2hao,SD0533_T002_2hao.xlsx,998265,Full hourly file stored locally; sample files are included in this public repository.
SD0533_T003_3hao,SD0533_T003_3hao.xlsx,987433,Full hourly file stored locally; sample files are included in this public repository.
SD0533_T004_4hao,SD0533_T004_4hao.xlsx,978774,Full hourly file stored locally; sample files are included in this public repository.
SD0533_T005_5hao,SD0533_T005_5hao.xlsx,996164,Full hourly file stored locally; sample files are included in this public repository.
SD0533_T006_6hao,SD0533_T006_6hao.xlsx,977419,Full hourly file stored locally; sample files are included in this public repository.
SD0533_T007_7hao,SD0533_T007_7hao.xlsx,987349,Full hourly file stored locally; sample files are included in this public repository.
SD0534_T001_1hao,SD0534_T001_1hao.xlsx,978467,Full hourly file stored locally; sample files are included in this public repository.
SD0534_T002_2hao,SD0534_T002_2hao.xlsx,981158,Full hourly file stored locally; sample files are included in this public repository.
SD0534_T003_3hao,SD0534_T003_3hao.xlsx,976915,Full hourly file stored locally; sample files are included in this public repository.
SD0534_T004_4hao,SD0534_T004_4hao.xlsx,974725,Full hourly file stored locally; sample files are included in this public repository.
SD0534_T005_5hao,SD0534_T005_5hao.xlsx,978074,Full hourly file stored locally; sample files are included in this public repository.
SD0534_T006_6hao,SD0534_T006_6hao.xlsx,973377,Full hourly file stored locally; sample files are included in this public repository.
SD0534_T007_7hao,SD0534_T007_7hao.xlsx,819007,Full hourly file stored locally; sample files are included in this public repository.
SD0534_T008_8hao,SD0534_T008_8hao.xlsx,822393,Full hourly file stored locally; sample files are included in this public repository.
SD0534_T009_9hao,SD0534_T009_9hao.xlsx,978525,Full hourly file stored locally; sample files are included in this public repository.
SD0534_T010_10hao,SD0534_T010_10hao.xlsx,980464,Full hourly file stored locally; sample files are included in this public repository.
SD0534_T011_11hao,SD0534_T011_11hao.xlsx,1000668,Full hourly file stored locally; sample files are included in this public repository.
SD0534_T012_12hao,SD0534_T012_12hao.xlsx,1006802,Full hourly file stored locally; sample files are included in this public repository.
SD0534_T013_13hao,SD0534_T013_13hao.xlsx,820141,Full hourly file stored locally; sample files are included in this public repository.
SD0534_T014_14hao,SD0534_T014_14hao.xlsx,816326,Full hourly file stored locally; sample files are included in this public repository.
SD0535_T001_1hao,SD0535_T001_1hao.xlsx,995107,Full hourly file stored locally; sample files are included in this public repository.
SD0535_T002_2hao,SD0535_T002_2hao.xlsx,986820,Full hourly file stored locally; sample files are included in this public repository.
SD0535_T003_3hao,SD0535_T003_3hao.xlsx,998051,Full hourly file stored locally; sample files are included in this public repository.
SD0535_T004_4hao,SD0535_T004_4hao.xlsx,1001909,Full hourly file stored locally; sample files are included in this public repository.
SD0535_T005_5hao,SD0535_T005_5hao.xlsx,999517,Full hourly file stored locally; sample files are included in this public repository.
SD0536_T001_1hao,SD0536_T001_1hao.xlsx,1002803,Full hourly file stored locally; sample files are included in this public repository.
SD0537_T001_1hao,SD0537_T001_1hao.xlsx,982099,Full hourly file stored locally; sample files are included in this public repository.
SD0537_T002_2hao,SD0537_T002_2hao.xlsx,989543,Full hourly file stored locally; sample files are included in this public repository.
SD0537_T003_3hao,SD0537_T003_3hao.xlsx,985599,Full hourly file stored locally; sample files are included in this public repository.
SD0538_T001_1hao,SD0538_T001_1hao.xlsx,1000012,Full hourly file stored locally; sample files are included in this public repository.
SD0539_T001_1hao,SD0539_T001_1hao.xlsx,987129,Full hourly file stored locally; sample files are included in this public repository.
SD0540_T001_1hao,SD0540_T001_1hao.xlsx,1010520,Full hourly file stored locally; sample files are included in this public repository.
SD0541_T001_1hao,SD0541_T001_1hao.xlsx,980444,Full hourly file stored locally; sample files are included in this public repository.
SD0541_T002_2hao,SD0541_T002_2hao.xlsx,978780,Full hourly file stored locally; sample files are included in this public repository.
SD0541_T003_3hao,SD0541_T003_3hao.xlsx,973179,Full hourly file stored locally; sample files are included in this public repository.
SD0541_T004_4hao,SD0541_T004_4hao.xlsx,984210,Full hourly file stored locally; sample files are included in this public repository.
SD0541_T005_5hao,SD0541_T005_5hao.xlsx,974295,Full hourly file stored locally; sample files are included in this public repository.
SD0541_T006_6hao,SD0541_T006_6hao.xlsx,974767,Full hourly file stored locally; sample files are included in this public repository.
SD0541_T007_7hao,SD0541_T007_7hao.xlsx,979395,Full hourly file stored locally; sample files are included in this public repository.
SD0541_T008_8hao,SD0541_T008_8hao.xlsx,973823,Full hourly file stored locally; sample files are included in this public repository.
SD0541_T009_9hao,SD0541_T009_9hao.xlsx,979102,Full hourly file stored locally; sample files are included in this public repository.
SD0541_T010_10hao,SD0541_T010_10hao.xlsx,977708,Full hourly file stored locally; sample files are included in this public repository.
SD0541_T011_11hao,SD0541_T011_11hao.xlsx,978686,Full hourly file stored locally; sample files are included in this public repository.
SD0541_T012_12hao,SD0541_T012_12hao.xlsx,989920,Full hourly file stored locally; sample files are included in this public repository.
SD0541_T013_13hao,SD0541_T013_13hao.xlsx,986326,Full hourly file stored locally; sample files are included in this public repository.
SD0541_T014_14hao,SD0541_T014_14hao.xlsx,987188,Full hourly file stored locally; sample files are included in this public repository.
SD0542_T001_1hao,SD0542_T001_1hao.xlsx,990399,Full hourly file stored locally; sample files are included in this public repository.
SD0542_T002_2hao,SD0542_T002_2hao.xlsx,979864,Full hourly file stored locally; sample files are included in this public repository.
SD0542_T003_3hao,SD0542_T003_3hao.xlsx,976582,Full hourly file stored locally; sample files are included in this public repository.
SD0543_T001_1hao,SD0543_T001_1hao.xlsx,988040,Full hourly file stored locally; sample files are included in this public repository.
SD0543_T002_2hao,SD0543_T002_2hao.xlsx,987298,Full hourly file stored locally; sample files are included in this public repository.
SD0543_T003_3hao,SD0543_T003_3hao.xlsx,989806,Full hourly file stored locally; sample files are included in this public repository.
SD0544_T001_1hao,SD0544_T001_1hao.xlsx,990556,Full hourly file stored locally; sample files are included in this public repository.
SD0544_T002_2hao,SD0544_T002_2hao.xlsx,981706,Full hourly file stored locally; sample files are included in this public repository.
SD0544_T003_3hao,SD0544_T003_3hao.xlsx,818063,Full hourly file stored locally; sample files are included in this public repository.
SD0544_T004_4hao,SD0544_T004_4hao.xlsx,983080,Full hourly file stored locally; sample files are included in this public repository.
SD0544_T005_5hao,SD0544_T005_5hao.xlsx,977352,Full hourly file stored locally; sample files are included in this public repository.
SD0545_T001_1hao,SD0545_T001_1hao.xlsx,973071,Full hourly file stored locally; sample files are included in this public repository.
SD0546_T001_1hao,SD0546_T001_1hao.xlsx,983154,Full hourly file stored locally; sample files are included in this public repository.
SD0547_T001_1hao,SD0547_T001_1hao.xlsx,988481,Full hourly file stored locally; sample files are included in this public repository.
SD0548_T001_1hao,SD0548_T001_1hao.xlsx,982057,Full hourly file stored locally; sample files are included in this public repository.
SD0549_T001_1hao,SD0549_T001_1hao.xlsx,978724,Full hourly file stored locally; sample files are included in this public repository.
SD0550_T001_1hao,SD0550_T001_1hao.xlsx,978711,Full hourly file stored locally; sample files are included in this public repository.
SD0550_T002_2hao,SD0550_T002_2hao.xlsx,979993,Full hourly file stored locally; sample files are included in this public repository.
SD0550_T003_3hao,SD0550_T003_3hao.xlsx,980530,Full hourly file stored locally; sample files are included in this public repository.
SD0550_T004_4hao,SD0550_T004_4hao.xlsx,980297,Full hourly file stored locally; sample files are included in this public repository.
SD0550_T005_5hao,SD0550_T005_5hao.xlsx,983688,Full hourly file stored locally; sample files are included in this public repository.
SD0551_T001_1hao,SD0551_T001_1hao.xlsx,983011,Full hourly file stored locally; sample files are included in this public repository.
SD0552_T001_1hao,SD0552_T001_1hao.xlsx,991478,Full hourly file stored locally; sample files are included in this public repository.
SD0553_T001_1hao,SD0553_T001_1hao.xlsx,974392,Full hourly file stored locally; sample files are included in this public repository.
SD0554_T001_1hao,SD0554_T001_1hao.xlsx,992767,Full hourly file stored locally; sample files are included in this public repository.
SD0554_T002_2hao,SD0554_T002_2hao.xlsx,995537,Full hourly file stored locally; sample files are included in this public repository.
SD0555_T001_1hao,SD0555_T001_1hao.xlsx,981422,Full hourly file stored locally; sample files are included in this public repository.
SD0556_T001_1hao,SD0556_T001_1hao.xlsx,980825,Full hourly file stored locally; sample files are included in this public repository.
SD0556_T002_2hao,SD0556_T002_2hao.xlsx,984097,Full hourly file stored locally; sample files are included in this public repository.
SD0557_T001_1hao,SD0557_T001_1hao.xlsx,976055,Full hourly file stored locally; sample files are included in this public repository.
SD0558_T001_1hao,SD0558_T001_1hao.xlsx,977958,Full hourly file stored locally; sample files are included in this public repository.
SD0559_T001_1hao,SD0559_T001_1hao.xlsx,982568,Full hourly file stored locally; sample files are included in this public repository.
SD0559_T002_2hao,SD0559_T002_2hao.xlsx,981935,Full hourly file stored locally; sample files are included in this public repository.
SD0560_T001_1hao,SD0560_T001_1hao.xlsx,990937,Full hourly file stored locally; sample files are included in this public repository.
SD0561_T001_1hao,SD0561_T001_1hao.xlsx,986225,Full hourly file stored locally; sample files are included in this public repository.
SD0562_T001_1hao,SD0562_T001_1hao.xlsx,989382,Full hourly file stored locally; sample files are included in this public repository.
SD0562_T002_2hao,SD0562_T002_2hao.xlsx,987387,Full hourly file stored locally; sample files are included in this public repository.
SD0562_T003_3hao,SD0562_T003_3hao.xlsx,984141,Full hourly file stored locally; sample files are included in this public repository.
SD0562_T004_4hao,SD0562_T004_4hao.xlsx,987056,Full hourly file stored locally; sample files are included in this public repository.
SD0563_T001_1hao,SD0563_T001_1hao.xlsx,1002983,Full hourly file stored locally; sample files are included in this public repository.
SD0564_T001_1hao,SD0564_T001_1hao.xlsx,974288,Full hourly file stored locally; sample files are included in this public repository.
SD0565_T001_1hao,SD0565_T001_1hao.xlsx,984151,Full hourly file stored locally; sample files are included in this public repository.
SD0565_T002_2hao,SD0565_T002_2hao.xlsx,989969,Full hourly file stored locally; sample files are included in this public repository.
SD0565_T003_3hao,SD0565_T003_3hao.xlsx,996133,Full hourly file stored locally; sample files are included in this public repository.
SD0565_T004_4hao,SD0565_T004_4hao.xlsx,984496,Full hourly file stored locally; sample files are included in this public repository.
SD0565_T005_5hao,SD0565_T005_5hao.xlsx,991338,Full hourly file stored locally; sample files are included in this public repository.
SD0565_T006_6hao,SD0565_T006_6hao.xlsx,984666,Full hourly file stored locally; sample files are included in this public repository.
SD0565_T007_7hao,SD0565_T007_7hao.xlsx,982976,Full hourly file stored locally; sample files are included in this public repository.
SD0566_T001_1hao,SD0566_T001_1hao.xlsx,989044,Full hourly file stored locally; sample files are included in this public repository.
SD0566_T002_2hao,SD0566_T002_2hao.xlsx,990280,Full hourly file stored locally; sample files are included in this public repository.
SD0566_T003_3hao,SD0566_T003_3hao.xlsx,987942,Full hourly file stored locally; sample files are included in this public repository.
SD0566_T004_4hao,SD0566_T004_4hao.xlsx,978314,Full hourly file stored locally; sample files are included in this public repository.
SD0567_T001_1hao,SD0567_T001_1hao.xlsx,984515,Full hourly file stored locally; sample files are included in this public repository.
SD0567_T002_2hao,SD0567_T002_2hao.xlsx,984121,Full hourly file stored locally; sample files are included in this public repository.
SD0568_T001_1hao,SD0568_T001_1hao.xlsx,991120,Full hourly file stored locally; sample files are included in this public repository.
SD0569_T001_1hao,SD0569_T001_1hao.xlsx,978568,Full hourly file stored locally; sample files are included in this public repository.
SD0570_T001_1hao,SD0570_T001_1hao.xlsx,975478,Full hourly file stored locally; sample files are included in this public repository.
SD0570_T002_2hao,SD0570_T002_2hao.xlsx,975730,Full hourly file stored locally; sample files are included in this public repository.
SD0570_T003_3hao,SD0570_T003_3hao.xlsx,992793,Full hourly file stored locally; sample files are included in this public repository.
SD0571_T001_1hao,SD0571_T001_1hao.xlsx,975159,Full hourly file stored locally; sample files are included in this public repository.
SD0572_T001_1hao,SD0572_T001_1hao.xlsx,986927,Full hourly file stored locally; sample files are included in this public repository.
SD0572_T002_2hao,SD0572_T002_2hao.xlsx,986487,Full hourly file stored locally; sample files are included in this public repository.
SD0573_T001_1hao,SD0573_T001_1hao.xlsx,829245,Full hourly file stored locally; sample files are included in this public repository.
SD0573_T002_2hao,SD0573_T002_2hao.xlsx,992151,Full hourly file stored locally; sample files are included in this public repository.
SD0573_T003_3hao,SD0573_T003_3hao.xlsx,991920,Full hourly file stored locally; sample files are included in this public repository.
SD0573_T004_4hao,SD0573_T004_4hao.xlsx,993336,Full hourly file stored locally; sample files are included in this public repository.
SD0573_T005_5hao,SD0573_T005_5hao.xlsx,984047,Full hourly file stored locally; sample files are included in this public repository.
SD0574_T001_1hao,SD0574_T001_1hao.xlsx,977013,Full hourly file stored locally; sample files are included in this public repository.
SD0575_T001_1hao,SD0575_T001_1hao.xlsx,996731,Full hourly file stored locally; sample files are included in this public repository.
SD0575_T002_2hao,SD0575_T002_2hao.xlsx,990481,Full hourly file stored locally; sample files are included in this public repository.
SD0575_T003_3hao,SD0575_T003_3hao.xlsx,982868,Full hourly file stored locally; sample files are included in this public repository.
SD0576_T001_1hao,SD0576_T001_1hao.xlsx,1002212,Full hourly file stored locally; sample files are included in this public repository.
SD0576_T002_2hao,SD0576_T002_2hao.xlsx,977478,Full hourly file stored locally; sample files are included in this public repository.
SD0576_T003_3hao,SD0576_T003_3hao.xlsx,975412,Full hourly file stored locally; sample files are included in this public repository.
SD0576_T004_4hao,SD0576_T004_4hao.xlsx,984115,Full hourly file stored locally; sample files are included in this public repository.
SD0576_T005_5hao,SD0576_T005_5hao.xlsx,979808,Full hourly file stored locally; sample files are included in this public repository.
SD0576_T006_6hao,SD0576_T006_6hao.xlsx,995634,Full hourly file stored locally; sample files are included in this public repository.
SD0576_T007_7hao,SD0576_T007_7hao.xlsx,980091,Full hourly file stored locally; sample files are included in this public repository.
SD0577_T001_1hao,SD0577_T001_1hao.xlsx,992029,Full hourly file stored locally; sample files are included in this public repository.
SD0577_T002_2hao,SD0577_T002_2hao.xlsx,991873,Full hourly file stored locally; sample files are included in this public repository.
SD0578_T001_1hao,SD0578_T001_1hao.xlsx,991506,Full hourly file stored locally; sample files are included in this public repository.
SD0579_T001_1hao,SD0579_T001_1hao.xlsx,978684,Full hourly file stored locally; sample files are included in this public repository.
SD0579_T002_2hao,SD0579_T002_2hao.xlsx,983467,Full hourly file stored locally; sample files are included in this public repository.
SD0579_T003_3hao,SD0579_T003_3hao.xlsx,979986,Full hourly file stored locally; sample files are included in this public repository.
SD0579_T004_4hao,SD0579_T004_4hao.xlsx,983735,Full hourly file stored locally; sample files are included in this public repository.
SD0580_T001_1hao,SD0580_T001_1hao.xlsx,986631,Full hourly file stored locally; sample files are included in this public repository.
SD0580_T002_2hao,SD0580_T002_2hao.xlsx,985524,Full hourly file stored locally; sample files are included in this public repository.
SD0580_T003_3hao,SD0580_T003_3hao.xlsx,985527,Full hourly file stored locally; sample files are included in this public repository.
SD0580_T004_4hao,SD0580_T004_4hao.xlsx,990380,Full hourly file stored locally; sample files are included in this public repository.
SD0580_T005_5hao,SD0580_T005_5hao.xlsx,981634,Full hourly file stored locally; sample files are included in this public repository.
SD0580_T006_6hao,SD0580_T006_6hao.xlsx,982143,Full hourly file stored locally; sample files are included in this public repository.
SD0581_T001_1hao,SD0581_T001_1hao.xlsx,986103,Full hourly file stored locally; sample files are included in this public repository.
SD0581_T002_2hao,SD0581_T002_2hao.xlsx,985444,Full hourly file stored locally; sample files are included in this public repository.
SD0581_T003_3hao,SD0581_T003_3hao.xlsx,985450,Full hourly file stored locally; sample files are included in this public repository.
SD0581_T004_4hao,SD0581_T004_4hao.xlsx,987908,Full hourly file stored locally; sample files are included in this public repository.
SD0582_T001_1hao,SD0582_T001_1hao.xlsx,977424,Full hourly file stored locally; sample files are included in this public repository.
SD0582_T002_2hao,SD0582_T002_2hao.xlsx,977928,Full hourly file stored locally; sample files are included in this public repository.
SD0582_T003_3hao,SD0582_T003_3hao.xlsx,977132,Full hourly file stored locally; sample files are included in this public repository.
SD0582_T004_4hao,SD0582_T004_4hao.xlsx,976907,Full hourly file stored locally; sample files are included in this public repository.
SD0582_T005_5hao,SD0582_T005_5hao.xlsx,976504,Full hourly file stored locally; sample files are included in this public repository.
SD0582_T006_6hao,SD0582_T006_6hao.xlsx,976833,Full hourly file stored locally; sample files are included in this public repository.
SD0583_T001_1hao,SD0583_T001_1hao.xlsx,979311,Full hourly file stored locally; sample files are included in this public repository.
SD0583_T002_2hao,SD0583_T002_2hao.xlsx,980266,Full hourly file stored locally; sample files are included in this public repository.
SD0583_T003_3hao,SD0583_T003_3hao.xlsx,992713,Full hourly file stored locally; sample files are included in this public repository.
SD0583_T004_4hao,SD0583_T004_4hao.xlsx,979949,Full hourly file stored locally; sample files are included in this public repository.
SD0583_T005_5hao,SD0583_T005_5hao.xlsx,979636,Full hourly file stored locally; sample files are included in this public repository.
SD0583_T006_6hao,SD0583_T006_6hao.xlsx,984177,Full hourly file stored locally; sample files are included in this public repository.
SD0583_T007_7hao,SD0583_T007_7hao.xlsx,995316,Full hourly file stored locally; sample files are included in this public repository.
SD0583_T008_8hao,SD0583_T008_8hao.xlsx,978013,Full hourly file stored locally; sample files are included in this public repository.
SD0583_T009_9hao,SD0583_T009_9hao.xlsx,985789,Full hourly file stored locally; sample files are included in this public repository.
SD0583_T010_10hao,SD0583_T010_10hao.xlsx,984602,Full hourly file stored locally; sample files are included in this public repository.
SD0583_T011_11hao,SD0583_T011_11hao.xlsx,985951,Full hourly file stored locally; sample files are included in this public repository.
SD0583_T012_12hao,SD0583_T012_12hao.xlsx,984589,Full hourly file stored locally; sample files are included in this public repository.
SD0583_T013_13hao,SD0583_T013_13hao.xlsx,978036,Full hourly file stored locally; sample files are included in this public repository.
SD0584_T001_1hao,SD0584_T001_1hao.xlsx,978898,Full hourly file stored locally; sample files are included in this public repository.
SD0584_T002_2hao,SD0584_T002_2hao.xlsx,977810,Full hourly file stored locally; sample files are included in this public repository.
SD0584_T003_3hao,SD0584_T003_3hao.xlsx,978311,Full hourly file stored locally; sample files are included in this public repository.
SD0584_T004_4hao,SD0584_T004_4hao.xlsx,977794,Full hourly file stored locally; sample files are included in this public repository.
SD0584_T005_5hao,SD0584_T005_5hao.xlsx,979940,Full hourly file stored locally; sample files are included in this public repository.
SD0584_T006_6hao,SD0584_T006_6hao.xlsx,978461,Full hourly file stored locally; sample files are included in this public repository.
SD0584_T007_7hao,SD0584_T007_7hao.xlsx,979269,Full hourly file stored locally; sample files are included in this public repository.
SD0584_T008_8hao,SD0584_T008_8hao.xlsx,993171,Full hourly file stored locally; sample files are included in this public repository.
SD0584_T009_9hao,SD0584_T009_9hao.xlsx,978959,Full hourly file stored locally; sample files are included in this public repository.
SD0584_T010_10hao,SD0584_T010_10hao.xlsx,979170,Full hourly file stored locally; sample files are included in this public repository.
SD0585_T001_1hao,SD0585_T001_1hao.xlsx,999794,Full hourly file stored locally; sample files are included in this public repository.
SD0585_T002_2hao,SD0585_T002_2hao.xlsx,1001169,Full hourly file stored locally; sample files are included in this public repository.
SD0586_T001_1hao,SD0586_T001_1hao.xlsx,995676,Full hourly file stored locally; sample files are included in this public repository.
SD0586_T002_2hao,SD0586_T002_2hao.xlsx,998922,Full hourly file stored locally; sample files are included in this public repository.
SD0587_T001_1hao,SD0587_T001_1hao.xlsx,997442,Full hourly file stored locally; sample files are included in this public repository.
SD0587_T002_2hao,SD0587_T002_2hao.xlsx,999394,Full hourly file stored locally; sample files are included in this public repository.
SD0587_T003_3hao,SD0587_T003_3hao.xlsx,990444,Full hourly file stored locally; sample files are included in this public repository.
SD0587_T004_4hao,SD0587_T004_4hao.xlsx,982333,Full hourly file stored locally; sample files are included in this public repository.
SD0587_T005_5hao,SD0587_T005_5hao.xlsx,1003489,Full hourly file stored locally; sample files are included in this public repository.
SD0587_T006_6hao,SD0587_T006_6hao.xlsx,981928,Full hourly file stored locally; sample files are included in this public repository.
SD0588_T001_1hao,SD0588_T001_1hao.xlsx,984240,Full hourly file stored locally; sample files are included in this public repository.
SD0588_T002_2hao,SD0588_T002_2hao.xlsx,987235,Full hourly file stored locally; sample files are included in this public repository.
SD0589_T001_1hao,SD0589_T001_1hao.xlsx,994324,Full hourly file stored locally; sample files are included in this public repository.
SD0589_T002_2hao,SD0589_T002_2hao.xlsx,1000360,Full hourly file stored locally; sample files are included in this public repository.
SD0589_T003_3hao,SD0589_T003_3hao.xlsx,992968,Full hourly file stored locally; sample files are included in this public repository.
SD0589_T004_4hao,SD0589_T004_4hao.xlsx,1002053,Full hourly file stored locally; sample files are included in this public repository.
SD0589_T005_5hao,SD0589_T005_5hao.xlsx,995807,Full hourly file stored locally; sample files are included in this public repository.
SD0589_T006_6hao,SD0589_T006_6hao.xlsx,1004511,Full hourly file stored locally; sample files are included in this public repository.
SD0590_T001_1hao,SD0590_T001_1hao.xlsx,986671,Full hourly file stored locally; sample files are included in this public repository.
SD0590_T002_2hao,SD0590_T002_2hao.xlsx,995738,Full hourly file stored locally; sample files are included in this public repository.
SD0590_T003_3hao,SD0590_T003_3hao.xlsx,994824,Full hourly file stored locally; sample files are included in this public repository.
SD0590_T004_4hao,SD0590_T004_4hao.xlsx,823526,Full hourly file stored locally; sample files are included in this public repository.
SD0592_T001_1hao,SD0592_T001_1hao.xlsx,992727,Full hourly file stored locally; sample files are included in this public repository.
SD0592_T002_2hao,SD0592_T002_2hao.xlsx,1013620,Full hourly file stored locally; sample files are included in this public repository.
SD0592_T003_3hao,SD0592_T003_3hao.xlsx,1003329,Full hourly file stored locally; sample files are included in this public repository.
SD0592_T004_4hao,SD0592_T004_4hao.xlsx,1006541,Full hourly file stored locally; sample files are included in this public repository.
SD0592_T005_5hao,SD0592_T005_5hao.xlsx,975554,Full hourly file stored locally; sample files are included in this public repository.
SD0593_T001_1hao,SD0593_T001_1hao.xlsx,985268,Full hourly file stored locally; sample files are included in this public repository.
SD0594_T001_1hao,SD0594_T001_1hao.xlsx,984845,Full hourly file stored locally; sample files are included in this public repository.
SD0594_T002_2hao,SD0594_T002_2hao.xlsx,993229,Full hourly file stored locally; sample files are included in this public repository.
SD0594_T003_3hao,SD0594_T003_3hao.xlsx,999263,Full hourly file stored locally; sample files are included in this public repository.
SD0594_T004_4hao,SD0594_T004_4hao.xlsx,999275,Full hourly file stored locally; sample files are included in this public repository.
SD0595_T001_1hao,SD0595_T001_1hao.xlsx,996266,Full hourly file stored locally; sample files are included in this public repository.
SD0596_T001_1hao,SD0596_T001_1hao.xlsx,1006134,Full hourly file stored locally; sample files are included in this public repository.
SD0597_T001_1hao,SD0597_T001_1hao.xlsx,985529,Full hourly file stored locally; sample files are included in this public repository.
SD0598_T001_1hao,SD0598_T001_1hao.xlsx,979991,Full hourly file stored locally; sample files are included in this public repository.
SD0598_T002_2hao,SD0598_T002_2hao.xlsx,976116,Full hourly file stored locally; sample files are included in this public repository.
SD0598_T003_3hao,SD0598_T003_3hao.xlsx,831299,Full hourly file stored locally; sample files are included in this public repository.
SD0598_T004_4hao,SD0598_T004_4hao.xlsx,984006,Full hourly file stored locally; sample files are included in this public repository.
SD0598_T005_5hao,SD0598_T005_5hao.xlsx,991232,Full hourly file stored locally; sample files are included in this public repository.
SD0599_T001_1hao,SD0599_T001_1hao.xlsx,1000014,Full hourly file stored locally; sample files are included in this public repository.
SD0599_T002_2hao,SD0599_T002_2hao.xlsx,993146,Full hourly file stored locally; sample files are included in this public repository.
SD0599_T003_3hao,SD0599_T003_3hao.xlsx,1000651,Full hourly file stored locally; sample files are included in this public repository.
SD0600_T001_1hao,SD0600_T001_1hao.xlsx,1000813,Full hourly file stored locally; sample files are included in this public repository.
SD0600_T002_2hao,SD0600_T002_2hao.xlsx,987018,Full hourly file stored locally; sample files are included in this public repository.
SD0601_T001_1hao,SD0601_T001_1hao.xlsx,990821,Full hourly file stored locally; sample files are included in this public repository.
SD0601_T002_2hao,SD0601_T002_2hao.xlsx,984106,Full hourly file stored locally; sample files are included in this public repository.
SD0601_T003_3hao,SD0601_T003_3hao.xlsx,992114,Full hourly file stored locally; sample files are included in this public repository.
SD0601_T004_4hao,SD0601_T004_4hao.xlsx,989285,Full hourly file stored locally; sample files are included in this public repository.
SD0601_T005_5hao,SD0601_T005_5hao.xlsx,994477,Full hourly file stored locally; sample files are included in this public repository.
SD0602_T001_1hao,SD0602_T001_1hao.xlsx,1004093,Full hourly file stored locally; sample files are included in this public repository.
SD0603_T001_1hao,SD0603_T001_1hao.xlsx,986596,Full hourly file stored locally; sample files are included in this public repository.
SD0604_T001_1hao,SD0604_T001_1hao.xlsx,1004304,Full hourly file stored locally; sample files are included in this public repository.
SD0605_T001_1hao,SD0605_T001_1hao.xlsx,1021002,Full hourly file stored locally; sample files are included in this public repository.
SD0606_T001_1hao,SD0606_T001_1hao.xlsx,981606,Full hourly file stored locally; sample files are included in this public repository.
SD0607_T001_1hao,SD0607_T001_1hao.xlsx,978071,Full hourly file stored locally; sample files are included in this public repository.
SD0607_T002_2hao,SD0607_T002_2hao.xlsx,991707,Full hourly file stored locally; sample files are included in this public repository.
SD0607_T003_3hao,SD0607_T003_3hao.xlsx,979798,Full hourly file stored locally; sample files are included in this public repository.
SD0607_T004_4hao,SD0607_T004_4hao.xlsx,979524,Full hourly file stored locally; sample files are included in this public repository.
SD0607_T005_5hao,SD0607_T005_5hao.xlsx,979720,Full hourly file stored locally; sample files are included in this public repository.
SD0607_T006_6hao,SD0607_T006_6hao.xlsx,820469,Full hourly file stored locally; sample files are included in this public repository.
SD0607_T007_7hao,SD0607_T007_7hao.xlsx,981413,Full hourly file stored locally; sample files are included in this public repository.
SD0607_T008_8hao,SD0607_T008_8hao.xlsx,979482,Full hourly file stored locally; sample files are included in this public repository.
SD0608_T001_1hao,SD0608_T001_1hao.xlsx,978601,Full hourly file stored locally; sample files are included in this public repository.
SD0608_T002_2hao,SD0608_T002_2hao.xlsx,1001590,Full hourly file stored locally; sample files are included in this public repository.
SD0608_T003_3hao,SD0608_T003_3hao.xlsx,1002287,Full hourly file stored locally; sample files are included in this public repository.
SD0608_T004_4hao,SD0608_T004_4hao.xlsx,1000706,Full hourly file stored locally; sample files are included in this public repository.
SD0608_T005_5hao,SD0608_T005_5hao.xlsx,1002462,Full hourly file stored locally; sample files are included in this public repository.
SD0608_T006_6hao,SD0608_T006_6hao.xlsx,1019786,Full hourly file stored locally; sample files are included in this public repository.
SD0609_T001_1hao,SD0609_T001_1hao.xlsx,994673,Full hourly file stored locally; sample files are included in this public repository.
SD0610_T001_1hao,SD0610_T001_1hao.xlsx,1000392,Full hourly file stored locally; sample files are included in this public repository.
SD0611_T001_1hao,SD0611_T001_1hao.xlsx,1001180,Full hourly file stored locally; sample files are included in this public repository.
SD0611_T002_2hao,SD0611_T002_2hao.xlsx,998937,Full hourly file stored locally; sample files are included in this public repository.
SD0611_T003_3hao,SD0611_T003_3hao.xlsx,986895,Full hourly file stored locally; sample files are included in this public repository.
SD0611_T004_4hao,SD0611_T004_4hao.xlsx,981831,Full hourly file stored locally; sample files are included in this public repository.
SD0611_T005_5hao,SD0611_T005_5hao.xlsx,987893,Full hourly file stored locally; sample files are included in this public repository.
SD0612_T001_1hao,SD0612_T001_1hao.xlsx,998579,Full hourly file stored locally; sample files are included in this public repository.
SD0612_T002_2hao,SD0612_T002_2hao.xlsx,984514,Full hourly file stored locally; sample files are included in this public repository.
SD0612_T003_3hao,SD0612_T003_3hao.xlsx,983128,Full hourly file stored locally; sample files are included in this public repository.
SD0612_T004_4hao,SD0612_T004_4hao.xlsx,986879,Full hourly file stored locally; sample files are included in this public repository.
SD0612_T005_5hao,SD0612_T005_5hao.xlsx,995624,Full hourly file stored locally; sample files are included in this public repository.
SD0612_T006_6hao,SD0612_T006_6hao.xlsx,997344,Full hourly file stored locally; sample files are included in this public repository.
SD0612_T007_7hao,SD0612_T007_7hao.xlsx,987291,Full hourly file stored locally; sample files are included in this public repository.
SD0612_T008_8hao,SD0612_T008_8hao.xlsx,985885,Full hourly file stored locally; sample files are included in this public repository.
SD0612_T009_9hao,SD0612_T009_9hao.xlsx,984956,Full hourly file stored locally; sample files are included in this public repository.
SD0612_T010_10hao,SD0612_T010_10hao.xlsx,986903,Full hourly file stored locally; sample files are included in this public repository.
SD0612_T011_11hao,SD0612_T011_11hao.xlsx,984309,Full hourly file stored locally; sample files are included in this public repository.
SD0613_T001_1hao,SD0613_T001_1hao.xlsx,981263,Full hourly file stored locally; sample files are included in this public repository.
SD0613_T002_2hao,SD0613_T002_2hao.xlsx,983723,Full hourly file stored locally; sample files are included in this public repository.
SD0613_T003_3hao,SD0613_T003_3hao.xlsx,997824,Full hourly file stored locally; sample files are included in this public repository.
SD0613_T004_4hao,SD0613_T004_4hao.xlsx,986085,Full hourly file stored locally; sample files are included in this public repository.
SD0613_T005_5hao,SD0613_T005_5hao.xlsx,976222,Full hourly file stored locally; sample files are included in this public repository.
SD0613_T006_6hao,SD0613_T006_6hao.xlsx,998876,Full hourly file stored locally; sample files are included in this public repository.
SD0613_T007_7hao,SD0613_T007_7hao.xlsx,998125,Full hourly file stored locally; sample files are included in this public repository.
SD0614_T001_1hao,SD0614_T001_1hao.xlsx,989589,Full hourly file stored locally; sample files are included in this public repository.
SD0614_T002_2hao,SD0614_T002_2hao.xlsx,1003150,Full hourly file stored locally; sample files are included in this public repository.
SD0615_T001_1hao,SD0615_T001_1hao.xlsx,980355,Full hourly file stored locally; sample files are included in this public repository.
SD0615_T002_2hao,SD0615_T002_2hao.xlsx,985132,Full hourly file stored locally; sample files are included in this public repository.
SD0615_T003_3hao,SD0615_T003_3hao.xlsx,988800,Full hourly file stored locally; sample files are included in this public repository.
SD0616_T001_1hao,SD0616_T001_1hao.xlsx,996287,Full hourly file stored locally; sample files are included in this public repository.
SD0616_T002_2hao,SD0616_T002_2hao.xlsx,994684,Full hourly file stored locally; sample files are included in this public repository.
SD0616_T003_3hao,SD0616_T003_3hao.xlsx,1008774,Full hourly file stored locally; sample files are included in this public repository.
SD0616_T004_4hao,SD0616_T004_4hao.xlsx,995274,Full hourly file stored locally; sample files are included in this public repository.
SD0617_T001_1hao,SD0617_T001_1hao.xlsx,998582,Full hourly file stored locally; sample files are included in this public repository.
SD0618_T001_1hao,SD0618_T001_1hao.xlsx,1001607,Full hourly file stored locally; sample files are included in this public repository.
SD0618_T002_2hao,SD0618_T002_2hao.xlsx,827221,Full hourly file stored locally; sample files are included in this public repository.
SD0618_T003_3hao,SD0618_T003_3hao.xlsx,993653,Full hourly file stored locally; sample files are included in this public repository.
SD0618_T004_4hao,SD0618_T004_4hao.xlsx,987720,Full hourly file stored locally; sample files are included in this public repository.
SD0618_T005_5hao,SD0618_T005_5hao.xlsx,1001104,Full hourly file stored locally; sample files are included in this public repository.
SD0618_T006_6hao,SD0618_T006_6hao.xlsx,999541,Full hourly file stored locally; sample files are included in this public repository.
SD0618_T007_7hao,SD0618_T007_7hao.xlsx,1002412,Full hourly file stored locally; sample files are included in this public repository.
SD0618_T008_8hao,SD0618_T008_8hao.xlsx,989962,Full hourly file stored locally; sample files are included in this public repository.
SD0619_T001_1hao,SD0619_T001_1hao.xlsx,1003090,Full hourly file stored locally; sample files are included in this public repository.
SD0620_T001_1hao,SD0620_T001_1hao.xlsx,831146,Full hourly file stored locally; sample files are included in this public repository.
SD0620_T002_2hao,SD0620_T002_2hao.xlsx,1004705,Full hourly file stored locally; sample files are included in this public repository.
SD0621_T001_1hao,SD0621_T001_1hao.xlsx,1010216,Full hourly file stored locally; sample files are included in this public repository.
SD0621_T002_2hao,SD0621_T002_2hao.xlsx,992937,Full hourly file stored locally; sample files are included in this public repository.
SD0621_T003_3hao,SD0621_T003_3hao.xlsx,992327,Full hourly file stored locally; sample files are included in this public repository.
SD0621_T004_4hao,SD0621_T004_4hao.xlsx,984527,Full hourly file stored locally; sample files are included in this public repository.
SD0621_T005_5hao,SD0621_T005_5hao.xlsx,989406,Full hourly file stored locally; sample files are included in this public repository.
SD0621_T006_6hao,SD0621_T006_6hao.xlsx,993247,Full hourly file stored locally; sample files are included in this public repository.
SD0621_T007_7hao,SD0621_T007_7hao.xlsx,988485,Full hourly file stored locally; sample files are included in this public repository.
SD0621_T008_8hao,SD0621_T008_8hao.xlsx,989454,Full hourly file stored locally; sample files are included in this public repository.
SD0621_T009_9hao,SD0621_T009_9hao.xlsx,818837,Full hourly file stored locally; sample files are included in this public repository.
SD0621_T010_10hao,SD0621_T010_10hao.xlsx,990455,Full hourly file stored locally; sample files are included in this public repository.
SD0621_T011_11hao,SD0621_T011_11hao.xlsx,994279,Full hourly file stored locally; sample files are included in this public repository.
SD0622_T001_1hao,SD0622_T001_1hao.xlsx,982268,Full hourly file stored locally; sample files are included in this public repository.
SD0622_T002_2hao,SD0622_T002_2hao.xlsx,992618,Full hourly file stored locally; sample files are included in this public repository.
SD0622_T003_3hao,SD0622_T003_3hao.xlsx,989553,Full hourly file stored locally; sample files are included in this public repository.
SD0622_T004_4hao,SD0622_T004_4hao.xlsx,993743,Full hourly file stored locally; sample files are included in this public repository.
SD0622_T005_5hao,SD0622_T005_5hao.xlsx,986236,Full hourly file stored locally; sample files are included in this public repository.
SD0622_T006_6hao,SD0622_T006_6hao.xlsx,990488,Full hourly file stored locally; sample files are included in this public repository.
SD0623_T001_1hao,SD0623_T001_1hao.xlsx,985099,Full hourly file stored locally; sample files are included in this public repository.
SD0624_T001_1hao,SD0624_T001_1hao.xlsx,1002898,Full hourly file stored locally; sample files are included in this public repository.
SD0624_T002_2hao,SD0624_T002_2hao.xlsx,1004083,Full hourly file stored locally; sample files are included in this public repository.
SD0624_T003_3hao,SD0624_T003_3hao.xlsx,992670,Full hourly file stored locally; sample files are included in this public repository.
SD0624_T004_4hao,SD0624_T004_4hao.xlsx,1005180,Full hourly file stored locally; sample files are included in this public repository.
SD0624_T005_5hao,SD0624_T005_5hao.xlsx,1013028,Full hourly file stored locally; sample files are included in this public repository.
SD0625_T001_1hao,SD0625_T001_1hao.xlsx,977985,Full hourly file stored locally; sample files are included in this public repository.
SD0625_T002_2hao,SD0625_T002_2hao.xlsx,977559,Full hourly file stored locally; sample files are included in this public repository.
SD0625_T003_3hao,SD0625_T003_3hao.xlsx,1008027,Full hourly file stored locally; sample files are included in this public repository.
SD0625_T004_4hao,SD0625_T004_4hao.xlsx,989428,Full hourly file stored locally; sample files are included in this public repository.
SD0625_T005_5hao,SD0625_T005_5hao.xlsx,987790,Full hourly file stored locally; sample files are included in this public repository.
SD0625_T006_6hao,SD0625_T006_6hao.xlsx,999769,Full hourly file stored locally; sample files are included in this public repository.
SD0625_T007_7hao,SD0625_T007_7hao.xlsx,981525,Full hourly file stored locally; sample files are included in this public repository.
SD0625_T008_8hao,SD0625_T008_8hao.xlsx,833744,Full hourly file stored locally; sample files are included in this public repository.
SD0625_T009_9hao,SD0625_T009_9hao.xlsx,994447,Full hourly file stored locally; sample files are included in this public repository.
SD0625_T010_10hao,SD0625_T010_10hao.xlsx,986344,Full hourly file stored locally; sample files are included in this public repository.
SD0625_T011_11hao,SD0625_T011_11hao.xlsx,987520,Full hourly file stored locally; sample files are included in this public repository.
SD0625_T012_12hao,SD0625_T012_12hao.xlsx,1006862,Full hourly file stored locally; sample files are included in this public repository.
SD0625_T013_13hao,SD0625_T013_13hao.xlsx,835173,Full hourly file stored locally; sample files are included in this public repository.
SD0625_T014_14hao,SD0625_T014_14hao.xlsx,986208,Full hourly file stored locally; sample files are included in this public repository.
SD0625_T015_15hao,SD0625_T015_15hao.xlsx,977714,Full hourly file stored locally; sample files are included in this public repository.
SD0626_T001_1hao,SD0626_T001_1hao.xlsx,987297,Full hourly file stored locally; sample files are included in this public repository.
SD0626_T002_2hao,SD0626_T002_2hao.xlsx,995032,Full hourly file stored locally; sample files are included in this public repository.
SD0626_T003_3hao,SD0626_T003_3hao.xlsx,993270,Full hourly file stored locally; sample files are included in this public repository.
SD0626_T004_4hao,SD0626_T004_4hao.xlsx,996855,Full hourly file stored locally; sample files are included in this public repository.
SD0626_T005_5hao,SD0626_T005_5hao.xlsx,982200,Full hourly file stored locally; sample files are included in this public repository.
SD0626_T006_6hao,SD0626_T006_6hao.xlsx,982313,Full hourly file stored locally; sample files are included in this public repository.
SD0626_T007_7hao,SD0626_T007_7hao.xlsx,982817,Full hourly file stored locally; sample files are included in this public repository.
SD0626_T008_8hao,SD0626_T008_8hao.xlsx,983583,Full hourly file stored locally; sample files are included in this public repository.
SD0626_T009_9hao,SD0626_T009_9hao.xlsx,979456,Full hourly file stored locally; sample files are included in this public repository.
SD0626_T010_10hao,SD0626_T010_10hao.xlsx,986330,Full hourly file stored locally; sample files are included in this public repository.
SD0626_T011_11hao,SD0626_T011_11hao.xlsx,985516,Full hourly file stored locally; sample files are included in this public repository.
SD0626_T012_12hao,SD0626_T012_12hao.xlsx,994321,Full hourly file stored locally; sample files are included in this public repository.
SD0626_T013_13hao,SD0626_T013_13hao.xlsx,994750,Full hourly file stored locally; sample files are included in this public repository.
SD0626_T014_14hao,SD0626_T014_14hao.xlsx,980222,Full hourly file stored locally; sample files are included in this public repository.
SD0626_T015_15hao,SD0626_T015_15hao.xlsx,977527,Full hourly file stored locally; sample files are included in this public repository.
SD0626_T016_16hao,SD0626_T016_16hao.xlsx,998074,Full hourly file stored locally; sample files are included in this public repository.
SD0626_T017_17hao,SD0626_T017_17hao.xlsx,979748,Full hourly file stored locally; sample files are included in this public repository.
SD0626_T018_18hao,SD0626_T018_18hao.xlsx,991685,Full hourly file stored locally; sample files are included in this public repository.
SD0627_T001_1hao,SD0627_T001_1hao.xlsx,991240,Full hourly file stored locally; sample files are included in this public repository.
SD0627_T002_2hao,SD0627_T002_2hao.xlsx,984592,Full hourly file stored locally; sample files are included in this public repository.
SD0628_T001_1hao,SD0628_T001_1hao.xlsx,990394,Full hourly file stored locally; sample files are included in this public repository.
SD0629_T001_1hao,SD0629_T001_1hao.xlsx,988998,Full hourly file stored locally; sample files are included in this public repository.
SD0630_T001_1hao,SD0630_T001_1hao.xlsx,989607,Full hourly file stored locally; sample files are included in this public repository.
SD0631_T001_1hao,SD0631_T001_1hao.xlsx,988494,Full hourly file stored locally; sample files are included in this public repository.
SD0631_T002_2hao,SD0631_T002_2hao.xlsx,988122,Full hourly file stored locally; sample files are included in this public repository.
SD0631_T003_3hao,SD0631_T003_3hao.xlsx,988410,Full hourly file stored locally; sample files are included in this public repository.
SD0631_T004_4hao,SD0631_T004_4hao.xlsx,978545,Full hourly file stored locally; sample files are included in this public repository.
SD0632_T001_1hao,SD0632_T001_1hao.xlsx,985647,Full hourly file stored locally; sample files are included in this public repository.
SD0632_T002_2hao,SD0632_T002_2hao.xlsx,997818,Full hourly file stored locally; sample files are included in this public repository.
SD0632_T003_3hao,SD0632_T003_3hao.xlsx,821648,Full hourly file stored locally; sample files are included in this public repository.
SD0632_T004_4hao,SD0632_T004_4hao.xlsx,976234,Full hourly file stored locally; sample files are included in this public repository.
SD0632_T005_5hao,SD0632_T005_5hao.xlsx,982762,Full hourly file stored locally; sample files are included in this public repository.
SD0633_T001_1hao,SD0633_T001_1hao.xlsx,985011,Full hourly file stored locally; sample files are included in this public repository.
SD0633_T002_2hao,SD0633_T002_2hao.xlsx,989431,Full hourly file stored locally; sample files are included in this public repository.
SD0633_T003_3hao,SD0633_T003_3hao.xlsx,999381,Full hourly file stored locally; sample files are included in this public repository.
SD0633_T004_4hao,SD0633_T004_4hao.xlsx,986273,Full hourly file stored locally; sample files are included in this public repository.
SD0633_T005_5hao,SD0633_T005_5hao.xlsx,989823,Full hourly file stored locally; sample files are included in this public repository.
SD0633_T006_6hao,SD0633_T006_6hao.xlsx,985238,Full hourly file stored locally; sample files are included in this public repository.
SD0634_T001_1hao,SD0634_T001_1hao.xlsx,995047,Full hourly file stored locally; sample files are included in this public repository.
SD0635_T001_1hao,SD0635_T001_1hao.xlsx,992089,Full hourly file stored locally; sample files are included in this public repository.
SD0635_T002_2hao,SD0635_T002_2hao.xlsx,980831,Full hourly file stored locally; sample files are included in this public repository.
SD0635_T003_3hao,SD0635_T003_3hao.xlsx,989074,Full hourly file stored locally; sample files are included in this public repository.
SD0635_T004_4hao,SD0635_T004_4hao.xlsx,985054,Full hourly file stored locally; sample files are included in this public repository.
SD0636_T001_1hao,SD0636_T001_1hao.xlsx,999479,Full hourly file stored locally; sample files are included in this public repository.
SD0636_T002_2hao,SD0636_T002_2hao.xlsx,995595,Full hourly file stored locally; sample files are included in this public repository.
SD0636_T003_3hao,SD0636_T003_3hao.xlsx,983779,Full hourly file stored locally; sample files are included in this public repository.
SD0636_T004_4hao,SD0636_T004_4hao.xlsx,984368,Full hourly file stored locally; sample files are included in this public repository.
SD0636_T005_5hao,SD0636_T005_5hao.xlsx,1002376,Full hourly file stored locally; sample files are included in this public repository.
SD0636_T006_6hao,SD0636_T006_6hao.xlsx,997261,Full hourly file stored locally; sample files are included in this public repository.
SD0637_T001_1hao,SD0637_T001_1hao.xlsx,981197,Full hourly file stored locally; sample files are included in this public repository.
SD0637_T002_2hao,SD0637_T002_2hao.xlsx,982630,Full hourly file stored locally; sample files are included in this public repository.
SD0637_T003_3hao,SD0637_T003_3hao.xlsx,982023,Full hourly file stored locally; sample files are included in this public repository.
SD0638_T001_1hao,SD0638_T001_1hao.xlsx,983461,Full hourly file stored locally; sample files are included in this public repository.
SD0638_T002_2hao,SD0638_T002_2hao.xlsx,985839,Full hourly file stored locally; sample files are included in this public repository.
SD0638_T003_3hao,SD0638_T003_3hao.xlsx,988215,Full hourly file stored locally; sample files are included in this public repository.
SD0638_T004_4hao,SD0638_T004_4hao.xlsx,988265,Full hourly file stored locally; sample files are included in this public repository.
SD0638_T005_5hao,SD0638_T005_5hao.xlsx,981705,Full hourly file stored locally; sample files are included in this public repository.
SD0638_T006_6hao,SD0638_T006_6hao.xlsx,984954,Full hourly file stored locally; sample files are included in this public repository.
SD0639_T001_1hao,SD0639_T001_1hao.xlsx,979290,Full hourly file stored locally; sample files are included in this public repository.
SD0639_T002_2hao,SD0639_T002_2hao.xlsx,978901,Full hourly file stored locally; sample files are included in this public repository.
SD0639_T003_3hao,SD0639_T003_3hao.xlsx,993405,Full hourly file stored locally; sample files are included in this public repository.
SD0640_T001_1hao,SD0640_T001_1hao.xlsx,979110,Full hourly file stored locally; sample files are included in this public repository.
SD0640_T002_2hao,SD0640_T002_2hao.xlsx,981394,Full hourly file stored locally; sample files are included in this public repository.
SD0641_T001_1hao,SD0641_T001_1hao.xlsx,989255,Full hourly file stored locally; sample files are included in this public repository.
SD0642_T001_1hao,SD0642_T001_1hao.xlsx,982886,Full hourly file stored locally; sample files are included in this public repository.
SD0642_T002_2hao,SD0642_T002_2hao.xlsx,976195,Full hourly file stored locally; sample files are included in this public repository.
SD0642_T003_3hao,SD0642_T003_3hao.xlsx,1001954,Full hourly file stored locally; sample files are included in this public repository.
SD0642_T004_4hao,SD0642_T004_4hao.xlsx,1000274,Full hourly file stored locally; sample files are included in this public repository.
SD0642_T005_5hao,SD0642_T005_5hao.xlsx,991051,Full hourly file stored locally; sample files are included in this public repository.
SD0642_T006_6hao,SD0642_T006_6hao.xlsx,988550,Full hourly file stored locally; sample files are included in this public repository.
SD0642_T007_7hao,SD0642_T007_7hao.xlsx,988560,Full hourly file stored locally; sample files are included in this public repository.
SD0642_T008_8hao,SD0642_T008_8hao.xlsx,1001933,Full hourly file stored locally; sample files are included in this public repository.
SD0643_T001_1hao,SD0643_T001_1hao.xlsx,1000411,Full hourly file stored locally; sample files are included in this public repository.
SD0644_T001_1hao,SD0644_T001_1hao.xlsx,996782,Full hourly file stored locally; sample files are included in this public repository.
SD0644_T002_2hao,SD0644_T002_2hao.xlsx,997746,Full hourly file stored locally; sample files are included in this public repository.
SD0644_T003_3hao,SD0644_T003_3hao.xlsx,1001887,Full hourly file stored locally; sample files are included in this public repository.
SD0644_T004_4hao,SD0644_T004_4hao.xlsx,998228,Full hourly file stored locally; sample files are included in this public repository.
SD0644_T005_5hao,SD0644_T005_5hao.xlsx,988996,Full hourly file stored locally; sample files are included in this public repository.
SD0644_T006_6hao,SD0644_T006_6hao.xlsx,992647,Full hourly file stored locally; sample files are included in this public repository.
SD0644_T007_7hao,SD0644_T007_7hao.xlsx,990963,Full hourly file stored locally; sample files are included in this public repository.
SD0644_T008_8hao,SD0644_T008_8hao.xlsx,992773,Full hourly file stored locally; sample files are included in this public repository.
SD0644_T009_9hao,SD0644_T009_9hao.xlsx,992353,Full hourly file stored locally; sample files are included in this public repository.
SD0645_T001_1hao,SD0645_T001_1hao.xlsx,1002577,Full hourly file stored locally; sample files are included in this public repository.
SD0646_T001_1hao,SD0646_T001_1hao.xlsx,1001639,Full hourly file stored locally; sample files are included in this public repository.
SD0646_T002_2hao,SD0646_T002_2hao.xlsx,995486,Full hourly file stored locally; sample files are included in this public repository.
SD0647_T001_1hao,SD0647_T001_1hao.xlsx,1011387,Full hourly file stored locally; sample files are included in this public repository.
SD0647_T002_2hao,SD0647_T002_2hao.xlsx,977656,Full hourly file stored locally; sample files are included in this public repository.
SD0648_T001_1hao,SD0648_T001_1hao.xlsx,985606,Full hourly file stored locally; sample files are included in this public repository.
SD0648_T002_2hao,SD0648_T002_2hao.xlsx,982385,Full hourly file stored locally; sample files are included in this public repository.
SD0648_T003_3hao,SD0648_T003_3hao.xlsx,984155,Full hourly file stored locally; sample files are included in this public repository.
SD0648_T004_4hao,SD0648_T004_4hao.xlsx,982511,Full hourly file stored locally; sample files are included in this public repository.
SD0648_T005_5hao,SD0648_T005_5hao.xlsx,813640,Full hourly file stored locally; sample files are included in this public repository.
SD0649_T001_1hao,SD0649_T001_1hao.xlsx,1011057,Full hourly file stored locally; sample files are included in this public repository.
SD0650_T001_1hao,SD0650_T001_1hao.xlsx,1000830,Full hourly file stored locally; sample files are included in this public repository.
SD0651_T001_1hao,SD0651_T001_1hao.xlsx,989885,Full hourly file stored locally; sample files are included in this public repository.
SD0652_T001_1hao,SD0652_T001_1hao.xlsx,1011138,Full hourly file stored locally; sample files are included in this public repository.
SD0653_T001_1hao,SD0653_T001_1hao.xlsx,977355,Full hourly file stored locally; sample files are included in this public repository.
SD0653_T002_2hao,SD0653_T002_2hao.xlsx,974532,Full hourly file stored locally; sample files are included in this public repository.
SD0654_T001_1hao,SD0654_T001_1hao.xlsx,998387,Full hourly file stored locally; sample files are included in this public repository.
SD0655_T001_1hao,SD0655_T001_1hao.xlsx,978818,Full hourly file stored locally; sample files are included in this public repository.
SD0655_T002_2hao,SD0655_T002_2hao.xlsx,985568,Full hourly file stored locally; sample files are included in this public repository.
SD0656_T001_1hao,SD0656_T001_1hao.xlsx,1001089,Full hourly file stored locally; sample files are included in this public repository.
SD0656_T002_2hao,SD0656_T002_2hao.xlsx,977588,Full hourly file stored locally; sample files are included in this public repository.
SD0658_T001_1hao,SD0658_T001_1hao.xlsx,1002569,Full hourly file stored locally; sample files are included in this public repository.
SD0658_T002_2hao,SD0658_T002_2hao.xlsx,997679,Full hourly file stored locally; sample files are included in this public repository.
SD0659_T001_1hao,SD0659_T001_1hao.xlsx,982165,Full hourly file stored locally; sample files are included in this public repository.
SD0659_T002_2hao,SD0659_T002_2hao.xlsx,991739,Full hourly file stored locally; sample files are included in this public repository.
SD0659_T003_3hao,SD0659_T003_3hao.xlsx,992158,Full hourly file stored locally; sample files are included in this public repository.
SD0659_T004_4hao,SD0659_T004_4hao.xlsx,993407,Full hourly file stored locally; sample files are included in this public repository.
SD0659_T005_5hao,SD0659_T005_5hao.xlsx,988548,Full hourly file stored locally; sample files are included in this public repository.
SD0659_T006_6hao,SD0659_T006_6hao.xlsx,989190,Full hourly file stored locally; sample files are included in this public repository.
SD0659_T007_7hao,SD0659_T007_7hao.xlsx,994999,Full hourly file stored locally; sample files are included in this public repository.
SD0659_T008_8hao,SD0659_T008_8hao.xlsx,983348,Full hourly file stored locally; sample files are included in this public repository.
SD0659_T009_9hao,SD0659_T009_9hao.xlsx,994038,Full hourly file stored locally; sample files are included in this public repository.
SD0659_T010_10hao,SD0659_T010_10hao.xlsx,995264,Full hourly file stored locally; sample files are included in this public repository.
SD0659_T011_11hao,SD0659_T011_11hao.xlsx,994228,Full hourly file stored locally; sample files are included in this public repository.
SD0660_T001_1hao,SD0660_T001_1hao.xlsx,1019826,Full hourly file stored locally; sample files are included in this public repository.
SD0661_T001_1hao,SD0661_T001_1hao.xlsx,994072,Full hourly file stored locally; sample files are included in this public repository.
SD0662_T001_1hao,SD0662_T001_1hao.xlsx,1013084,Full hourly file stored locally; sample files are included in this public repository.
SD0663_T001_1hao,SD0663_T001_1hao.xlsx,988588,Full hourly file stored locally; sample files are included in this public repository.
SD0664_T001_1hao,SD0664_T001_1hao.xlsx,1018329,Full hourly file stored locally; sample files are included in this public repository.
SD0665_T001_1hao,SD0665_T001_1hao.xlsx,968618,Full hourly file stored locally; sample files are included in this public repository.
SD0666_T001_1hao,SD0666_T001_1hao.xlsx,990519,Full hourly file stored locally; sample files are included in this public repository.
SD0667_T001_1hao,SD0667_T001_1hao.xlsx,829043,Full hourly file stored locally; sample files are included in this public repository.
SD0668_T001_1hao,SD0668_T001_1hao.xlsx,1006831,Full hourly file stored locally; sample files are included in this public repository.
SD0669_T001_1hao,SD0669_T001_1hao.xlsx,980021,Full hourly file stored locally; sample files are included in this public repository.
SD0669_T002_2hao,SD0669_T002_2hao.xlsx,976873,Full hourly file stored locally; sample files are included in this public repository.
SD0669_T003_3hao,SD0669_T003_3hao.xlsx,974076,Full hourly file stored locally; sample files are included in this public repository.
SD0669_T004_4hao,SD0669_T004_4hao.xlsx,978227,Full hourly file stored locally; sample files are included in this public repository.
SD0669_T005_5hao,SD0669_T005_5hao.xlsx,980079,Full hourly file stored locally; sample files are included in this public repository.
SD0669_T006_6hao,SD0669_T006_6hao.xlsx,983482,Full hourly file stored locally; sample files are included in this public repository.
SD0669_T007_7hao,SD0669_T007_7hao.xlsx,977031,Full hourly file stored locally; sample files are included in this public repository.
SD0669_T008_8hao,SD0669_T008_8hao.xlsx,981231,Full hourly file stored locally; sample files are included in this public repository.
SD0669_T009_9hao,SD0669_T009_9hao.xlsx,971712,Full hourly file stored locally; sample files are included in this public repository.
SD0669_T010_10hao,SD0669_T010_10hao.xlsx,973959,Full hourly file stored locally; sample files are included in this public repository.
SD0669_T011_11hao,SD0669_T011_11hao.xlsx,973666,Full hourly file stored locally; sample files are included in this public repository.
SD0669_T012_12hao,SD0669_T012_12hao.xlsx,982136,Full hourly file stored locally; sample files are included in this public repository.
SD0670_T001_1hao,SD0670_T001_1hao.xlsx,998524,Full hourly file stored locally; sample files are included in this public repository.
SD0670_T002_2hao,SD0670_T002_2hao.xlsx,999653,Full hourly file stored locally; sample files are included in this public repository.
SD0670_T003_3hao,SD0670_T003_3hao.xlsx,1005969,Full hourly file stored locally; sample files are included in this public repository.
SD0670_T004_4hao,SD0670_T004_4hao.xlsx,825768,Full hourly file stored locally; sample files are included in this public repository.
SD0670_T005_5hao,SD0670_T005_5hao.xlsx,987147,Full hourly file stored locally; sample files are included in this public repository.
SD0671_T001_1hao,SD0671_T001_1hao.xlsx,1006103,Full hourly file stored locally; sample files are included in this public repository.
SD0672_T001_1hao,SD0672_T001_1hao.xlsx,1004499,Full hourly file stored locally; sample files are included in this public repository.
SD0673_T001_1hao,SD0673_T001_1hao.xlsx,1007127,Full hourly file stored locally; sample files are included in this public repository.
SD0674_T001_1hao,SD0674_T001_1hao.xlsx,1008781,Full hourly file stored locally; sample files are included in this public repository.
SD0675_T001_1hao,SD0675_T001_1hao.xlsx,1002346,Full hourly file stored locally; sample files are included in this public repository.
SD0676_T001_1hao,SD0676_T001_1hao.xlsx,991090,Full hourly file stored locally; sample files are included in this public repository.
SD0677_T001_1hao,SD0677_T001_1hao.xlsx,1008077,Full hourly file stored locally; sample files are included in this public repository.
SD0677_T002_2hao,SD0677_T002_2hao.xlsx,979969,Full hourly file stored locally; sample files are included in this public repository.
SD0677_T003_3hao,SD0677_T003_3hao.xlsx,986337,Full hourly file stored locally; sample files are included in this public repository.
SD0677_T004_4hao,SD0677_T004_4hao.xlsx,977194,Full hourly file stored locally; sample files are included in this public repository.
SD0677_T005_5hao,SD0677_T005_5hao.xlsx,985517,Full hourly file stored locally; sample files are included in this public repository.
SD0677_T006_6hao,SD0677_T006_6hao.xlsx,989255,Full hourly file stored locally; sample files are included in this public repository.
SD0677_T007_7hao,SD0677_T007_7hao.xlsx,973871,Full hourly file stored locally; sample files are included in this public repository.
SD0677_T008_8hao,SD0677_T008_8hao.xlsx,984571,Full hourly file stored locally; sample files are included in this public repository.
SD0677_T009_9hao,SD0677_T009_9hao.xlsx,987708,Full hourly file stored locally; sample files are included in this public repository.
SD0677_T010_10hao,SD0677_T010_10hao.xlsx,987527,Full hourly file stored locally; sample files are included in this public repository.
SD0677_T011_11hao,SD0677_T011_11hao.xlsx,996107,Full hourly file stored locally; sample files are included in this public repository.
SD0677_T012_12hao,SD0677_T012_12hao.xlsx,978775,Full hourly file stored locally; sample files are included in this public repository.
SD0677_T013_13hao,SD0677_T013_13hao.xlsx,982163,Full hourly file stored locally; sample files are included in this public repository.
SD0677_T014_14hao,SD0677_T014_14hao.xlsx,1001276,Full hourly file stored locally; sample files are included in this public repository.
SD0678_T001_1hao,SD0678_T001_1hao.xlsx,1005061,Full hourly file stored locally; sample files are included in this public repository.
SD0679_T001_1hao,SD0679_T001_1hao.xlsx,1010540,Full hourly file stored locally; sample files are included in this public repository.
SD0679_T002_2hao,SD0679_T002_2hao.xlsx,997140,Full hourly file stored locally; sample files are included in this public repository.
SD0679_T003_3hao,SD0679_T003_3hao.xlsx,985819,Full hourly file stored locally; sample files are included in this public repository.
SD0679_T004_4hao,SD0679_T004_4hao.xlsx,1005740,Full hourly file stored locally; sample files are included in this public repository.
SD0680_T001_1hao,SD0680_T001_1hao.xlsx,991111,Full hourly file stored locally; sample files are included in this public repository.
SD0680_T002_2hao,SD0680_T002_2hao.xlsx,986607,Full hourly file stored locally; sample files are included in this public repository.
SD0681_T001_1hao,SD0681_T001_1hao.xlsx,1007686,Full hourly file stored locally; sample files are included in this public repository.
SD0682_T001_1hao,SD0682_T001_1hao.xlsx,996159,Full hourly file stored locally; sample files are included in this public repository.
SD0683_T001_1hao,SD0683_T001_1hao.xlsx,1004556,Full hourly file stored locally; sample files are included in this public repository.
SD0684_T001_1hao,SD0684_T001_1hao.xlsx,981489,Full hourly file stored locally; sample files are included in this public repository.
SD0685_T001_1hao,SD0685_T001_1hao.xlsx,1000161,Full hourly file stored locally; sample files are included in this public repository.
SD0686_T001_1hao,SD0686_T001_1hao.xlsx,969316,Full hourly file stored locally; sample files are included in this public repository.
SD0687_T001_1hao,SD0687_T001_1hao.xlsx,1024215,Full hourly file stored locally; sample files are included in this public repository.
SD0688_T001_1hao,SD0688_T001_1hao.xlsx,1019791,Full hourly file stored locally; sample files are included in this public repository.
SD0689_T001_1hao,SD0689_T001_1hao.xlsx,997395,Full hourly file stored locally; sample files are included in this public repository.
SD0690_T001_1hao,SD0690_T001_1hao.xlsx,977438,Full hourly file stored locally; sample files are included in this public repository.
SD0691_T001_1hao,SD0691_T001_1hao.xlsx,990174,Full hourly file stored locally; sample files are included in this public repository.
SD0692_T001_1hao,SD0692_T001_1hao.xlsx,994335,Full hourly file stored locally; sample files are included in this public repository.
SD0692_T002_2hao,SD0692_T002_2hao.xlsx,984710,Full hourly file stored locally; sample files are included in this public repository.
SD0693_T001_1hao,SD0693_T001_1hao.xlsx,971943,Full hourly file stored locally; sample files are included in this public repository.
SD0693_T002_2hao,SD0693_T002_2hao.xlsx,984136,Full hourly file stored locally; sample files are included in this public repository.
SD0693_T003_3hao,SD0693_T003_3hao.xlsx,972189,Full hourly file stored locally; sample files are included in this public repository.
SD0693_T004_4hao,SD0693_T004_4hao.xlsx,969625,Full hourly file stored locally; sample files are included in this public repository.
SD0693_T005_5hao,SD0693_T005_5hao.xlsx,972132,Full hourly file stored locally; sample files are included in this public repository.
SD0693_T006_6hao,SD0693_T006_6hao.xlsx,972900,Full hourly file stored locally; sample files are included in this public repository.
SD0693_T007_7hao,SD0693_T007_7hao.xlsx,984564,Full hourly file stored locally; sample files are included in this public repository.
SD0694_T001_1hao,SD0694_T001_1hao.xlsx,977257,Full hourly file stored locally; sample files are included in this public repository.
SD0694_T002_2hao,SD0694_T002_2hao.xlsx,976101,Full hourly file stored locally; sample files are included in this public repository.
SD0694_T003_3hao,SD0694_T003_3hao.xlsx,827612,Full hourly file stored locally; sample files are included in this public repository.
SD0694_T004_4hao,SD0694_T004_4hao.xlsx,976393,Full hourly file stored locally; sample files are included in this public repository.
SD0695_T001_1hao,SD0695_T001_1hao.xlsx,982799,Full hourly file stored locally; sample files are included in this public repository.
SD0696_T001_1hao,SD0696_T001_1hao.xlsx,993805,Full hourly file stored locally; sample files are included in this public repository.
SD0696_T002_2hao,SD0696_T002_2hao.xlsx,995553,Full hourly file stored locally; sample files are included in this public repository.
SD0697_T001_1hao,SD0697_T001_1hao.xlsx,980653,Full hourly file stored locally; sample files are included in this public repository.
SD0697_T002_2hao,SD0697_T002_2hao.xlsx,972587,Full hourly file stored locally; sample files are included in this public repository.
SD0697_T003_3hao,SD0697_T003_3hao.xlsx,997105,Full hourly file stored locally; sample files are included in this public repository.
SD0697_T004_4hao,SD0697_T004_4hao.xlsx,997687,Full hourly file stored locally; sample files are included in this public repository.
SD0697_T005_5hao,SD0697_T005_5hao.xlsx,993639,Full hourly file stored locally; sample files are included in this public repository.
SD0697_T006_6hao,SD0697_T006_6hao.xlsx,979205,Full hourly file stored locally; sample files are included in this public repository.
SD0698_T001_1hao,SD0698_T001_1hao.xlsx,980976,Full hourly file stored locally; sample files are included in this public repository.
SD0699_T001_1hao,SD0699_T001_1hao.xlsx,996849,Full hourly file stored locally; sample files are included in this public repository.
SD0700_T001_1hao,SD0700_T001_1hao.xlsx,991259,Full hourly file stored locally; sample files are included in this public repository.
SD0700_T002_2hao,SD0700_T002_2hao.xlsx,1002209,Full hourly file stored locally; sample files are included in this public repository.
SD0700_T003_3hao,SD0700_T003_3hao.xlsx,990279,Full hourly file stored locally; sample files are included in this public repository.
SD0701_T001_1hao,SD0701_T001_1hao.xlsx,981001,Full hourly file stored locally; sample files are included in this public repository.
SD0702_T001_1hao,SD0702_T001_1hao.xlsx,1009166,Full hourly file stored locally; sample files are included in this public repository.
SD0703_T001_1hao,SD0703_T001_1hao.xlsx,988256,Full hourly file stored locally; sample files are included in this public repository.
SD0704_T001_1hao,SD0704_T001_1hao.xlsx,1003331,Full hourly file stored locally; sample files are included in this public repository.
SD0705_T001_1hao,SD0705_T001_1hao.xlsx,998307,Full hourly file stored locally; sample files are included in this public repository.
SD0705_T002_2hao,SD0705_T002_2hao.xlsx,976249,Full hourly file stored locally; sample files are included in this public repository.
SD0705_T003_3hao,SD0705_T003_3hao.xlsx,992326,Full hourly file stored locally; sample files are included in this public repository.
SD0705_T004_4hao,SD0705_T004_4hao.xlsx,816092,Full hourly file stored locally; sample files are included in this public repository.
SD0706_T001_1hao,SD0706_T001_1hao.xlsx,977201,Full hourly file stored locally; sample files are included in this public repository.
SD0706_T002_2hao,SD0706_T002_2hao.xlsx,978100,Full hourly file stored locally; sample files are included in this public repository.
SD0706_T003_3hao,SD0706_T003_3hao.xlsx,996534,Full hourly file stored locally; sample files are included in this public repository.
SD0706_T004_4hao,SD0706_T004_4hao.xlsx,1004277,Full hourly file stored locally; sample files are included in this public repository.
SD0707_T001_1hao,SD0707_T001_1hao.xlsx,1005324,Full hourly file stored locally; sample files are included in this public repository.
SD0707_T002_2hao,SD0707_T002_2hao.xlsx,983968,Full hourly file stored locally; sample files are included in this public repository.
SD0707_T003_3hao,SD0707_T003_3hao.xlsx,990730,Full hourly file stored locally; sample files are included in this public repository.
SD0707_T004_4hao,SD0707_T004_4hao.xlsx,982083,Full hourly file stored locally; sample files are included in this public repository.
SD0707_T005_5hao,SD0707_T005_5hao.xlsx,991909,Full hourly file stored locally; sample files are included in this public repository.
SD0707_T006_6hao,SD0707_T006_6hao.xlsx,827146,Full hourly file stored locally; sample files are included in this public repository.
SD0708_T001_1hao,SD0708_T001_1hao.xlsx,992915,Full hourly file stored locally; sample files are included in this public repository.
SD0708_T002_2hao,SD0708_T002_2hao.xlsx,992449,Full hourly file stored locally; sample files are included in this public repository.
SD0708_T003_3hao,SD0708_T003_3hao.xlsx,988867,Full hourly file stored locally; sample files are included in this public repository.
SD0709_T001_1hao,SD0709_T001_1hao.xlsx,983391,Full hourly file stored locally; sample files are included in this public repository.
SD0710_T001_1hao,SD0710_T001_1hao.xlsx,981284,Full hourly file stored locally; sample files are included in this public repository.
SD0711_T001_1hao,SD0711_T001_1hao.xlsx,990536,Full hourly file stored locally; sample files are included in this public repository.
SD0711_T002_2hao,SD0711_T002_2hao.xlsx,993495,Full hourly file stored locally; sample files are included in this public repository.
SD0712_T001_1hao,SD0712_T001_1hao.xlsx,993833,Full hourly file stored locally; sample files are included in this public repository.
SD0712_T002_2hao,SD0712_T002_2hao.xlsx,994365,Full hourly file stored locally; sample files are included in this public repository.
SD0712_T003_3hao,SD0712_T003_3hao.xlsx,993600,Full hourly file stored locally; sample files are included in this public repository.
SD0713_T001_1hao,SD0713_T001_1hao.xlsx,993418,Full hourly file stored locally; sample files are included in this public repository.
SD0713_T002_2hao,SD0713_T002_2hao.xlsx,998814,Full hourly file stored locally; sample files are included in this public repository.
SD0713_T003_3hao,SD0713_T003_3hao.xlsx,823450,Full hourly file stored locally; sample files are included in this public repository.
SD0713_T004_4hao,SD0713_T004_4hao.xlsx,983781,Full hourly file stored locally; sample files are included in this public repository.
SD0713_T005_5hao,SD0713_T005_5hao.xlsx,991898,Full hourly file stored locally; sample files are included in this public repository.
SD0714_T001_1hao,SD0714_T001_1hao.xlsx,1000568,Full hourly file stored locally; sample files are included in this public repository.
SD0715_T001_1hao,SD0715_T001_1hao.xlsx,995859,Full hourly file stored locally; sample files are included in this public repository.
SD0715_T002_2hao,SD0715_T002_2hao.xlsx,982890,Full hourly file stored locally; sample files are included in this public repository.
SD0715_T003_3hao,SD0715_T003_3hao.xlsx,979853,Full hourly file stored locally; sample files are included in this public repository.
SD0715_T004_4hao,SD0715_T004_4hao.xlsx,982797,Full hourly file stored locally; sample files are included in this public repository.
SD0715_T005_5hao,SD0715_T005_5hao.xlsx,978771,Full hourly file stored locally; sample files are included in this public repository.
SD0716_T001_1hao,SD0716_T001_1hao.xlsx,985395,Full hourly file stored locally; sample files are included in this public repository.
SD0716_T002_2hao,SD0716_T002_2hao.xlsx,834366,Full hourly file stored locally; sample files are included in this public repository.
SD0716_T003_3hao,SD0716_T003_3hao.xlsx,988467,Full hourly file stored locally; sample files are included in this public repository.
SD0716_T004_4hao,SD0716_T004_4hao.xlsx,985099,Full hourly file stored locally; sample files are included in this public repository.
SD0716_T005_5hao,SD0716_T005_5hao.xlsx,983204,Full hourly file stored locally; sample files are included in this public repository.
SD0716_T006_6hao,SD0716_T006_6hao.xlsx,984848,Full hourly file stored locally; sample files are included in this public repository.
SD0716_T007_7hao,SD0716_T007_7hao.xlsx,980185,Full hourly file stored locally; sample files are included in this public repository.
SD0716_T008_8hao,SD0716_T008_8hao.xlsx,994109,Full hourly file stored locally; sample files are included in this public repository.
SD0716_T009_9hao,SD0716_T009_9hao.xlsx,986471,Full hourly file stored locally; sample files are included in this public repository.
SD0717_T001_1hao,SD0717_T001_1hao.xlsx,1008624,Full hourly file stored locally; sample files are included in this public repository.
SD0717_T002_2hao,SD0717_T002_2hao.xlsx,836506,Full hourly file stored locally; sample files are included in this public repository.
SD0717_T003_3hao,SD0717_T003_3hao.xlsx,828192,Full hourly file stored locally; sample files are included in this public repository.
SD0718_T001_1hao,SD0718_T001_1hao.xlsx,999416,Full hourly file stored locally; sample files are included in this public repository.
SD0718_T002_2hao,SD0718_T002_2hao.xlsx,991503,Full hourly file stored locally; sample files are included in this public repository.
SD0718_T003_3hao,SD0718_T003_3hao.xlsx,989429,Full hourly file stored locally; sample files are included in this public repository.
SD0719_T001_1hao,SD0719_T001_1hao.xlsx,988062,Full hourly file stored locally; sample files are included in this public repository.
SD0719_T002_2hao,SD0719_T002_2hao.xlsx,985496,Full hourly file stored locally; sample files are included in this public repository.
SD0720_T001_1hao,SD0720_T001_1hao.xlsx,991456,Full hourly file stored locally; sample files are included in this public repository.
SD0720_T002_2hao,SD0720_T002_2hao.xlsx,1005477,Full hourly file stored locally; sample files are included in this public repository.
SD0720_T003_3hao,SD0720_T003_3hao.xlsx,825855,Full hourly file stored locally; sample files are included in this public repository.
SD0720_T004_4hao,SD0720_T004_4hao.xlsx,989192,Full hourly file stored locally; sample files are included in this public repository.
SD0720_T005_5hao,SD0720_T005_5hao.xlsx,993875,Full hourly file stored locally; sample files are included in this public repository.
SD0720_T006_6hao,SD0720_T006_6hao.xlsx,992405,Full hourly file stored locally; sample files are included in this public repository.
SD0720_T007_7hao,SD0720_T007_7hao.xlsx,996676,Full hourly file stored locally; sample files are included in this public repository.
SD0720_T008_8hao,SD0720_T008_8hao.xlsx,985542,Full hourly file stored locally; sample files are included in this public repository.
SD0720_T009_9hao,SD0720_T009_9hao.xlsx,986876,Full hourly file stored locally; sample files are included in this public repository.
SD0720_T010_10hao,SD0720_T010_10hao.xlsx,993180,Full hourly file stored locally; sample files are included in this public repository.
SD0721_T001_1hao,SD0721_T001_1hao.xlsx,987596,Full hourly file stored locally; sample files are included in this public repository.
SD0721_T002_2hao,SD0721_T002_2hao.xlsx,985742,Full hourly file stored locally; sample files are included in this public repository.
SD0722_T001_1hao,SD0722_T001_1hao.xlsx,989529,Full hourly file stored locally; sample files are included in this public repository.
SD0722_T002_2hao,SD0722_T002_2hao.xlsx,984072,Full hourly file stored locally; sample files are included in this public repository.
SD0722_T003_3hao,SD0722_T003_3hao.xlsx,984337,Full hourly file stored locally; sample files are included in this public repository.
SD0723_T001_1hao,SD0723_T001_1hao.xlsx,984811,Full hourly file stored locally; sample files are included in this public repository.
SD0723_T002_2hao,SD0723_T002_2hao.xlsx,981817,Full hourly file stored locally; sample files are included in this public repository.
SD0723_T003_3hao,SD0723_T003_3hao.xlsx,986990,Full hourly file stored locally; sample files are included in this public repository.
SD0723_T004_4hao,SD0723_T004_4hao.xlsx,988691,Full hourly file stored locally; sample files are included in this public repository.
SD0724_T001_1hao,SD0724_T001_1hao.xlsx,977992,Full hourly file stored locally; sample files are included in this public repository.
SD0724_T002_2hao,SD0724_T002_2hao.xlsx,991239,Full hourly file stored locally; sample files are included in this public repository.
SD0724_T003_3hao,SD0724_T003_3hao.xlsx,977939,Full hourly file stored locally; sample files are included in this public repository.
SD0725_T001_1hao,SD0725_T001_1hao.xlsx,1018060,Full hourly file stored locally; sample files are included in this public repository.
SD0726_T001_1hao,SD0726_T001_1hao.xlsx,1007172,Full hourly file stored locally; sample files are included in this public repository.
SD0726_T002_2hao,SD0726_T002_2hao.xlsx,985317,Full hourly file stored locally; sample files are included in this public repository.
SD0727_T001_1hao,SD0727_T001_1hao.xlsx,1003994,Full hourly file stored locally; sample files are included in this public repository.
SD0728_T001_1hao,SD0728_T001_1hao.xlsx,1011732,Full hourly file stored locally; sample files are included in this public repository.
SD0729_T001_1hao,SD0729_T001_1hao.xlsx,1012841,Full hourly file stored locally; sample files are included in this public repository.
SD0730_T001_1hao,SD0730_T001_1hao.xlsx,990824,Full hourly file stored locally; sample files are included in this public repository.
SD0730_T002_2hao,SD0730_T002_2hao.xlsx,987348,Full hourly file stored locally; sample files are included in this public repository.
SD0730_T003_3hao,SD0730_T003_3hao.xlsx,985091,Full hourly file stored locally; sample files are included in this public repository.
SD0730_T004_4hao,SD0730_T004_4hao.xlsx,991795,Full hourly file stored locally; sample files are included in this public repository.
SD0730_T005_5hao,SD0730_T005_5hao.xlsx,996981,Full hourly file stored locally; sample files are included in this public repository.
SD0731_T001_1hao,SD0731_T001_1hao.xlsx,985388,Full hourly file stored locally; sample files are included in this public repository.
SD0731_T002_2hao,SD0731_T002_2hao.xlsx,1003429,Full hourly file stored locally; sample files are included in this public repository.
SD0731_T003_3hao,SD0731_T003_3hao.xlsx,982360,Full hourly file stored locally; sample files are included in this public repository.
SD0732_T001_1hao,SD0732_T001_1hao.xlsx,995621,Full hourly file stored locally; sample files are included in this public repository.
SD0732_T002_2hao,SD0732_T002_2hao.xlsx,995561,Full hourly file stored locally; sample files are included in this public repository.
SD0732_T003_3hao,SD0732_T003_3hao.xlsx,995810,Full hourly file stored locally; sample files are included in this public repository.
SD0733_T001_1hao,SD0733_T001_1hao.xlsx,823112,Full hourly file stored locally; sample files are included in this public repository.
SD0733_T002_2hao,SD0733_T002_2hao.xlsx,997925,Full hourly file stored locally; sample files are included in this public repository.
SD0733_T003_3hao,SD0733_T003_3hao.xlsx,991760,Full hourly file stored locally; sample files are included in this public repository.
SD0733_T004_4hao,SD0733_T004_4hao.xlsx,992478,Full hourly file stored locally; sample files are included in this public repository.
SD0733_T005_5hao,SD0733_T005_5hao.xlsx,987052,Full hourly file stored locally; sample files are included in this public repository.
SD0733_T006_6hao,SD0733_T006_6hao.xlsx,987452,Full hourly file stored locally; sample files are included in this public repository.
SD0733_T007_7hao,SD0733_T007_7hao.xlsx,1004206,Full hourly file stored locally; sample files are included in this public repository.
SD0733_T008_8hao,SD0733_T008_8hao.xlsx,990767,Full hourly file stored locally; sample files are included in this public repository.
SD0733_T009_9hao,SD0733_T009_9hao.xlsx,992347,Full hourly file stored locally; sample files are included in this public repository.
SD0734_T001_1hao,SD0734_T001_1hao.xlsx,999946,Full hourly file stored locally; sample files are included in this public repository.
SD0734_T002_2hao,SD0734_T002_2hao.xlsx,986177,Full hourly file stored locally; sample files are included in this public repository.
SD0734_T003_3hao,SD0734_T003_3hao.xlsx,988393,Full hourly file stored locally; sample files are included in this public repository.
SD0735_T001_1hao,SD0735_T001_1hao.xlsx,982109,Full hourly file stored locally; sample files are included in this public repository.
SD0735_T002_2hao,SD0735_T002_2hao.xlsx,1003776,Full hourly file stored locally; sample files are included in this public repository.
SD0735_T003_3hao,SD0735_T003_3hao.xlsx,982341,Full hourly file stored locally; sample files are included in this public repository.
SD0735_T004_4hao,SD0735_T004_4hao.xlsx,978287,Full hourly file stored locally; sample files are included in this public repository.
SD0735_T005_5hao,SD0735_T005_5hao.xlsx,978153,Full hourly file stored locally; sample files are included in this public repository.
SD0735_T006_6hao,SD0735_T006_6hao.xlsx,983893,Full hourly file stored locally; sample files are included in this public repository.
SD0735_T007_7hao,SD0735_T007_7hao.xlsx,991462,Full hourly file stored locally; sample files are included in this public repository.
SD0736_T001_1hao,SD0736_T001_1hao.xlsx,988268,Full hourly file stored locally; sample files are included in this public repository.
SD0737_T001_1hao,SD0737_T001_1hao.xlsx,987323,Full hourly file stored locally; sample files are included in this public repository.
SD0737_T002_2hao,SD0737_T002_2hao.xlsx,985728,Full hourly file stored locally; sample files are included in this public repository.
SD0737_T003_3hao,SD0737_T003_3hao.xlsx,976833,Full hourly file stored locally; sample files are included in this public repository.
SD0737_T004_4hao,SD0737_T004_4hao.xlsx,981832,Full hourly file stored locally; sample files are included in this public repository.
SD0738_T001_1hao,SD0738_T001_1hao.xlsx,986342,Full hourly file stored locally; sample files are included in this public repository.
SD0739_T001_1hao,SD0739_T001_1hao.xlsx,990516,Full hourly file stored locally; sample files are included in this public repository.
SD0740_T001_1hao,SD0740_T001_1hao.xlsx,1015139,Full hourly file stored locally; sample files are included in this public repository.
SD0741_T001_1hao,SD0741_T001_1hao.xlsx,814326,Full hourly file stored locally; sample files are included in this public repository.
SD0741_T002_2hao,SD0741_T002_2hao.xlsx,997262,Full hourly file stored locally; sample files are included in this public repository.
SD0741_T003_3hao,SD0741_T003_3hao.xlsx,995742,Full hourly file stored locally; sample files are included in this public repository.
SD0742_T001_1hao,SD0742_T001_1hao.xlsx,967047,Full hourly file stored locally; sample files are included in this public repository.
SD0742_T002_2hao,SD0742_T002_2hao.xlsx,966913,Full hourly file stored locally; sample files are included in this public repository.
SD0742_T003_3hao,SD0742_T003_3hao.xlsx,967055,Full hourly file stored locally; sample files are included in this public repository.
SD0742_T004_4hao,SD0742_T004_4hao.xlsx,967486,Full hourly file stored locally; sample files are included in this public repository.
SD0742_T005_5hao,SD0742_T005_5hao.xlsx,969833,Full hourly file stored locally; sample files are included in this public repository.
SD0743_T001_1hao,SD0743_T001_1hao.xlsx,976954,Full hourly file stored locally; sample files are included in this public repository.
SD0743_T002_2hao,SD0743_T002_2hao.xlsx,972917,Full hourly file stored locally; sample files are included in this public repository.
SD0743_T003_3hao,SD0743_T003_3hao.xlsx,973731,Full hourly file stored locally; sample files are included in this public repository.
SD0744_T001_1hao,SD0744_T001_1hao.xlsx,977634,Full hourly file stored locally; sample files are included in this public repository.
SD0745_T001_1hao,SD0745_T001_1hao.xlsx,992892,Full hourly file stored locally; sample files are included in this public repository.
SD0745_T002_2hao,SD0745_T002_2hao.xlsx,972084,Full hourly file stored locally; sample files are included in this public repository.
SD0746_T001_1hao,SD0746_T001_1hao.xlsx,985314,Full hourly file stored locally; sample files are included in this public repository.
SD0746_T002_2hao,SD0746_T002_2hao.xlsx,966515,Full hourly file stored locally; sample files are included in this public repository.
SD0747_T001_1hao,SD0747_T001_1hao.xlsx,968193,Full hourly file stored locally; sample files are included in this public repository.
SD0747_T002_2hao,SD0747_T002_2hao.xlsx,820249,Full hourly file stored locally; sample files are included in this public repository.
SD0747_T003_3hao,SD0747_T003_3hao.xlsx,989222,Full hourly file stored locally; sample files are included in this public repository.
SD0748_T001_1hao,SD0748_T001_1hao.xlsx,978421,Full hourly file stored locally; sample files are included in this public repository.
SD0748_T002_2hao,SD0748_T002_2hao.xlsx,986685,Full hourly file stored locally; sample files are included in this public repository.
SD0748_T003_3hao,SD0748_T003_3hao.xlsx,977509,Full hourly file stored locally; sample files are included in this public repository.
SD0748_T004_4hao,SD0748_T004_4hao.xlsx,974476,Full hourly file stored locally; sample files are included in this public repository.
SD0748_T005_5hao,SD0748_T005_5hao.xlsx,975020,Full hourly file stored locally; sample files are included in this public repository.
SD0748_T006_6hao,SD0748_T006_6hao.xlsx,980111,Full hourly file stored locally; sample files are included in this public repository.
SD0748_T007_7hao,SD0748_T007_7hao.xlsx,977936,Full hourly file stored locally; sample files are included in this public repository.
SD0748_T008_8hao,SD0748_T008_8hao.xlsx,979740,Full hourly file stored locally; sample files are included in this public repository.
SD0748_T009_9hao,SD0748_T009_9hao.xlsx,975038,Full hourly file stored locally; sample files are included in this public repository.
SD0749_T001_1hao,SD0749_T001_1hao.xlsx,969129,Full hourly file stored locally; sample files are included in this public repository.
SD0750_T001_1hao,SD0750_T001_1hao.xlsx,997755,Full hourly file stored locally; sample files are included in this public repository.
SD0751_T001_1hao,SD0751_T001_1hao.xlsx,960834,Full hourly file stored locally; sample files are included in this public repository.
SD0751_T002_2hao,SD0751_T002_2hao.xlsx,963191,Full hourly file stored locally; sample files are included in this public repository.
SD0751_T003_3hao,SD0751_T003_3hao.xlsx,961018,Full hourly file stored locally; sample files are included in this public repository.
SD0751_T004_4hao,SD0751_T004_4hao.xlsx,968919,Full hourly file stored locally; sample files are included in this public repository.
SD0751_T005_5hao,SD0751_T005_5hao.xlsx,966782,Full hourly file stored locally; sample files are included in this public repository.
SD0751_T006_6hao,SD0751_T006_6hao.xlsx,966564,Full hourly file stored locally; sample files are included in this public repository.
SD0751_T007_7hao,SD0751_T007_7hao.xlsx,982319,Full hourly file stored locally; sample files are included in this public repository.
SD0752_T001_1hao,SD0752_T001_1hao.xlsx,816438,Full hourly file stored locally; sample files are included in this public repository.
SD0752_T002_2hao,SD0752_T002_2hao.xlsx,971846,Full hourly file stored locally; sample files are included in this public repository.
SD0753_T001_1hao,SD0753_T001_1hao.xlsx,970664,Full hourly file stored locally; sample files are included in this public repository.
SD0753_T002_2hao,SD0753_T002_2hao.xlsx,971371,Full hourly file stored locally; sample files are included in this public repository.
SD0753_T003_3hao,SD0753_T003_3hao.xlsx,970074,Full hourly file stored locally; sample files are included in this public repository.
SD0753_T004_4hao,SD0753_T004_4hao.xlsx,970708,Full hourly file stored locally; sample files are included in this public repository.
SD0753_T005_5hao,SD0753_T005_5hao.xlsx,970299,Full hourly file stored locally; sample files are included in this public repository.
SD0753_T006_6hao,SD0753_T006_6hao.xlsx,970381,Full hourly file stored locally; sample files are included in this public repository.
SD0753_T007_7hao,SD0753_T007_7hao.xlsx,971356,Full hourly file stored locally; sample files are included in this public repository.
SD0753_T008_8hao,SD0753_T008_8hao.xlsx,969688,Full hourly file stored locally; sample files are included in this public repository.
SD0753_T009_9hao,SD0753_T009_9hao.xlsx,996178,Full hourly file stored locally; sample files are included in this public repository.
SD0753_T010_10hao,SD0753_T010_10hao.xlsx,985674,Full hourly file stored locally; sample files are included in this public repository.
SD0753_T011_11hao,SD0753_T011_11hao.xlsx,990742,Full hourly file stored locally; sample files are included in this public repository.
SD0753_T012_12hao,SD0753_T012_12hao.xlsx,993035,Full hourly file stored locally; sample files are included in this public repository.
SD0753_T013_13hao,SD0753_T013_13hao.xlsx,989129,Full hourly file stored locally; sample files are included in this public repository.
SD0754_T001_1hao,SD0754_T001_1hao.xlsx,987749,Full hourly file stored locally; sample files are included in this public repository.
SD0754_T002_2hao,SD0754_T002_2hao.xlsx,816240,Full hourly file stored locally; sample files are included in this public repository.
SD0754_T003_3hao,SD0754_T003_3hao.xlsx,976872,Full hourly file stored locally; sample files are included in this public repository.
SD0755_T001_1hao,SD0755_T001_1hao.xlsx,985638,Full hourly file stored locally; sample files are included in this public repository.
SD0756_T001_1hao,SD0756_T001_1hao.xlsx,971966,Full hourly file stored locally; sample files are included in this public repository.
SD0756_T002_2hao,SD0756_T002_2hao.xlsx,981484,Full hourly file stored locally; sample files are included in this public repository.
SD0756_T003_3hao,SD0756_T003_3hao.xlsx,993723,Full hourly file stored locally; sample files are included in this public repository.
SD0757_T001_1hao,SD0757_T001_1hao.xlsx,970786,Full hourly file stored locally; sample files are included in this public repository.
SD0757_T002_2hao,SD0757_T002_2hao.xlsx,973495,Full hourly file stored locally; sample files are included in this public repository.
SD0757_T003_3hao,SD0757_T003_3hao.xlsx,973062,Full hourly file stored locally; sample files are included in this public repository.
SD0757_T004_4hao,SD0757_T004_4hao.xlsx,970505,Full hourly file stored locally; sample files are included in this public repository.
SD0758_T001_1hao,SD0758_T001_1hao.xlsx,994706,Full hourly file stored locally; sample files are included in this public repository.
SD0759_T001_1hao,SD0759_T001_1hao.xlsx,987873,Full hourly file stored locally; sample files are included in this public repository.
SD0759_T002_2hao,SD0759_T002_2hao.xlsx,963298,Full hourly file stored locally; sample files are included in this public repository.
SD0759_T003_3hao,SD0759_T003_3hao.xlsx,984521,Full hourly file stored locally; sample files are included in this public repository.
SD0759_T004_4hao,SD0759_T004_4hao.xlsx,973195,Full hourly file stored locally; sample files are included in this public repository.
SD0759_T005_5hao,SD0759_T005_5hao.xlsx,982924,Full hourly file stored locally; sample files are included in this public repository.
SD0759_T006_6hao,SD0759_T006_6hao.xlsx,963682,Full hourly file stored locally; sample files are included in this public repository.
SD0759_T007_7hao,SD0759_T007_7hao.xlsx,964976,Full hourly file stored locally; sample files are included in this public repository.
SD0760_T001_1hao,SD0760_T001_1hao.xlsx,986626,Full hourly file stored locally; sample files are included in this public repository.
SD0760_T002_2hao,SD0760_T002_2hao.xlsx,997114,Full hourly file stored locally; sample files are included in this public repository.
SD0760_T003_3hao,SD0760_T003_3hao.xlsx,981687,Full hourly file stored locally; sample files are included in this public repository.
SD0761_T001_1hao,SD0761_T001_1hao.xlsx,971330,Full hourly file stored locally; sample files are included in this public repository.
SD0761_T002_2hao,SD0761_T002_2hao.xlsx,991286,Full hourly file stored locally; sample files are included in this public repository.
SD0761_T003_3hao,SD0761_T003_3hao.xlsx,976405,Full hourly file stored locally; sample files are included in this public repository.
SD0761_T004_4hao,SD0761_T004_4hao.xlsx,995661,Full hourly file stored locally; sample files are included in this public repository.
SD0761_T005_5hao,SD0761_T005_5hao.xlsx,975338,Full hourly file stored locally; sample files are included in this public repository.
SD0761_T006_6hao,SD0761_T006_6hao.xlsx,974929,Full hourly file stored locally; sample files are included in this public repository.
SD0762_T001_1hao,SD0762_T001_1hao.xlsx,984080,Full hourly file stored locally; sample files are included in this public repository.
SD0762_T002_2hao,SD0762_T002_2hao.xlsx,983533,Full hourly file stored locally; sample files are included in this public repository.
SD0763_T001_1hao,SD0763_T001_1hao.xlsx,972983,Full hourly file stored locally; sample files are included in this public repository.
SD0763_T002_2hao,SD0763_T002_2hao.xlsx,971509,Full hourly file stored locally; sample files are included in this public repository.
SD0763_T003_3hao,SD0763_T003_3hao.xlsx,989328,Full hourly file stored locally; sample files are included in this public repository.
SD0763_T004_4hao,SD0763_T004_4hao.xlsx,977801,Full hourly file stored locally; sample files are included in this public repository.
SD0763_T005_5hao,SD0763_T005_5hao.xlsx,976454,Full hourly file stored locally; sample files are included in this public repository.
SD0763_T006_6hao,SD0763_T006_6hao.xlsx,977752,Full hourly file stored locally; sample files are included in this public repository.
SD0763_T007_7hao,SD0763_T007_7hao.xlsx,977495,Full hourly file stored locally; sample files are included in this public repository.
SD0764_T001_1hao,SD0764_T001_1hao.xlsx,976987,Full hourly file stored locally; sample files are included in this public repository.
SD0764_T002_2hao,SD0764_T002_2hao.xlsx,995769,Full hourly file stored locally; sample files are included in this public repository.
SD0765_T001_1hao,SD0765_T001_1hao.xlsx,983147,Full hourly file stored locally; sample files are included in this public repository.
SD0765_T002_2hao,SD0765_T002_2hao.xlsx,983419,Full hourly file stored locally; sample files are included in this public repository.
SD0765_T003_3hao,SD0765_T003_3hao.xlsx,979895,Full hourly file stored locally; sample files are included in this public repository.
SD0765_T004_4hao,SD0765_T004_4hao.xlsx,978572,Full hourly file stored locally; sample files are included in this public repository.
SD0765_T005_5hao,SD0765_T005_5hao.xlsx,987335,Full hourly file stored locally; sample files are included in this public repository.
SD0766_T001_1hao,SD0766_T001_1hao.xlsx,980234,Full hourly file stored locally; sample files are included in this public repository.
SD0767_T001_1hao,SD0767_T001_1hao.xlsx,1001982,Full hourly file stored locally; sample files are included in this public repository.
SD0768_T001_1hao,SD0768_T001_1hao.xlsx,977010,Full hourly file stored locally; sample files are included in this public repository.
SD0769_T001_1hao,SD0769_T001_1hao.xlsx,973386,Full hourly file stored locally; sample files are included in this public repository.
SD0769_T002_2hao,SD0769_T002_2hao.xlsx,979568,Full hourly file stored locally; sample files are included in this public repository.
SD0770_T001_1hao,SD0770_T001_1hao.xlsx,977071,Full hourly file stored locally; sample files are included in this public repository.
SD0770_T002_2hao,SD0770_T002_2hao.xlsx,972316,Full hourly file stored locally; sample files are included in this public repository.
SD0770_T003_3hao,SD0770_T003_3hao.xlsx,992221,Full hourly file stored locally; sample files are included in this public repository.
SD0770_T004_4hao,SD0770_T004_4hao.xlsx,988328,Full hourly file stored locally; sample files are included in this public repository.
SD0770_T005_5hao,SD0770_T005_5hao.xlsx,974061,Full hourly file stored locally; sample files are included in this public repository.
SD0770_T006_6hao,SD0770_T006_6hao.xlsx,973976,Full hourly file stored locally; sample files are included in this public repository.
SD0771_T001_1hao,SD0771_T001_1hao.xlsx,972734,Full hourly file stored locally; sample files are included in this public repository.
SD0771_T002_2hao,SD0771_T002_2hao.xlsx,996007,Full hourly file stored locally; sample files are included in this public repository.
SD0771_T003_3hao,SD0771_T003_3hao.xlsx,983827,Full hourly file stored locally; sample files are included in this public repository.
SD0771_T004_4hao,SD0771_T004_4hao.xlsx,973679,Full hourly file stored locally; sample files are included in this public repository.
SD0771_T005_5hao,SD0771_T005_5hao.xlsx,996086,Full hourly file stored locally; sample files are included in this public repository.
SD0771_T006_6hao,SD0771_T006_6hao.xlsx,973438,Full hourly file stored locally; sample files are included in this public repository.
SD0771_T007_7hao,SD0771_T007_7hao.xlsx,998673,Full hourly file stored locally; sample files are included in this public repository.
SD0772_T001_1hao,SD0772_T001_1hao.xlsx,965391,Full hourly file stored locally; sample files are included in this public repository.
SD0773_T001_1hao,SD0773_T001_1hao.xlsx,973818,Full hourly file stored locally; sample files are included in this public repository.
SD0773_T002_2hao,SD0773_T002_2hao.xlsx,971358,Full hourly file stored locally; sample files are included in this public repository.
SD0774_T001_1hao,SD0774_T001_1hao.xlsx,999995,Full hourly file stored locally; sample files are included in this public repository.
SD0774_T002_2hao,SD0774_T002_2hao.xlsx,989818,Full hourly file stored locally; sample files are included in this public repository.
SD0774_T003_3hao,SD0774_T003_3hao.xlsx,1006268,Full hourly file stored locally; sample files are included in this public repository.
SD0775_T001_1hao,SD0775_T001_1hao.xlsx,988318,Full hourly file stored locally; sample files are included in this public repository.
SD0775_T002_2hao,SD0775_T002_2hao.xlsx,982995,Full hourly file stored locally; sample files are included in this public repository.
SD0775_T003_3hao,SD0775_T003_3hao.xlsx,820583,Full hourly file stored locally; sample files are included in this public repository.
SD0775_T004_4hao,SD0775_T004_4hao.xlsx,986241,Full hourly file stored locally; sample files are included in this public repository.
SD0776_T001_1hao,SD0776_T001_1hao.xlsx,968355,Full hourly file stored locally; sample files are included in this public repository.
SD0776_T002_2hao,SD0776_T002_2hao.xlsx,975468,Full hourly file stored locally; sample files are included in this public repository.
SD0777_T001_1hao,SD0777_T001_1hao.xlsx,996737,Full hourly file stored locally; sample files are included in this public repository.
SD0777_T002_2hao,SD0777_T002_2hao.xlsx,990862,Full hourly file stored locally; sample files are included in this public repository.
SD0777_T003_3hao,SD0777_T003_3hao.xlsx,978947,Full hourly file stored locally; sample files are included in this public repository.
SD0777_T004_4hao,SD0777_T004_4hao.xlsx,994728,Full hourly file stored locally; sample files are included in this public repository.
SD0777_T005_5hao,SD0777_T005_5hao.xlsx,999672,Full hourly file stored locally; sample files are included in this public repository.
SD0778_T001_1hao,SD0778_T001_1hao.xlsx,969803,Full hourly file stored locally; sample files are included in this public repository.
SD0779_T001_1hao,SD0779_T001_1hao.xlsx,984853,Full hourly file stored locally; sample files are included in this public repository.
SD0780_T001_1hao,SD0780_T001_1hao.xlsx,991816,Full hourly file stored locally; sample files are included in this public repository.
SD0780_T002_2hao,SD0780_T002_2hao.xlsx,977181,Full hourly file stored locally; sample files are included in this public repository.
SD0781_T001_1hao,SD0781_T001_1hao.xlsx,991346,Full hourly file stored locally; sample files are included in this public repository.
SD0782_T001_1hao,SD0782_T001_1hao.xlsx,965703,Full hourly file stored locally; sample files are included in this public repository.
SD0782_T002_2hao,SD0782_T002_2hao.xlsx,982307,Full hourly file stored locally; sample files are included in this public repository.
SD0782_T003_3hao,SD0782_T003_3hao.xlsx,976954,Full hourly file stored locally; sample files are included in this public repository.
SD0783_T001_1hao,SD0783_T001_1hao.xlsx,994249,Full hourly file stored locally; sample files are included in this public repository.
SD0784_T001_1hao,SD0784_T001_1hao.xlsx,812316,Full hourly file stored locally; sample files are included in this public repository.
SD0784_T002_2hao,SD0784_T002_2hao.xlsx,985130,Full hourly file stored locally; sample files are included in this public repository.
SD0785_T001_1hao,SD0785_T001_1hao.xlsx,960222,Full hourly file stored locally; sample files are included in this public repository.
SD0785_T002_2hao,SD0785_T002_2hao.xlsx,960970,Full hourly file stored locally; sample files are included in this public repository.
SD0785_T003_3hao,SD0785_T003_3hao.xlsx,964893,Full hourly file stored locally; sample files are included in this public repository.
SD0785_T004_4hao,SD0785_T004_4hao.xlsx,960854,Full hourly file stored locally; sample files are included in this public repository.
SD0785_T005_5hao,SD0785_T005_5hao.xlsx,960875,Full hourly file stored locally; sample files are included in this public repository.
SD0785_T006_6hao,SD0785_T006_6hao.xlsx,961138,Full hourly file stored locally; sample files are included in this public repository.
SD0785_T007_7hao,SD0785_T007_7hao.xlsx,965630,Full hourly file stored locally; sample files are included in this public repository.
SD0785_T008_8hao,SD0785_T008_8hao.xlsx,958607,Full hourly file stored locally; sample files are included in this public repository.
SD0785_T009_9hao,SD0785_T009_9hao.xlsx,958838,Full hourly file stored locally; sample files are included in this public repository.
SD0785_T010_10hao,SD0785_T010_10hao.xlsx,958980,Full hourly file stored locally; sample files are included in this public repository.
SD0785_T011_11hao,SD0785_T011_11hao.xlsx,958366,Full hourly file stored locally; sample files are included in this public repository.
SD0785_T012_12hao,SD0785_T012_12hao.xlsx,971359,Full hourly file stored locally; sample files are included in this public repository.
SD0785_T013_13hao,SD0785_T013_13hao.xlsx,958819,Full hourly file stored locally; sample files are included in this public repository.
SD0785_T014_14hao,SD0785_T014_14hao.xlsx,958491,Full hourly file stored locally; sample files are included in this public repository.
SD0785_T015_15hao,SD0785_T015_15hao.xlsx,958470,Full hourly file stored locally; sample files are included in this public repository.
SD0785_T016_16hao,SD0785_T016_16hao.xlsx,958179,Full hourly file stored locally; sample files are included in this public repository.
SD0785_T017_17hao,SD0785_T017_17hao.xlsx,958470,Full hourly file stored locally; sample files are included in this public repository.
SD0785_T018_18hao,SD0785_T018_18hao.xlsx,959347,Full hourly file stored locally; sample files are included in this public repository.
SD0785_T019_19hao,SD0785_T019_19hao.xlsx,958185,Full hourly file stored locally; sample files are included in this public repository.
SD0785_T020_20hao,SD0785_T020_20hao.xlsx,959287,Full hourly file stored locally; sample files are included in this public repository.
SD0785_T021_21hao,SD0785_T021_21hao.xlsx,958874,Full hourly file stored locally; sample files are included in this public repository.
SD0785_T022_22hao,SD0785_T022_22hao.xlsx,958252,Full hourly file stored locally; sample files are included in this public repository.
SD0785_T023_23hao,SD0785_T023_23hao.xlsx,958947,Full hourly file stored locally; sample files are included in this public repository.
SD0785_T024_24hao,SD0785_T024_24hao.xlsx,965462,Full hourly file stored locally; sample files are included in this public repository.
SD0785_T025_25hao,SD0785_T025_25hao.xlsx,970030,Full hourly file stored locally; sample files are included in this public repository.
SD0785_T026_26hao,SD0785_T026_26hao.xlsx,957622,Full hourly file stored locally; sample files are included in this public repository.
SD0785_T027_27hao,SD0785_T027_27hao.xlsx,957811,Full hourly file stored locally; sample files are included in this public repository.
SD0785_T028_28hao,SD0785_T028_28hao.xlsx,958529,Full hourly file stored locally; sample files are included in this public repository.
SD0785_T029_29hao,SD0785_T029_29hao.xlsx,973547,Full hourly file stored locally; sample files are included in this public repository.
SD0785_T030_30hao,SD0785_T030_30hao.xlsx,957332,Full hourly file stored locally; sample files are included in this public repository.
SD0785_T031_31hao,SD0785_T031_31hao.xlsx,958219,Full hourly file stored locally; sample files are included in this public repository.
SD0785_T032_32hao,SD0785_T032_32hao.xlsx,962486,Full hourly file stored locally; sample files are included in this public repository.
SD0785_T033_33hao,SD0785_T033_33hao.xlsx,958306,Full hourly file stored locally; sample files are included in this public repository.
SD0785_T034_34hao,SD0785_T034_34hao.xlsx,971503,Full hourly file stored locally; sample files are included in this public repository.
SD0785_T035_35hao,SD0785_T035_35hao.xlsx,971043,Full hourly file stored locally; sample files are included in this public repository.
SD0785_T036_36hao,SD0785_T036_36hao.xlsx,971184,Full hourly file stored locally; sample files are included in this public repository.
SD0785_T037_37hao,SD0785_T037_37hao.xlsx,980001,Full hourly file stored locally; sample files are included in this public repository.
SD0785_T038_38hao,SD0785_T038_38hao.xlsx,975869,Full hourly file stored locally; sample files are included in this public repository.
SD0785_T039_39hao,SD0785_T039_39hao.xlsx,970649,Full hourly file stored locally; sample files are included in this public repository.
SD0785_T040_40hao,SD0785_T040_40hao.xlsx,982967,Full hourly file stored locally; sample files are included in this public repository.
SD0785_T041_41hao,SD0785_T041_41hao.xlsx,981554,Full hourly file stored locally; sample files are included in this public repository.
SD0785_T042_42hao,SD0785_T042_42hao.xlsx,970694,Full hourly file stored locally; sample files are included in this public repository.
SD0785_T043_43hao,SD0785_T043_43hao.xlsx,982089,Full hourly file stored locally; sample files are included in this public repository.
SD0785_T044_44hao,SD0785_T044_44hao.xlsx,971073,Full hourly file stored locally; sample files are included in this public repository.
SD0785_T045_45hao,SD0785_T045_45hao.xlsx,967407,Full hourly file stored locally; sample files are included in this public repository.
SD0785_T046_46hao,SD0785_T046_46hao.xlsx,961759,Full hourly file stored locally; sample files are included in this public repository.
SD0785_T047_47hao,SD0785_T047_47hao.xlsx,962744,Full hourly file stored locally; sample files are included in this public repository.
SD0785_T048_48hao,SD0785_T048_48hao.xlsx,961142,Full hourly file stored locally; sample files are included in this public repository.
SD0786_T001_1hao,SD0786_T001_1hao.xlsx,979642,Full hourly file stored locally; sample files are included in this public repository.
SD0786_T002_2hao,SD0786_T002_2hao.xlsx,989210,Full hourly file stored locally; sample files are included in this public repository.
SD0786_T003_3hao,SD0786_T003_3hao.xlsx,981394,Full hourly file stored locally; sample files are included in this public repository.
SD0786_T004_4hao,SD0786_T004_4hao.xlsx,992945,Full hourly file stored locally; sample files are included in this public repository.
SD0786_T005_5hao,SD0786_T005_5hao.xlsx,992765,Full hourly file stored locally; sample files are included in this public repository.
SD0786_T006_6hao,SD0786_T006_6hao.xlsx,974133,Full hourly file stored locally; sample files are included in this public repository.
SD0786_T007_7hao,SD0786_T007_7hao.xlsx,973826,Full hourly file stored locally; sample files are included in this public repository.
SD0786_T008_8hao,SD0786_T008_8hao.xlsx,974584,Full hourly file stored locally; sample files are included in this public repository.
SD0786_T009_9hao,SD0786_T009_9hao.xlsx,996275,Full hourly file stored locally; sample files are included in this public repository.
SD0786_T010_10hao,SD0786_T010_10hao.xlsx,994448,Full hourly file stored locally; sample files are included in this public repository.
SD0786_T011_11hao,SD0786_T011_11hao.xlsx,999585,Full hourly file stored locally; sample files are included in this public repository.
SD0787_T001_1hao,SD0787_T001_1hao.xlsx,974955,Full hourly file stored locally; sample files are included in this public repository.
SD0787_T002_2hao,SD0787_T002_2hao.xlsx,973332,Full hourly file stored locally; sample files are included in this public repository.
SD0787_T003_3hao,SD0787_T003_3hao.xlsx,966505,Full hourly file stored locally; sample files are included in this public repository.
SD0787_T004_4hao,SD0787_T004_4hao.xlsx,980730,Full hourly file stored locally; sample files are included in this public repository.
SD0787_T005_5hao,SD0787_T005_5hao.xlsx,981911,Full hourly file stored locally; sample files are included in this public repository.
SD0787_T006_6hao,SD0787_T006_6hao.xlsx,979841,Full hourly file stored locally; sample files are included in this public repository.
SD0787_T007_7hao,SD0787_T007_7hao.xlsx,964824,Full hourly file stored locally; sample files are included in this public repository.
SD0787_T008_8hao,SD0787_T008_8hao.xlsx,966844,Full hourly file stored locally; sample files are included in this public repository.
SD0787_T009_9hao,SD0787_T009_9hao.xlsx,967999,Full hourly file stored locally; sample files are included in this public repository.
SD0787_T010_10hao,SD0787_T010_10hao.xlsx,983562,Full hourly file stored locally; sample files are included in this public repository.
SD0787_T011_11hao,SD0787_T011_11hao.xlsx,979003,Full hourly file stored locally; sample files are included in this public repository.
SD0788_T001_1hao,SD0788_T001_1hao.xlsx,986383,Full hourly file stored locally; sample files are included in this public repository.
SD0788_T002_2hao,SD0788_T002_2hao.xlsx,987457,Full hourly file stored locally; sample files are included in this public repository.
SD0788_T003_3hao,SD0788_T003_3hao.xlsx,992107,Full hourly file stored locally; sample files are included in this public repository.
SD0788_T004_4hao,SD0788_T004_4hao.xlsx,982922,Full hourly file stored locally; sample files are included in this public repository.
SD0788_T005_5hao,SD0788_T005_5hao.xlsx,973347,Full hourly file stored locally; sample files are included in this public repository.
SD0788_T006_6hao,SD0788_T006_6hao.xlsx,975029,Full hourly file stored locally; sample files are included in this public repository.
SD0789_T001_1hao,SD0789_T001_1hao.xlsx,982319,Full hourly file stored locally; sample files are included in this public repository.
SD0789_T002_2hao,SD0789_T002_2hao.xlsx,994796,Full hourly file stored locally; sample files are included in this public repository.
SD0789_T003_3hao,SD0789_T003_3hao.xlsx,977050,Full hourly file stored locally; sample files are included in this public repository.
SD0789_T004_4hao,SD0789_T004_4hao.xlsx,990177,Full hourly file stored locally; sample files are included in this public repository.
SD0789_T005_5hao,SD0789_T005_5hao.xlsx,994378,Full hourly file stored locally; sample files are included in this public repository.
SD0790_T001_1hao,SD0790_T001_1hao.xlsx,994756,Full hourly file stored locally; sample files are included in this public repository.
SD0790_T002_2hao,SD0790_T002_2hao.xlsx,978664,Full hourly file stored locally; sample files are included in this public repository.
SD0790_T003_3hao,SD0790_T003_3hao.xlsx,978999,Full hourly file stored locally; sample files are included in this public repository.
SD0790_T004_4hao,SD0790_T004_4hao.xlsx,980487,Full hourly file stored locally; sample files are included in this public repository.
SD0790_T005_5hao,SD0790_T005_5hao.xlsx,985508,Full hourly file stored locally; sample files are included in this public repository.
SD0790_T006_6hao,SD0790_T006_6hao.xlsx,991380,Full hourly file stored locally; sample files are included in this public repository.
SD0790_T007_7hao,SD0790_T007_7hao.xlsx,987970,Full hourly file stored locally; sample files are included in this public repository.
SD0790_T008_8hao,SD0790_T008_8hao.xlsx,987478,Full hourly file stored locally; sample files are included in this public repository.
SD0791_T001_1hao,SD0791_T001_1hao.xlsx,977479,Full hourly file stored locally; sample files are included in this public repository.
SD0791_T002_2hao,SD0791_T002_2hao.xlsx,998914,Full hourly file stored locally; sample files are included in this public repository.
SD0791_T003_3hao,SD0791_T003_3hao.xlsx,997378,Full hourly file stored locally; sample files are included in this public repository.
SD0792_T001_1hao,SD0792_T001_1hao.xlsx,988856,Full hourly file stored locally; sample files are included in this public repository.
SD0793_T001_1hao,SD0793_T001_1hao.xlsx,1002319,Full hourly file stored locally; sample files are included in this public repository.
SD0793_T002_2hao,SD0793_T002_2hao.xlsx,999878,Full hourly file stored locally; sample files are included in this public repository.
SD0793_T003_3hao,SD0793_T003_3hao.xlsx,971646,Full hourly file stored locally; sample files are included in this public repository.
SD0793_T004_4hao,SD0793_T004_4hao.xlsx,973675,Full hourly file stored locally; sample files are included in this public repository.
SD0794_T001_1hao,SD0794_T001_1hao.xlsx,995660,Full hourly file stored locally; sample files are included in this public repository.
SD0795_T001_1hao,SD0795_T001_1hao.xlsx,990169,Full hourly file stored locally; sample files are included in this public repository.
SD0796_T001_1hao,SD0796_T001_1hao.xlsx,974672,Full hourly file stored locally; sample files are included in this public repository.
SD0796_T002_2hao,SD0796_T002_2hao.xlsx,965752,Full hourly file stored locally; sample files are included in this public repository.
SD0796_T003_3hao,SD0796_T003_3hao.xlsx,972197,Full hourly file stored locally; sample files are included in this public repository.
SD0796_T004_4hao,SD0796_T004_4hao.xlsx,964227,Full hourly file stored locally; sample files are included in this public repository.
SD0796_T005_5hao,SD0796_T005_5hao.xlsx,975397,Full hourly file stored locally; sample files are included in this public repository.
SD0797_T001_1hao,SD0797_T001_1hao.xlsx,813122,Full hourly file stored locally; sample files are included in this public repository.
SD0798_T001_1hao,SD0798_T001_1hao.xlsx,980898,Full hourly file stored locally; sample files are included in this public repository.
SD0799_T001_1hao,SD0799_T001_1hao.xlsx,964149,Full hourly file stored locally; sample files are included in this public repository.
SD0799_T002_2hao,SD0799_T002_2hao.xlsx,963795,Full hourly file stored locally; sample files are included in this public repository.
SD0800_T001_1hao,SD0800_T001_1hao.xlsx,985400,Full hourly file stored locally; sample files are included in this public repository.
SD0800_T002_2hao,SD0800_T002_2hao.xlsx,996703,Full hourly file stored locally; sample files are included in this public repository.
SD0801_T001_1hao,SD0801_T001_1hao.xlsx,975185,Full hourly file stored locally; sample files are included in this public repository.
SD0802_T001_1hao,SD0802_T001_1hao.xlsx,823171,Full hourly file stored locally; sample files are included in this public repository.
SD0802_T002_2hao,SD0802_T002_2hao.xlsx,966673,Full hourly file stored locally; sample files are included in this public repository.
SD0802_T003_3hao,SD0802_T003_3hao.xlsx,966910,Full hourly file stored locally; sample files are included in this public repository.
SD0802_T004_4hao,SD0802_T004_4hao.xlsx,967708,Full hourly file stored locally; sample files are included in this public repository.
SD0802_T005_5hao,SD0802_T005_5hao.xlsx,966331,Full hourly file stored locally; sample files are included in this public repository.
SD0802_T006_6hao,SD0802_T006_6hao.xlsx,966669,Full hourly file stored locally; sample files are included in this public repository.
SD0802_T007_7hao,SD0802_T007_7hao.xlsx,986716,Full hourly file stored locally; sample files are included in this public repository.
SD0803_T001_1hao,SD0803_T001_1hao.xlsx,981130,Full hourly file stored locally; sample files are included in this public repository.
SD0803_T002_2hao,SD0803_T002_2hao.xlsx,973812,Full hourly file stored locally; sample files are included in this public repository.
SD0803_T003_3hao,SD0803_T003_3hao.xlsx,973437,Full hourly file stored locally; sample files are included in this public repository.
SD0803_T004_4hao,SD0803_T004_4hao.xlsx,981866,Full hourly file stored locally; sample files are included in this public repository.
SD0803_T005_5hao,SD0803_T005_5hao.xlsx,976894,Full hourly file stored locally; sample files are included in this public repository.
SD0803_T006_6hao,SD0803_T006_6hao.xlsx,979298,Full hourly file stored locally; sample files are included in this public repository.
SD0803_T007_7hao,SD0803_T007_7hao.xlsx,981777,Full hourly file stored locally; sample files are included in this public repository.
SD0803_T008_8hao,SD0803_T008_8hao.xlsx,991451,Full hourly file stored locally; sample files are included in this public repository.
SD0804_T001_1hao,SD0804_T001_1hao.xlsx,963100,Full hourly file stored locally; sample files are included in this public repository.
SD0804_T002_2hao,SD0804_T002_2hao.xlsx,977435,Full hourly file stored locally; sample files are included in this public repository.
SD0804_T003_3hao,SD0804_T003_3hao.xlsx,965024,Full hourly file stored locally; sample files are included in this public repository.
SD0805_T001_1hao,SD0805_T001_1hao.xlsx,966343,Full hourly file stored locally; sample files are included in this public repository.
SD0805_T002_2hao,SD0805_T002_2hao.xlsx,979330,Full hourly file stored locally; sample files are included in this public repository.
SD0806_T001_1hao,SD0806_T001_1hao.xlsx,981871,Full hourly file stored locally; sample files are included in this public repository.
SD0806_T002_2hao,SD0806_T002_2hao.xlsx,990043,Full hourly file stored locally; sample files are included in this public repository.
SD0806_T003_3hao,SD0806_T003_3hao.xlsx,980543,Full hourly file stored locally; sample files are included in this public repository.
SD0806_T004_4hao,SD0806_T004_4hao.xlsx,981864,Full hourly file stored locally; sample files are included in this public repository.
SD0806_T005_5hao,SD0806_T005_5hao.xlsx,977111,Full hourly file stored locally; sample files are included in this public repository.
SD0806_T006_6hao,SD0806_T006_6hao.xlsx,980509,Full hourly file stored locally; sample files are included in this public repository.
SD0806_T007_7hao,SD0806_T007_7hao.xlsx,981279,Full hourly file stored locally; sample files are included in this public repository.
SD0807_T001_1hao,SD0807_T001_1hao.xlsx,997154,Full hourly file stored locally; sample files are included in this public repository.
SD0808_T001_1hao,SD0808_T001_1hao.xlsx,976697,Full hourly file stored locally; sample files are included in this public repository.
SD0808_T002_2hao,SD0808_T002_2hao.xlsx,980158,Full hourly file stored locally; sample files are included in this public repository.
SD0808_T003_3hao,SD0808_T003_3hao.xlsx,976053,Full hourly file stored locally; sample files are included in this public repository.
SD0808_T004_4hao,SD0808_T004_4hao.xlsx,976500,Full hourly file stored locally; sample files are included in this public repository.
SD0809_T001_1hao,SD0809_T001_1hao.xlsx,975792,Full hourly file stored locally; sample files are included in this public repository.
SD0810_T001_1hao,SD0810_T001_1hao.xlsx,822606,Full hourly file stored locally; sample files are included in this public repository.
SD0810_T002_2hao,SD0810_T002_2hao.xlsx,984967,Full hourly file stored locally; sample files are included in this public repository.
SD0810_T003_3hao,SD0810_T003_3hao.xlsx,990876,Full hourly file stored locally; sample files are included in this public repository.
SD0811_T001_1hao,SD0811_T001_1hao.xlsx,969027,Full hourly file stored locally; sample files are included in this public repository.
SD0811_T002_2hao,SD0811_T002_2hao.xlsx,982598,Full hourly file stored locally; sample files are included in this public repository.
SD0811_T003_3hao,SD0811_T003_3hao.xlsx,991995,Full hourly file stored locally; sample files are included in this public repository.
SD0811_T004_4hao,SD0811_T004_4hao.xlsx,982343,Full hourly file stored locally; sample files are included in this public repository.
SD0811_T005_5hao,SD0811_T005_5hao.xlsx,983128,Full hourly file stored locally; sample files are included in this public repository.
SD0811_T006_6hao,SD0811_T006_6hao.xlsx,982254,Full hourly file stored locally; sample files are included in this public repository.
SD0812_T001_1hao,SD0812_T001_1hao.xlsx,976751,Full hourly file stored locally; sample files are included in this public repository.
SD0813_T001_1hao,SD0813_T001_1hao.xlsx,976256,Full hourly file stored locally; sample files are included in this public repository.
SD0813_T002_2hao,SD0813_T002_2hao.xlsx,991780,Full hourly file stored locally; sample files are included in this public repository.
SD0813_T003_3hao,SD0813_T003_3hao.xlsx,995121,Full hourly file stored locally; sample files are included in this public repository.
SD0814_T001_1hao,SD0814_T001_1hao.xlsx,988591,Full hourly file stored locally; sample files are included in this public repository.
SD0814_T002_2hao,SD0814_T002_2hao.xlsx,991944,Full hourly file stored locally; sample files are included in this public repository.
SD0814_T003_3hao,SD0814_T003_3hao.xlsx,994384,Full hourly file stored locally; sample files are included in this public repository.
SD0814_T004_4hao,SD0814_T004_4hao.xlsx,991108,Full hourly file stored locally; sample files are included in this public repository.
SD0814_T005_5hao,SD0814_T005_5hao.xlsx,975231,Full hourly file stored locally; sample files are included in this public repository.
SD0814_T006_6hao,SD0814_T006_6hao.xlsx,997657,Full hourly file stored locally; sample files are included in this public repository.
SD0814_T007_7hao,SD0814_T007_7hao.xlsx,998024,Full hourly file stored locally; sample files are included in this public repository.
SD0814_T008_8hao,SD0814_T008_8hao.xlsx,989736,Full hourly file stored locally; sample files are included in this public repository.
SD0814_T009_9hao,SD0814_T009_9hao.xlsx,1013596,Full hourly file stored locally; sample files are included in this public repository.
SD0814_T010_10hao,SD0814_T010_10hao.xlsx,977894,Full hourly file stored locally; sample files are included in this public repository.
SD0815_T001_1hao,SD0815_T001_1hao.xlsx,985248,Full hourly file stored locally; sample files are included in this public repository.
SD0815_T002_2hao,SD0815_T002_2hao.xlsx,985731,Full hourly file stored locally; sample files are included in this public repository.
SD0815_T003_3hao,SD0815_T003_3hao.xlsx,985984,Full hourly file stored locally; sample files are included in this public repository.
SD0815_T004_4hao,SD0815_T004_4hao.xlsx,981081,Full hourly file stored locally; sample files are included in this public repository.
SD0815_T005_5hao,SD0815_T005_5hao.xlsx,997585,Full hourly file stored locally; sample files are included in this public repository.
SD0816_T001_1hao,SD0816_T001_1hao.xlsx,978053,Full hourly file stored locally; sample files are included in this public repository.
SD0816_T002_2hao,SD0816_T002_2hao.xlsx,990211,Full hourly file stored locally; sample files are included in this public repository.
SD0816_T003_3hao,SD0816_T003_3hao.xlsx,977171,Full hourly file stored locally; sample files are included in this public repository.
SD0816_T004_4hao,SD0816_T004_4hao.xlsx,971742,Full hourly file stored locally; sample files are included in this public repository.
SD0817_T001_1hao,SD0817_T001_1hao.xlsx,993800,Full hourly file stored locally; sample files are included in this public repository.
SD0818_T001_1hao,SD0818_T001_1hao.xlsx,979597,Full hourly file stored locally; sample files are included in this public repository.
SD0818_T002_2hao,SD0818_T002_2hao.xlsx,978602,Full hourly file stored locally; sample files are included in this public repository.
SD0818_T003_3hao,SD0818_T003_3hao.xlsx,985046,Full hourly file stored locally; sample files are included in this public repository.
SD0818_T004_4hao,SD0818_T004_4hao.xlsx,984312,Full hourly file stored locally; sample files are included in this public repository.
SD0818_T005_5hao,SD0818_T005_5hao.xlsx,989108,Full hourly file stored locally; sample files are included in this public repository.
SD0818_T006_6hao,SD0818_T006_6hao.xlsx,990562,Full hourly file stored locally; sample files are included in this public repository.
SD0818_T007_7hao,SD0818_T007_7hao.xlsx,992304,Full hourly file stored locally; sample files are included in this public repository.
SD0818_T008_8hao,SD0818_T008_8hao.xlsx,976472,Full hourly file stored locally; sample files are included in this public repository.
SD0818_T009_9hao,SD0818_T009_9hao.xlsx,992996,Full hourly file stored locally; sample files are included in this public repository.
SD0818_T010_10hao,SD0818_T010_10hao.xlsx,985572,Full hourly file stored locally; sample files are included in this public repository.
SD0818_T011_11hao,SD0818_T011_11hao.xlsx,984800,Full hourly file stored locally; sample files are included in this public repository.
SD0818_T012_12hao,SD0818_T012_12hao.xlsx,977646,Full hourly file stored locally; sample files are included in this public repository.
SD0818_T013_13hao,SD0818_T013_13hao.xlsx,979657,Full hourly file stored locally; sample files are included in this public repository.
SD0818_T014_14hao,SD0818_T014_14hao.xlsx,986755,Full hourly file stored locally; sample files are included in this public repository.
SD0818_T015_15hao,SD0818_T015_15hao.xlsx,979625,Full hourly file stored locally; sample files are included in this public repository.
SD0819_T001_1hao,SD0819_T001_1hao.xlsx,978186,Full hourly file stored locally; sample files are included in this public repository.
SD0819_T002_2hao,SD0819_T002_2hao.xlsx,980323,Full hourly file stored locally; sample files are included in this public repository.
SD0819_T003_3hao,SD0819_T003_3hao.xlsx,990023,Full hourly file stored locally; sample files are included in this public repository.
SD0819_T004_4hao,SD0819_T004_4hao.xlsx,981366,Full hourly file stored locally; sample files are included in this public repository.
SD0820_T001_1hao,SD0820_T001_1hao.xlsx,824736,Full hourly file stored locally; sample files are included in this public repository.
SD0820_T002_2hao,SD0820_T002_2hao.xlsx,990993,Full hourly file stored locally; sample files are included in this public repository.
SD0821_T001_1hao,SD0821_T001_1hao.xlsx,989493,Full hourly file stored locally; sample files are included in this public repository.
SD0821_T002_2hao,SD0821_T002_2hao.xlsx,988910,Full hourly file stored locally; sample files are included in this public repository.
SD0821_T003_3hao,SD0821_T003_3hao.xlsx,989120,Full hourly file stored locally; sample files are included in this public repository.
SD0821_T004_4hao,SD0821_T004_4hao.xlsx,988698,Full hourly file stored locally; sample files are included in this public repository.
SD0821_T005_5hao,SD0821_T005_5hao.xlsx,992894,Full hourly file stored locally; sample files are included in this public repository.
SD0821_T006_6hao,SD0821_T006_6hao.xlsx,994970,Full hourly file stored locally; sample files are included in this public repository.
SD0822_T001_1hao,SD0822_T001_1hao.xlsx,999747,Full hourly file stored locally; sample files are included in this public repository.
SD0823_T001_1hao,SD0823_T001_1hao.xlsx,997413,Full hourly file stored locally; sample files are included in this public repository.
SD0824_T001_1hao,SD0824_T001_1hao.xlsx,984318,Full hourly file stored locally; sample files are included in this public repository.
SD0824_T002_2hao,SD0824_T002_2hao.xlsx,976437,Full hourly file stored locally; sample files are included in this public repository.
SD0825_T001_1hao,SD0825_T001_1hao.xlsx,979805,Full hourly file stored locally; sample files are included in this public repository.
SD0825_T002_2hao,SD0825_T002_2hao.xlsx,978792,Full hourly file stored locally; sample files are included in this public repository.
SD0825_T003_3hao,SD0825_T003_3hao.xlsx,983907,Full hourly file stored locally; sample files are included in this public repository.
SD0825_T004_4hao,SD0825_T004_4hao.xlsx,996943,Full hourly file stored locally; sample files are included in this public repository.
SD0825_T005_5hao,SD0825_T005_5hao.xlsx,996488,Full hourly file stored locally; sample files are included in this public repository.
SD0825_T006_6hao,SD0825_T006_6hao.xlsx,996680,Full hourly file stored locally; sample files are included in this public repository.
SD0825_T007_7hao,SD0825_T007_7hao.xlsx,982308,Full hourly file stored locally; sample files are included in this public repository.
SD0825_T008_8hao,SD0825_T008_8hao.xlsx,995405,Full hourly file stored locally; sample files are included in this public repository.
SD0825_T009_9hao,SD0825_T009_9hao.xlsx,1015762,Full hourly file stored locally; sample files are included in this public repository.
SD0825_T010_10hao,SD0825_T010_10hao.xlsx,1001596,Full hourly file stored locally; sample files are included in this public repository.
SD0825_T011_11hao,SD0825_T011_11hao.xlsx,1001385,Full hourly file stored locally; sample files are included in this public repository.
SD0825_T012_12hao,SD0825_T012_12hao.xlsx,999305,Full hourly file stored locally; sample files are included in this public repository.
SD0825_T013_13hao,SD0825_T013_13hao.xlsx,996678,Full hourly file stored locally; sample files are included in this public repository.
SD0826_T001_1hao,SD0826_T001_1hao.xlsx,978995,Full hourly file stored locally; sample files are included in this public repository.
SD0826_T002_2hao,SD0826_T002_2hao.xlsx,975496,Full hourly file stored locally; sample files are included in this public repository.
SD0826_T003_3hao,SD0826_T003_3hao.xlsx,978759,Full hourly file stored locally; sample files are included in this public repository.
SD0826_T004_4hao,SD0826_T004_4hao.xlsx,998995,Full hourly file stored locally; sample files are included in this public repository.
SD0826_T005_5hao,SD0826_T005_5hao.xlsx,977909,Full hourly file stored locally; sample files are included in this public repository.
SD0826_T006_6hao,SD0826_T006_6hao.xlsx,978857,Full hourly file stored locally; sample files are included in this public repository.
SD0826_T007_7hao,SD0826_T007_7hao.xlsx,979206,Full hourly file stored locally; sample files are included in this public repository.
SD0826_T008_8hao,SD0826_T008_8hao.xlsx,978962,Full hourly file stored locally; sample files are included in this public repository.
SD0826_T009_9hao,SD0826_T009_9hao.xlsx,987043,Full hourly file stored locally; sample files are included in this public repository.
SD0826_T010_10hao,SD0826_T010_10hao.xlsx,976494,Full hourly file stored locally; sample files are included in this public repository.
SD0826_T011_11hao,SD0826_T011_11hao.xlsx,993270,Full hourly file stored locally; sample files are included in this public repository.
SD0826_T012_12hao,SD0826_T012_12hao.xlsx,993946,Full hourly file stored locally; sample files are included in this public repository.
SD0827_T001_1hao,SD0827_T001_1hao.xlsx,974707,Full hourly file stored locally; sample files are included in this public repository.
SD0827_T002_2hao,SD0827_T002_2hao.xlsx,968035,Full hourly file stored locally; sample files are included in this public repository.
SD0827_T003_3hao,SD0827_T003_3hao.xlsx,979049,Full hourly file stored locally; sample files are included in this public repository.
SD0827_T004_4hao,SD0827_T004_4hao.xlsx,972818,Full hourly file stored locally; sample files are included in this public repository.
SD0827_T005_5hao,SD0827_T005_5hao.xlsx,975275,Full hourly file stored locally; sample files are included in this public repository.
SD0827_T006_6hao,SD0827_T006_6hao.xlsx,971107,Full hourly file stored locally; sample files are included in this public repository.
SD0827_T007_7hao,SD0827_T007_7hao.xlsx,984583,Full hourly file stored locally; sample files are included in this public repository.
SD0828_T001_1hao,SD0828_T001_1hao.xlsx,980137,Full hourly file stored locally; sample files are included in this public repository.
SD0828_T002_2hao,SD0828_T002_2hao.xlsx,978182,Full hourly file stored locally; sample files are included in this public repository.
SD0828_T003_3hao,SD0828_T003_3hao.xlsx,981472,Full hourly file stored locally; sample files are included in this public repository.
SD0828_T004_4hao,SD0828_T004_4hao.xlsx,975406,Full hourly file stored locally; sample files are included in this public repository.
SD0829_T001_1hao,SD0829_T001_1hao.xlsx,985865,Full hourly file stored locally; sample files are included in this public repository.
SD0829_T002_2hao,SD0829_T002_2hao.xlsx,975058,Full hourly file stored locally; sample files are included in this public repository.
SD0829_T003_3hao,SD0829_T003_3hao.xlsx,993006,Full hourly file stored locally; sample files are included in this public repository.
SD0829_T004_4hao,SD0829_T004_4hao.xlsx,974977,Full hourly file stored locally; sample files are included in this public repository.
SD0830_T001_1hao,SD0830_T001_1hao.xlsx,983823,Full hourly file stored locally; sample files are included in this public repository.
SD0830_T002_2hao,SD0830_T002_2hao.xlsx,991731,Full hourly file stored locally; sample files are included in this public repository.
SD0831_T001_1hao,SD0831_T001_1hao.xlsx,1007968,Full hourly file stored locally; sample files are included in this public repository.
SD0832_T001_1hao,SD0832_T001_1hao.xlsx,978418,Full hourly file stored locally; sample files are included in this public repository.
SD0832_T002_2hao,SD0832_T002_2hao.xlsx,983044,Full hourly file stored locally; sample files are included in this public repository.
SD0832_T003_3hao,SD0832_T003_3hao.xlsx,976969,Full hourly file stored locally; sample files are included in this public repository.
SD0832_T004_4hao,SD0832_T004_4hao.xlsx,984084,Full hourly file stored locally; sample files are included in this public repository.
SD0832_T005_5hao,SD0832_T005_5hao.xlsx,996788,Full hourly file stored locally; sample files are included in this public repository.
SD0833_T001_1hao,SD0833_T001_1hao.xlsx,985150,Full hourly file stored locally; sample files are included in this public repository.
SD0833_T002_2hao,SD0833_T002_2hao.xlsx,990744,Full hourly file stored locally; sample files are included in this public repository.
SD0833_T003_3hao,SD0833_T003_3hao.xlsx,985375,Full hourly file stored locally; sample files are included in this public repository.
SD0833_T004_4hao,SD0833_T004_4hao.xlsx,982285,Full hourly file stored locally; sample files are included in this public repository.
SD0833_T005_5hao,SD0833_T005_5hao.xlsx,993441,Full hourly file stored locally; sample files are included in this public repository.
SD0834_T001_1hao,SD0834_T001_1hao.xlsx,990167,Full hourly file stored locally; sample files are included in this public repository.
SD0834_T002_2hao,SD0834_T002_2hao.xlsx,1000277,Full hourly file stored locally; sample files are included in this public repository.
SD0834_T003_3hao,SD0834_T003_3hao.xlsx,978860,Full hourly file stored locally; sample files are included in this public repository.
SD0834_T004_4hao,SD0834_T004_4hao.xlsx,978274,Full hourly file stored locally; sample files are included in this public repository.
SD0834_T005_5hao,SD0834_T005_5hao.xlsx,977582,Full hourly file stored locally; sample files are included in this public repository.
SD0834_T006_6hao,SD0834_T006_6hao.xlsx,984637,Full hourly file stored locally; sample files are included in this public repository.
SD0834_T007_7hao,SD0834_T007_7hao.xlsx,981584,Full hourly file stored locally; sample files are included in this public repository.
SD0835_T001_1hao,SD0835_T001_1hao.xlsx,978382,Full hourly file stored locally; sample files are included in this public repository.
SD0835_T002_2hao,SD0835_T002_2hao.xlsx,978352,Full hourly file stored locally; sample files are included in this public repository.
SD0835_T003_3hao,SD0835_T003_3hao.xlsx,977095,Full hourly file stored locally; sample files are included in this public repository.
SD0835_T004_4hao,SD0835_T004_4hao.xlsx,977063,Full hourly file stored locally; sample files are included in this public repository.
SD0835_T005_5hao,SD0835_T005_5hao.xlsx,976897,Full hourly file stored locally; sample files are included in this public repository.
SD0835_T006_6hao,SD0835_T006_6hao.xlsx,978042,Full hourly file stored locally; sample files are included in this public repository.
SD0836_T001_1hao,SD0836_T001_1hao.xlsx,977030,Full hourly file stored locally; sample files are included in this public repository.
SD0836_T002_2hao,SD0836_T002_2hao.xlsx,987445,Full hourly file stored locally; sample files are included in this public repository.
SD0836_T003_3hao,SD0836_T003_3hao.xlsx,993361,Full hourly file stored locally; sample files are included in this public repository.
SD0836_T004_4hao,SD0836_T004_4hao.xlsx,981866,Full hourly file stored locally; sample files are included in this public repository.
SD0836_T005_5hao,SD0836_T005_5hao.xlsx,978981,Full hourly file stored locally; sample files are included in this public repository.
SD0837_T001_1hao,SD0837_T001_1hao.xlsx,980771,Full hourly file stored locally; sample files are included in this public repository.
SD0837_T002_2hao,SD0837_T002_2hao.xlsx,984905,Full hourly file stored locally; sample files are included in this public repository.
SD0837_T003_3hao,SD0837_T003_3hao.xlsx,818469,Full hourly file stored locally; sample files are included in this public repository.
SD0837_T004_4hao,SD0837_T004_4hao.xlsx,981458,Full hourly file stored locally; sample files are included in this public repository.
SD0837_T005_5hao,SD0837_T005_5hao.xlsx,972497,Full hourly file stored locally; sample files are included in this public repository.
SD0838_T001_1hao,SD0838_T001_1hao.xlsx,983460,Full hourly file stored locally; sample files are included in this public repository.
SD0838_T002_2hao,SD0838_T002_2hao.xlsx,991379,Full hourly file stored locally; sample files are included in this public repository.
SD0838_T003_3hao,SD0838_T003_3hao.xlsx,992113,Full hourly file stored locally; sample files are included in this public repository.
SD0838_T004_4hao,SD0838_T004_4hao.xlsx,1000269,Full hourly file stored locally; sample files are included in this public repository.
SD0839_T001_1hao,SD0839_T001_1hao.xlsx,1011280,Full hourly file stored locally; sample files are included in this public repository.
SD0840_T001_1hao,SD0840_T001_1hao.xlsx,976993,Full hourly file stored locally; sample files are included in this public repository.
SD0840_T002_2hao,SD0840_T002_2hao.xlsx,996326,Full hourly file stored locally; sample files are included in this public repository.
SD0841_T001_1hao,SD0841_T001_1hao.xlsx,1002126,Full hourly file stored locally; sample files are included in this public repository.
SD0842_T001_1hao,SD0842_T001_1hao.xlsx,990518,Full hourly file stored locally; sample files are included in this public repository.
SD0842_T002_2hao,SD0842_T002_2hao.xlsx,995685,Full hourly file stored locally; sample files are included in this public repository.
SD0842_T003_3hao,SD0842_T003_3hao.xlsx,992180,Full hourly file stored locally; sample files are included in this public repository.
SD0842_T004_4hao,SD0842_T004_4hao.xlsx,992161,Full hourly file stored locally; sample files are included in this public repository.
SD0842_T005_5hao,SD0842_T005_5hao.xlsx,989802,Full hourly file stored locally; sample files are included in this public repository.
SD0842_T006_6hao,SD0842_T006_6hao.xlsx,993772,Full hourly file stored locally; sample files are included in this public repository.
SD0842_T007_7hao,SD0842_T007_7hao.xlsx,986999,Full hourly file stored locally; sample files are included in this public repository.
SD0843_T001_1hao,SD0843_T001_1hao.xlsx,992037,Full hourly file stored locally; sample files are included in this public repository.
SD0843_T002_2hao,SD0843_T002_2hao.xlsx,996978,Full hourly file stored locally; sample files are included in this public repository.
SD0843_T003_3hao,SD0843_T003_3hao.xlsx,991281,Full hourly file stored locally; sample files are included in this public repository.
SD0844_T001_1hao,SD0844_T001_1hao.xlsx,970572,Full hourly file stored locally; sample files are included in this public repository.
SD0844_T002_2hao,SD0844_T002_2hao.xlsx,819212,Full hourly file stored locally; sample files are included in this public repository.
SD0844_T003_3hao,SD0844_T003_3hao.xlsx,977205,Full hourly file stored locally; sample files are included in this public repository.
SD0845_T001_1hao,SD0845_T001_1hao.xlsx,982591,Full hourly file stored locally; sample files are included in this public repository.
SD0845_T002_2hao,SD0845_T002_2hao.xlsx,1002001,Full hourly file stored locally; sample files are included in this public repository.
SD0845_T003_3hao,SD0845_T003_3hao.xlsx,999621,Full hourly file stored locally; sample files are included in this public repository.
SD0846_T001_1hao,SD0846_T001_1hao.xlsx,1016165,Full hourly file stored locally; sample files are included in this public repository.
SD0847_T001_1hao,SD0847_T001_1hao.xlsx,974548,Full hourly file stored locally; sample files are included in this public repository.
SD0847_T002_2hao,SD0847_T002_2hao.xlsx,986689,Full hourly file stored locally; sample files are included in this public repository.
SD0847_T003_3hao,SD0847_T003_3hao.xlsx,980974,Full hourly file stored locally; sample files are included in this public repository.
SD0847_T004_4hao,SD0847_T004_4hao.xlsx,976771,Full hourly file stored locally; sample files are included in this public repository.
SD0848_T001_1hao,SD0848_T001_1hao.xlsx,996997,Full hourly file stored locally; sample files are included in this public repository.
SD0849_T001_1hao,SD0849_T001_1hao.xlsx,1009400,Full hourly file stored locally; sample files are included in this public repository.
SD0850_T001_1hao,SD0850_T001_1hao.xlsx,997183,Full hourly file stored locally; sample files are included in this public repository.
SD0850_T002_2hao,SD0850_T002_2hao.xlsx,997593,Full hourly file stored locally; sample files are included in this public repository.
SD0850_T003_3hao,SD0850_T003_3hao.xlsx,999714,Full hourly file stored locally; sample files are included in this public repository.
SD0851_T001_1hao,SD0851_T001_1hao.xlsx,999468,Full hourly file stored locally; sample files are included in this public repository.
SD0852_T001_1hao,SD0852_T001_1hao.xlsx,975675,Full hourly file stored locally; sample files are included in this public repository.
SD0852_T002_2hao,SD0852_T002_2hao.xlsx,984113,Full hourly file stored locally; sample files are included in this public repository.
SD0852_T003_3hao,SD0852_T003_3hao.xlsx,996468,Full hourly file stored locally; sample files are included in this public repository.
SD0852_T004_4hao,SD0852_T004_4hao.xlsx,984793,Full hourly file stored locally; sample files are included in this public repository.
SD0852_T005_5hao,SD0852_T005_5hao.xlsx,984093,Full hourly file stored locally; sample files are included in this public repository.
SD0853_T001_1hao,SD0853_T001_1hao.xlsx,985804,Full hourly file stored locally; sample files are included in this public repository.
SD0853_T002_2hao,SD0853_T002_2hao.xlsx,985971,Full hourly file stored locally; sample files are included in this public repository.
SD0853_T003_3hao,SD0853_T003_3hao.xlsx,986584,Full hourly file stored locally; sample files are included in this public repository.
SD0853_T004_4hao,SD0853_T004_4hao.xlsx,986338,Full hourly file stored locally; sample files are included in this public repository.
SD0853_T005_5hao,SD0853_T005_5hao.xlsx,987672,Full hourly file stored locally; sample files are included in this public repository.
SD0853_T006_6hao,SD0853_T006_6hao.xlsx,988238,Full hourly file stored locally; sample files are included in this public repository.
SD0853_T007_7hao,SD0853_T007_7hao.xlsx,993327,Full hourly file stored locally; sample files are included in this public repository.
SD0853_T008_8hao,SD0853_T008_8hao.xlsx,990385,Full hourly file stored locally; sample files are included in this public repository.
SD0854_T001_1hao,SD0854_T001_1hao.xlsx,999132,Full hourly file stored locally; sample files are included in this public repository.
SD0855_T001_1hao,SD0855_T001_1hao.xlsx,978095,Full hourly file stored locally; sample files are included in this public repository.
SD0855_T002_2hao,SD0855_T002_2hao.xlsx,992882,Full hourly file stored locally; sample files are included in this public repository.
SD0856_T001_1hao,SD0856_T001_1hao.xlsx,966343,Full hourly file stored locally; sample files are included in this public repository.
SD0857_T001_1hao,SD0857_T001_1hao.xlsx,981170,Full hourly file stored locally; sample files are included in this public repository.
SD0857_T002_2hao,SD0857_T002_2hao.xlsx,977830,Full hourly file stored locally; sample files are included in this public repository.
SD0857_T003_3hao,SD0857_T003_3hao.xlsx,977474,Full hourly file stored locally; sample files are included in this public repository.
SD0858_T001_1hao,SD0858_T001_1hao.xlsx,999549,Full hourly file stored locally; sample files are included in this public repository.
SD0858_T002_2hao,SD0858_T002_2hao.xlsx,972805,Full hourly file stored locally; sample files are included in this public repository.
SD0859_T001_1hao,SD0859_T001_1hao.xlsx,987775,Full hourly file stored locally; sample files are included in this public repository.
SD0860_T001_1hao,SD0860_T001_1hao.xlsx,984609,Full hourly file stored locally; sample files are included in this public repository.
SD0860_T002_2hao,SD0860_T002_2hao.xlsx,980949,Full hourly file stored locally; sample files are included in this public repository.
SD0860_T003_3hao,SD0860_T003_3hao.xlsx,985861,Full hourly file stored locally; sample files are included in this public repository.
SD0860_T004_4hao,SD0860_T004_4hao.xlsx,998206,Full hourly file stored locally; sample files are included in this public repository.
SD0860_T005_5hao,SD0860_T005_5hao.xlsx,985043,Full hourly file stored locally; sample files are included in this public repository.
SD0860_T006_6hao,SD0860_T006_6hao.xlsx,974497,Full hourly file stored locally; sample files are included in this public repository.
SD0860_T007_7hao,SD0860_T007_7hao.xlsx,973644,Full hourly file stored locally; sample files are included in this public repository.
SD0860_T008_8hao,SD0860_T008_8hao.xlsx,1000941,Full hourly file stored locally; sample files are included in this public repository.
SD0860_T009_9hao,SD0860_T009_9hao.xlsx,999962,Full hourly file stored locally; sample files are included in this public repository.
SD0861_T001_1hao,SD0861_T001_1hao.xlsx,982685,Full hourly file stored locally; sample files are included in this public repository.
SD0861_T002_2hao,SD0861_T002_2hao.xlsx,974252,Full hourly file stored locally; sample files are included in this public repository.
SD0861_T003_3hao,SD0861_T003_3hao.xlsx,977668,Full hourly file stored locally; sample files are included in this public repository.
SD0861_T004_4hao,SD0861_T004_4hao.xlsx,972311,Full hourly file stored locally; sample files are included in this public repository.
SD0861_T005_5hao,SD0861_T005_5hao.xlsx,974927,Full hourly file stored locally; sample files are included in this public repository.
SD0861_T006_6hao,SD0861_T006_6hao.xlsx,970626,Full hourly file stored locally; sample files are included in this public repository.
SD0861_T007_7hao,SD0861_T007_7hao.xlsx,972066,Full hourly file stored locally; sample files are included in this public repository.
SD0862_T001_1hao,SD0862_T001_1hao.xlsx,975050,Full hourly file stored locally; sample files are included in this public repository.
SD0862_T002_2hao,SD0862_T002_2hao.xlsx,826278,Full hourly file stored locally; sample files are included in this public repository.
SD0863_T001_1hao,SD0863_T001_1hao.xlsx,974578,Full hourly file stored locally; sample files are included in this public repository.
SD0864_T001_1hao,SD0864_T001_1hao.xlsx,1001039,Full hourly file stored locally; sample files are included in this public repository.
SD0865_T001_1hao,SD0865_T001_1hao.xlsx,966090,Full hourly file stored locally; sample files are included in this public repository.
SD0865_T002_2hao,SD0865_T002_2hao.xlsx,969419,Full hourly file stored locally; sample files are included in this public repository.
SD0865_T003_3hao,SD0865_T003_3hao.xlsx,969604,Full hourly file stored locally; sample files are included in this public repository.
SD0865_T004_4hao,SD0865_T004_4hao.xlsx,985621,Full hourly file stored locally; sample files are included in this public repository.
SD0865_T005_5hao,SD0865_T005_5hao.xlsx,970643,Full hourly file stored locally; sample files are included in this public repository.
SD0865_T006_6hao,SD0865_T006_6hao.xlsx,970647,Full hourly file stored locally; sample files are included in this public repository.
SD0865_T007_7hao,SD0865_T007_7hao.xlsx,970734,Full hourly file stored locally; sample files are included in this public repository.
SD0866_T001_1hao,SD0866_T001_1hao.xlsx,983739,Full hourly file stored locally; sample files are included in this public repository.
SD0866_T002_2hao,SD0866_T002_2hao.xlsx,985757,Full hourly file stored locally; sample files are included in this public repository.
SD0866_T003_3hao,SD0866_T003_3hao.xlsx,986497,Full hourly file stored locally; sample files are included in this public repository.
SD0866_T004_4hao,SD0866_T004_4hao.xlsx,977154,Full hourly file stored locally; sample files are included in this public repository.
SD0866_T005_5hao,SD0866_T005_5hao.xlsx,970689,Full hourly file stored locally; sample files are included in this public repository.
SD0867_T001_1hao,SD0867_T001_1hao.xlsx,978764,Full hourly file stored locally; sample files are included in this public repository.
SD0867_T002_2hao,SD0867_T002_2hao.xlsx,976787,Full hourly file stored locally; sample files are included in this public repository.
SD0867_T003_3hao,SD0867_T003_3hao.xlsx,979774,Full hourly file stored locally; sample files are included in this public repository.
SD0868_T001_1hao,SD0868_T001_1hao.xlsx,974571,Full hourly file stored locally; sample files are included in this public repository.
SD0869_T001_1hao,SD0869_T001_1hao.xlsx,976653,Full hourly file stored locally; sample files are included in this public repository.
SD0870_T001_1hao,SD0870_T001_1hao.xlsx,994864,Full hourly file stored locally; sample files are included in this public repository.
SD0871_T001_1hao,SD0871_T001_1hao.xlsx,984843,Full hourly file stored locally; sample files are included in this public repository.
SD0871_T002_2hao,SD0871_T002_2hao.xlsx,984635,Full hourly file stored locally; sample files are included in this public repository.
SD0871_T003_3hao,SD0871_T003_3hao.xlsx,984773,Full hourly file stored locally; sample files are included in this public repository.
SD0871_T004_4hao,SD0871_T004_4hao.xlsx,984661,Full hourly file stored locally; sample files are included in this public repository.
SD0871_T005_5hao,SD0871_T005_5hao.xlsx,984887,Full hourly file stored locally; sample files are included in this public repository.
SD0871_T006_6hao,SD0871_T006_6hao.xlsx,995503,Full hourly file stored locally; sample files are included in this public repository.
SD0871_T007_7hao,SD0871_T007_7hao.xlsx,978848,Full hourly file stored locally; sample files are included in this public repository.
SD0871_T008_8hao,SD0871_T008_8hao.xlsx,994106,Full hourly file stored locally; sample files are included in this public repository.
SD0871_T009_9hao,SD0871_T009_9hao.xlsx,1001987,Full hourly file stored locally; sample files are included in this public repository.
SD0871_T010_10hao,SD0871_T010_10hao.xlsx,992337,Full hourly file stored locally; sample files are included in this public repository.
SD0872_T001_1hao,SD0872_T001_1hao.xlsx,977180,Full hourly file stored locally; sample files are included in this public repository.
SD0872_T002_2hao,SD0872_T002_2hao.xlsx,974639,Full hourly file stored locally; sample files are included in this public repository.
SD0872_T003_3hao,SD0872_T003_3hao.xlsx,974511,Full hourly file stored locally; sample files are included in this public repository.
SD0872_T004_4hao,SD0872_T004_4hao.xlsx,975505,Full hourly file stored locally; sample files are included in this public repository.
SD0872_T005_5hao,SD0872_T005_5hao.xlsx,973985,Full hourly file stored locally; sample files are included in this public repository.
SD0872_T006_6hao,SD0872_T006_6hao.xlsx,974768,Full hourly file stored locally; sample files are included in this public repository.
SD0872_T007_7hao,SD0872_T007_7hao.xlsx,972949,Full hourly file stored locally; sample files are included in this public repository.
SD0872_T008_8hao,SD0872_T008_8hao.xlsx,974900,Full hourly file stored locally; sample files are included in this public repository.
SD0872_T009_9hao,SD0872_T009_9hao.xlsx,975817,Full hourly file stored locally; sample files are included in this public repository.
SD0872_T010_10hao,SD0872_T010_10hao.xlsx,985361,Full hourly file stored locally; sample files are included in this public repository.
SD0872_T011_11hao,SD0872_T011_11hao.xlsx,974250,Full hourly file stored locally; sample files are included in this public repository.
SD0872_T012_12hao,SD0872_T012_12hao.xlsx,972163,Full hourly file stored locally; sample files are included in this public repository.
SD0872_T013_13hao,SD0872_T013_13hao.xlsx,974364,Full hourly file stored locally; sample files are included in this public repository.
SD0872_T014_14hao,SD0872_T014_14hao.xlsx,973860,Full hourly file stored locally; sample files are included in this public repository.
SD0872_T015_15hao,SD0872_T015_15hao.xlsx,972056,Full hourly file stored locally; sample files are included in this public repository.
SD0872_T016_16hao,SD0872_T016_16hao.xlsx,973231,Full hourly file stored locally; sample files are included in this public repository.
SD0872_T017_17hao,SD0872_T017_17hao.xlsx,983948,Full hourly file stored locally; sample files are included in this public repository.
SD0872_T018_18hao,SD0872_T018_18hao.xlsx,983242,Full hourly file stored locally; sample files are included in this public repository.
SD0872_T019_19hao,SD0872_T019_19hao.xlsx,972377,Full hourly file stored locally; sample files are included in this public repository.
SD0872_T020_20hao,SD0872_T020_20hao.xlsx,972531,Full hourly file stored locally; sample files are included in this public repository.
SD0872_T021_21hao,SD0872_T021_21hao.xlsx,973933,Full hourly file stored locally; sample files are included in this public repository.
SD0872_T022_22hao,SD0872_T022_22hao.xlsx,972711,Full hourly file stored locally; sample files are included in this public repository.
SD0872_T023_23hao,SD0872_T023_23hao.xlsx,979377,Full hourly file stored locally; sample files are included in this public repository.
SD0872_T024_24hao,SD0872_T024_24hao.xlsx,975196,Full hourly file stored locally; sample files are included in this public repository.
SD0872_T025_25hao,SD0872_T025_25hao.xlsx,984661,Full hourly file stored locally; sample files are included in this public repository.
SD0872_T026_26hao,SD0872_T026_26hao.xlsx,987711,Full hourly file stored locally; sample files are included in this public repository.
SD0872_T027_27hao,SD0872_T027_27hao.xlsx,972267,Full hourly file stored locally; sample files are included in this public repository.
SD0872_T028_28hao,SD0872_T028_28hao.xlsx,972744,Full hourly file stored locally; sample files are included in this public repository.
SD0872_T029_29hao,SD0872_T029_29hao.xlsx,972019,Full hourly file stored locally; sample files are included in this public repository.
SD0872_T030_30hao,SD0872_T030_30hao.xlsx,988546,Full hourly file stored locally; sample files are included in this public repository.
SD0872_T031_31hao,SD0872_T031_31hao.xlsx,972170,Full hourly file stored locally; sample files are included in this public repository.
SD0872_T032_32hao,SD0872_T032_32hao.xlsx,971177,Full hourly file stored locally; sample files are included in this public repository.
SD0872_T033_33hao,SD0872_T033_33hao.xlsx,982250,Full hourly file stored locally; sample files are included in this public repository.
SD0872_T034_34hao,SD0872_T034_34hao.xlsx,972367,Full hourly file stored locally; sample files are included in this public repository.
SD0872_T035_35hao,SD0872_T035_35hao.xlsx,970901,Full hourly file stored locally; sample files are included in this public repository.
SD0872_T036_36hao,SD0872_T036_36hao.xlsx,986050,Full hourly file stored locally; sample files are included in this public repository.
SD0872_T037_37hao,SD0872_T037_37hao.xlsx,974586,Full hourly file stored locally; sample files are included in this public repository.
SD0872_T038_38hao,SD0872_T038_38hao.xlsx,977896,Full hourly file stored locally; sample files are included in this public repository.
SD0872_T039_39hao,SD0872_T039_39hao.xlsx,986490,Full hourly file stored locally; sample files are included in this public repository.
SD0872_T040_40hao,SD0872_T040_40hao.xlsx,989706,Full hourly file stored locally; sample files are included in this public repository.
SD0872_T041_41hao,SD0872_T041_41hao.xlsx,973432,Full hourly file stored locally; sample files are included in this public repository.
SD0873_T001_1hao,SD0873_T001_1hao.xlsx,996978,Full hourly file stored locally; sample files are included in this public repository.
SD0873_T002_2hao,SD0873_T002_2hao.xlsx,983245,Full hourly file stored locally; sample files are included in this public repository.
SD0873_T003_3hao,SD0873_T003_3hao.xlsx,1003954,Full hourly file stored locally; sample files are included in this public repository.
SD0873_T004_4hao,SD0873_T004_4hao.xlsx,995885,Full hourly file stored locally; sample files are included in this public repository.
SD0874_T001_1hao,SD0874_T001_1hao.xlsx,967928,Full hourly file stored locally; sample files are included in this public repository.
SD0874_T002_2hao,SD0874_T002_2hao.xlsx,972222,Full hourly file stored locally; sample files are included in this public repository.
SD0874_T003_3hao,SD0874_T003_3hao.xlsx,1008862,Full hourly file stored locally; sample files are included in this public repository.
SD0874_T004_4hao,SD0874_T004_4hao.xlsx,973205,Full hourly file stored locally; sample files are included in this public repository.
SD0874_T005_5hao,SD0874_T005_5hao.xlsx,977365,Full hourly file stored locally; sample files are included in this public repository.
SD0874_T006_6hao,SD0874_T006_6hao.xlsx,977639,Full hourly file stored locally; sample files are included in this public repository.
SD0874_T007_7hao,SD0874_T007_7hao.xlsx,979942,Full hourly file stored locally; sample files are included in this public repository.
SD0874_T008_8hao,SD0874_T008_8hao.xlsx,986788,Full hourly file stored locally; sample files are included in this public repository.
SD0874_T009_9hao,SD0874_T009_9hao.xlsx,978781,Full hourly file stored locally; sample files are included in this public repository.
SD0874_T010_10hao,SD0874_T010_10hao.xlsx,965454,Full hourly file stored locally; sample files are included in this public repository.
SD0874_T011_11hao,SD0874_T011_11hao.xlsx,985048,Full hourly file stored locally; sample files are included in this public repository.
SD0875_T001_1hao,SD0875_T001_1hao.xlsx,968184,Full hourly file stored locally; sample files are included in this public repository.
SD0875_T002_2hao,SD0875_T002_2hao.xlsx,979009,Full hourly file stored locally; sample files are included in this public repository.
SD0875_T003_3hao,SD0875_T003_3hao.xlsx,973450,Full hourly file stored locally; sample files are included in this public repository.
SD0875_T004_4hao,SD0875_T004_4hao.xlsx,970984,Full hourly file stored locally; sample files are included in this public repository.
SD0876_T001_1hao,SD0876_T001_1hao.xlsx,1005082,Full hourly file stored locally; sample files are included in this public repository.
SD0876_T002_2hao,SD0876_T002_2hao.xlsx,992786,Full hourly file stored locally; sample files are included in this public repository.
SD0876_T003_3hao,SD0876_T003_3hao.xlsx,985781,Full hourly file stored locally; sample files are included in this public repository.
SD0877_T001_1hao,SD0877_T001_1hao.xlsx,970744,Full hourly file stored locally; sample files are included in this public repository.
SD0878_T001_1hao,SD0878_T001_1hao.xlsx,986461,Full hourly file stored locally; sample files are included in this public repository.
SD0879_T001_1hao,SD0879_T001_1hao.xlsx,982033,Full hourly file stored locally; sample files are included in this public repository.
SD0880_T001_1hao,SD0880_T001_1hao.xlsx,984259,Full hourly file stored locally; sample files are included in this public repository.
SD0881_T001_1hao,SD0881_T001_1hao.xlsx,977923,Full hourly file stored locally; sample files are included in this public repository.
SD0882_T001_1hao,SD0882_T001_1hao.xlsx,976126,Full hourly file stored locally; sample files are included in this public repository.
SD0883_T001_1hao,SD0883_T001_1hao.xlsx,983458,Full hourly file stored locally; sample files are included in this public repository.
SD0883_T002_2hao,SD0883_T002_2hao.xlsx,975650,Full hourly file stored locally; sample files are included in this public repository.
SD0883_T003_3hao,SD0883_T003_3hao.xlsx,985468,Full hourly file stored locally; sample files are included in this public repository.
SD0883_T004_4hao,SD0883_T004_4hao.xlsx,970147,Full hourly file stored locally; sample files are included in this public repository.
SD0884_T001_1hao,SD0884_T001_1hao.xlsx,975578,Full hourly file stored locally; sample files are included in this public repository.
SD0884_T002_2hao,SD0884_T002_2hao.xlsx,983666,Full hourly file stored locally; sample files are included in this public repository.
SD0884_T003_3hao,SD0884_T003_3hao.xlsx,969085,Full hourly file stored locally; sample files are included in this public repository.
SD0884_T004_4hao,SD0884_T004_4hao.xlsx,969413,Full hourly file stored locally; sample files are included in this public repository.
SD0884_T005_5hao,SD0884_T005_5hao.xlsx,977822,Full hourly file stored locally; sample files are included in this public repository.
SD0884_T006_6hao,SD0884_T006_6hao.xlsx,979182,Full hourly file stored locally; sample files are included in this public repository.
SD0884_T007_7hao,SD0884_T007_7hao.xlsx,979492,Full hourly file stored locally; sample files are included in this public repository.
SD0884_T008_8hao,SD0884_T008_8hao.xlsx,977862,Full hourly file stored locally; sample files are included in this public repository.
SD0885_T001_1hao,SD0885_T001_1hao.xlsx,992733,Full hourly file stored locally; sample files are included in this public repository.
SD0885_T002_2hao,SD0885_T002_2hao.xlsx,982147,Full hourly file stored locally; sample files are included in this public repository.
SD0885_T003_3hao,SD0885_T003_3hao.xlsx,984197,Full hourly file stored locally; sample files are included in this public repository.
SD0885_T004_4hao,SD0885_T004_4hao.xlsx,992141,Full hourly file stored locally; sample files are included in this public repository.
SD0886_T001_1hao,SD0886_T001_1hao.xlsx,969695,Full hourly file stored locally; sample files are included in this public repository.
SD0886_T002_2hao,SD0886_T002_2hao.xlsx,979354,Full hourly file stored locally; sample files are included in this public repository.
SD0886_T003_3hao,SD0886_T003_3hao.xlsx,998484,Full hourly file stored locally; sample files are included in this public repository.
SD0886_T004_4hao,SD0886_T004_4hao.xlsx,968260,Full hourly file stored locally; sample files are included in this public repository.
SD0887_T001_1hao,SD0887_T001_1hao.xlsx,966976,Full hourly file stored locally; sample files are included in this public repository.
SD0887_T002_2hao,SD0887_T002_2hao.xlsx,970114,Full hourly file stored locally; sample files are included in this public repository.
SD0888_T001_1hao,SD0888_T001_1hao.xlsx,975108,Full hourly file stored locally; sample files are included in this public repository.
SD0888_T002_2hao,SD0888_T002_2hao.xlsx,965521,Full hourly file stored locally; sample files are included in this public repository.
SD0888_T003_3hao,SD0888_T003_3hao.xlsx,983424,Full hourly file stored locally; sample files are included in this public repository.
SD0889_T001_1hao,SD0889_T001_1hao.xlsx,989483,Full hourly file stored locally; sample files are included in this public repository.
SD0889_T002_2hao,SD0889_T002_2hao.xlsx,973735,Full hourly file stored locally; sample files are included in this public repository.
SD0889_T003_3hao,SD0889_T003_3hao.xlsx,985752,Full hourly file stored locally; sample files are included in this public repository.
SD0889_T004_4hao,SD0889_T004_4hao.xlsx,969625,Full hourly file stored locally; sample files are included in this public repository.
SD0889_T005_5hao,SD0889_T005_5hao.xlsx,977670,Full hourly file stored locally; sample files are included in this public repository.
SD0889_T006_6hao,SD0889_T006_6hao.xlsx,971601,Full hourly file stored locally; sample files are included in this public repository.
SD0889_T007_7hao,SD0889_T007_7hao.xlsx,970772,Full hourly file stored locally; sample files are included in this public repository.
SD0889_T008_8hao,SD0889_T008_8hao.xlsx,973310,Full hourly file stored locally; sample files are included in this public repository.
SD0889_T009_9hao,SD0889_T009_9hao.xlsx,970321,Full hourly file stored locally; sample files are included in this public repository.
SD0889_T010_10hao,SD0889_T010_10hao.xlsx,969362,Full hourly file stored locally; sample files are included in this public repository.
SD0889_T011_11hao,SD0889_T011_11hao.xlsx,975270,Full hourly file stored locally; sample files are included in this public repository.
SD0889_T012_12hao,SD0889_T012_12hao.xlsx,972338,Full hourly file stored locally; sample files are included in this public repository.
SD0889_T013_13hao,SD0889_T013_13hao.xlsx,977775,Full hourly file stored locally; sample files are included in this public repository.
SD0889_T014_14hao,SD0889_T014_14hao.xlsx,969899,Full hourly file stored locally; sample files are included in this public repository.
SD0889_T015_15hao,SD0889_T015_15hao.xlsx,971674,Full hourly file stored locally; sample files are included in this public repository.
SD0889_T016_16hao,SD0889_T016_16hao.xlsx,970981,Full hourly file stored locally; sample files are included in this public repository.
SD0890_T001_1hao,SD0890_T001_1hao.xlsx,972006,Full hourly file stored locally; sample files are included in this public repository.
SD0890_T002_2hao,SD0890_T002_2hao.xlsx,974444,Full hourly file stored locally; sample files are included in this public repository.
SD0890_T003_3hao,SD0890_T003_3hao.xlsx,974567,Full hourly file stored locally; sample files are included in this public repository.
SD0890_T004_4hao,SD0890_T004_4hao.xlsx,987363,Full hourly file stored locally; sample files are included in this public repository.
SD0890_T005_5hao,SD0890_T005_5hao.xlsx,974037,Full hourly file stored locally; sample files are included in this public repository.
SD0890_T006_6hao,SD0890_T006_6hao.xlsx,975668,Full hourly file stored locally; sample files are included in this public repository.
SD0890_T007_7hao,SD0890_T007_7hao.xlsx,975513,Full hourly file stored locally; sample files are included in this public repository.
SD0891_T001_1hao,SD0891_T001_1hao.xlsx,975495,Full hourly file stored locally; sample files are included in this public repository.
SD0891_T002_2hao,SD0891_T002_2hao.xlsx,978021,Full hourly file stored locally; sample files are included in this public repository.
SD0892_T001_1hao,SD0892_T001_1hao.xlsx,983759,Full hourly file stored locally; sample files are included in this public repository.
SD0892_T002_2hao,SD0892_T002_2hao.xlsx,988762,Full hourly file stored locally; sample files are included in this public repository.
SD0892_T003_3hao,SD0892_T003_3hao.xlsx,981993,Full hourly file stored locally; sample files are included in this public repository.
SD0892_T004_4hao,SD0892_T004_4hao.xlsx,982815,Full hourly file stored locally; sample files are included in this public repository.
SD0892_T005_5hao,SD0892_T005_5hao.xlsx,997380,Full hourly file stored locally; sample files are included in this public repository.
SD0892_T006_6hao,SD0892_T006_6hao.xlsx,991119,Full hourly file stored locally; sample files are included in this public repository.
SD0892_T007_7hao,SD0892_T007_7hao.xlsx,981088,Full hourly file stored locally; sample files are included in this public repository.
SD0892_T008_8hao,SD0892_T008_8hao.xlsx,988423,Full hourly file stored locally; sample files are included in this public repository.
SD0892_T009_9hao,SD0892_T009_9hao.xlsx,988054,Full hourly file stored locally; sample files are included in this public repository.
SD0893_T001_1hao,SD0893_T001_1hao.xlsx,984644,Full hourly file stored locally; sample files are included in this public repository.
SD0894_T001_1hao,SD0894_T001_1hao.xlsx,989594,Full hourly file stored locally; sample files are included in this public repository.
SD0894_T002_2hao,SD0894_T002_2hao.xlsx,980096,Full hourly file stored locally; sample files are included in this public repository.
SD0894_T003_3hao,SD0894_T003_3hao.xlsx,979246,Full hourly file stored locally; sample files are included in this public repository.
SD0895_T001_1hao,SD0895_T001_1hao.xlsx,965435,Full hourly file stored locally; sample files are included in this public repository.
SD0895_T002_2hao,SD0895_T002_2hao.xlsx,993005,Full hourly file stored locally; sample files are included in this public repository.
SD0895_T003_3hao,SD0895_T003_3hao.xlsx,987920,Full hourly file stored locally; sample files are included in this public repository.
SD0895_T004_4hao,SD0895_T004_4hao.xlsx,987941,Full hourly file stored locally; sample files are included in this public repository.
SD0895_T005_5hao,SD0895_T005_5hao.xlsx,983465,Full hourly file stored locally; sample files are included in this public repository.
SD0896_T001_1hao,SD0896_T001_1hao.xlsx,971200,Full hourly file stored locally; sample files are included in this public repository.
SD0896_T002_2hao,SD0896_T002_2hao.xlsx,972911,Full hourly file stored locally; sample files are included in this public repository.
SD0896_T003_3hao,SD0896_T003_3hao.xlsx,976869,Full hourly file stored locally; sample files are included in this public repository.
SD0897_T001_1hao,SD0897_T001_1hao.xlsx,995647,Full hourly file stored locally; sample files are included in this public repository.
SD0897_T002_2hao,SD0897_T002_2hao.xlsx,989009,Full hourly file stored locally; sample files are included in this public repository.
SD0897_T003_3hao,SD0897_T003_3hao.xlsx,979926,Full hourly file stored locally; sample files are included in this public repository.
SD0897_T004_4hao,SD0897_T004_4hao.xlsx,980164,Full hourly file stored locally; sample files are included in this public repository.
SD0897_T005_5hao,SD0897_T005_5hao.xlsx,981849,Full hourly file stored locally; sample files are included in this public repository.
SD0897_T006_6hao,SD0897_T006_6hao.xlsx,993329,Full hourly file stored locally; sample files are included in this public repository.
SD0897_T007_7hao,SD0897_T007_7hao.xlsx,978545,Full hourly file stored locally; sample files are included in this public repository.
SD0897_T008_8hao,SD0897_T008_8hao.xlsx,984843,Full hourly file stored locally; sample files are included in this public repository.
SD0898_T001_1hao,SD0898_T001_1hao.xlsx,989114,Full hourly file stored locally; sample files are included in this public repository.
SD0898_T002_2hao,SD0898_T002_2hao.xlsx,993049,Full hourly file stored locally; sample files are included in this public repository.
SD0898_T003_3hao,SD0898_T003_3hao.xlsx,812159,Full hourly file stored locally; sample files are included in this public repository.
SD0898_T004_4hao,SD0898_T004_4hao.xlsx,992632,Full hourly file stored locally; sample files are included in this public repository.
SD0898_T005_5hao,SD0898_T005_5hao.xlsx,1004870,Full hourly file stored locally; sample files are included in this public repository.
SD0898_T006_6hao,SD0898_T006_6hao.xlsx,990877,Full hourly file stored locally; sample files are included in this public repository.
SD0898_T007_7hao,SD0898_T007_7hao.xlsx,986331,Full hourly file stored locally; sample files are included in this public repository.
SD0899_T001_1hao,SD0899_T001_1hao.xlsx,1002496,Full hourly file stored locally; sample files are included in this public repository.
SD0899_T002_2hao,SD0899_T002_2hao.xlsx,829509,Full hourly file stored locally; sample files are included in this public repository.
SD0899_T003_3hao,SD0899_T003_3hao.xlsx,987160,Full hourly file stored locally; sample files are included in this public repository.
SD0899_T004_4hao,SD0899_T004_4hao.xlsx,993113,Full hourly file stored locally; sample files are included in this public repository.
SD0900_T001_1hao,SD0900_T001_1hao.xlsx,974873,Full hourly file stored locally; sample files are included in this public repository.
SD0900_T002_2hao,SD0900_T002_2hao.xlsx,972486,Full hourly file stored locally; sample files are included in this public repository.
SD0900_T003_3hao,SD0900_T003_3hao.xlsx,971308,Full hourly file stored locally; sample files are included in this public repository.
SD0900_T004_4hao,SD0900_T004_4hao.xlsx,986948,Full hourly file stored locally; sample files are included in this public repository.
SD0900_T005_5hao,SD0900_T005_5hao.xlsx,975709,Full hourly file stored locally; sample files are included in this public repository.
SD0901_T001_1hao,SD0901_T001_1hao.xlsx,974036,Full hourly file stored locally; sample files are included in this public repository.
SD0901_T002_2hao,SD0901_T002_2hao.xlsx,994214,Full hourly file stored locally; sample files are included in this public repository.
SD0902_T001_1hao,SD0902_T001_1hao.xlsx,976317,Full hourly file stored locally; sample files are included in this public repository.
SD0903_T001_1hao,SD0903_T001_1hao.xlsx,978468,Full hourly file stored locally; sample files are included in this public repository.
SD0903_T002_2hao,SD0903_T002_2hao.xlsx,975941,Full hourly file stored locally; sample files are included in this public repository.
SD0904_T001_1hao,SD0904_T001_1hao.xlsx,1001439,Full hourly file stored locally; sample files are included in this public repository.
SD0905_T001_1hao,SD0905_T001_1hao.xlsx,973424,Full hourly file stored locally; sample files are included in this public repository.
SD0905_T002_2hao,SD0905_T002_2hao.xlsx,988777,Full hourly file stored locally; sample files are included in this public repository.
SD0906_T001_1hao,SD0906_T001_1hao.xlsx,986870,Full hourly file stored locally; sample files are included in this public repository.
SD0907_T001_1hao,SD0907_T001_1hao.xlsx,993470,Full hourly file stored locally; sample files are included in this public repository.
SD0908_T001_1hao,SD0908_T001_1hao.xlsx,1022148,Full hourly file stored locally; sample files are included in this public repository.
SD0909_T001_1hao,SD0909_T001_1hao.xlsx,996636,Full hourly file stored locally; sample files are included in this public repository.
SD0910_T001_1hao,SD0910_T001_1hao.xlsx,1011739,Full hourly file stored locally; sample files are included in this public repository.
SD0911_T001_1hao,SD0911_T001_1hao.xlsx,982253,Full hourly file stored locally; sample files are included in this public repository.
SD0912_T001_1hao,SD0912_T001_1hao.xlsx,985853,Full hourly file stored locally; sample files are included in this public repository.
SD0912_T002_2hao,SD0912_T002_2hao.xlsx,822294,Full hourly file stored locally; sample files are included in this public repository.
SD0912_T003_3hao,SD0912_T003_3hao.xlsx,977223,Full hourly file stored locally; sample files are included in this public repository.
SD0913_T001_1hao,SD0913_T001_1hao.xlsx,1005741,Full hourly file stored locally; sample files are included in this public repository.
SD0914_T001_1hao,SD0914_T001_1hao.xlsx,1007157,Full hourly file stored locally; sample files are included in this public repository.
SD0915_T001_1hao,SD0915_T001_1hao.xlsx,994479,Full hourly file stored locally; sample files are included in this public repository.
SD0915_T002_2hao,SD0915_T002_2hao.xlsx,818064,Full hourly file stored locally; sample files are included in this public repository.
SD0915_T003_3hao,SD0915_T003_3hao.xlsx,992410,Full hourly file stored locally; sample files are included in this public repository.
SD0915_T004_4hao,SD0915_T004_4hao.xlsx,1008369,Full hourly file stored locally; sample files are included in this public repository.
SD0915_T005_5hao,SD0915_T005_5hao.xlsx,999908,Full hourly file stored locally; sample files are included in this public repository.
SD0916_T001_1hao,SD0916_T001_1hao.xlsx,1009826,Full hourly file stored locally; sample files are included in this public repository.
SD0917_T001_1hao,SD0917_T001_1hao.xlsx,991830,Full hourly file stored locally; sample files are included in this public repository.
SD0917_T002_2hao,SD0917_T002_2hao.xlsx,1002690,Full hourly file stored locally; sample files are included in this public repository.
SD0917_T003_3hao,SD0917_T003_3hao.xlsx,983156,Full hourly file stored locally; sample files are included in this public repository.
SD0918_T001_1hao,SD0918_T001_1hao.xlsx,999088,Full hourly file stored locally; sample files are included in this public repository.
SD0918_T002_2hao,SD0918_T002_2hao.xlsx,991235,Full hourly file stored locally; sample files are included in this public repository.
SD0918_T003_3hao,SD0918_T003_3hao.xlsx,991178,Full hourly file stored locally; sample files are included in this public repository.
SD0918_T004_4hao,SD0918_T004_4hao.xlsx,977166,Full hourly file stored locally; sample files are included in this public repository.
SD0918_T005_5hao,SD0918_T005_5hao.xlsx,986048,Full hourly file stored locally; sample files are included in this public repository.
SD0918_T006_6hao,SD0918_T006_6hao.xlsx,815588,Full hourly file stored locally; sample files are included in this public repository.
SD0918_T007_7hao,SD0918_T007_7hao.xlsx,989824,Full hourly file stored locally; sample files are included in this public repository.
SD0919_T001_1hao,SD0919_T001_1hao.xlsx,985852,Full hourly file stored locally; sample files are included in this public repository.
SD0919_T002_2hao,SD0919_T002_2hao.xlsx,979498,Full hourly file stored locally; sample files are included in this public repository.
SD0919_T003_3hao,SD0919_T003_3hao.xlsx,808419,Full hourly file stored locally; sample files are included in this public repository.
SD0919_T004_4hao,SD0919_T004_4hao.xlsx,976390,Full hourly file stored locally; sample files are included in this public repository.
SD0919_T005_5hao,SD0919_T005_5hao.xlsx,813642,Full hourly file stored locally; sample files are included in this public repository.
SD0919_T006_6hao,SD0919_T006_6hao.xlsx,976871,Full hourly file stored locally; sample files are included in this public repository.
SD0920_T001_1hao,SD0920_T001_1hao.xlsx,972744,Full hourly file stored locally; sample files are included in this public repository.
SD0920_T002_2hao,SD0920_T002_2hao.xlsx,803949,Full hourly file stored locally; sample files are included in this public repository.
SD0920_T003_3hao,SD0920_T003_3hao.xlsx,976804,Full hourly file stored locally; sample files are included in this public repository.
SD0920_T004_4hao,SD0920_T004_4hao.xlsx,985710,Full hourly file stored locally; sample files are included in this public repository.
SD0921_T001_1hao,SD0921_T001_1hao.xlsx,962556,Full hourly file stored locally; sample files are included in this public repository.
SD0922_T001_1hao,SD0922_T001_1hao.xlsx,984136,Full hourly file stored locally; sample files are included in this public repository.
SD0922_T002_2hao,SD0922_T002_2hao.xlsx,979883,Full hourly file stored locally; sample files are included in this public repository.
SD0922_T003_3hao,SD0922_T003_3hao.xlsx,984359,Full hourly file stored locally; sample files are included in this public repository.
SD0923_T001_1hao,SD0923_T001_1hao.xlsx,987415,Full hourly file stored locally; sample files are included in this public repository.
SD0923_T002_2hao,SD0923_T002_2hao.xlsx,810814,Full hourly file stored locally; sample files are included in this public repository.
SD0924_T001_1hao,SD0924_T001_1hao.xlsx,987367,Full hourly file stored locally; sample files are included in this public repository.
SD0924_T002_2hao,SD0924_T002_2hao.xlsx,817612,Full hourly file stored locally; sample files are included in this public repository.
SD0924_T003_3hao,SD0924_T003_3hao.xlsx,809225,Full hourly file stored locally; sample files are included in this public repository.
SD0924_T004_4hao,SD0924_T004_4hao.xlsx,983844,Full hourly file stored locally; sample files are included in this public repository.
SD0924_T005_5hao,SD0924_T005_5hao.xlsx,979325,Full hourly file stored locally; sample files are included in this public repository.
SD0924_T006_6hao,SD0924_T006_6hao.xlsx,978724,Full hourly file stored locally; sample files are included in this public repository.
SD0924_T007_7hao,SD0924_T007_7hao.xlsx,976460,Full hourly file stored locally; sample files are included in this public repository.
SD0924_T008_8hao,SD0924_T008_8hao.xlsx,984274,Full hourly file stored locally; sample files are included in this public repository.
SD0924_T009_9hao,SD0924_T009_9hao.xlsx,997201,Full hourly file stored locally; sample files are included in this public repository.
SD0925_T001_1hao,SD0925_T001_1hao.xlsx,818381,Full hourly file stored locally; sample files are included in this public repository.
SD0925_T002_2hao,SD0925_T002_2hao.xlsx,982426,Full hourly file stored locally; sample files are included in this public repository.
SD0925_T003_3hao,SD0925_T003_3hao.xlsx,809155,Full hourly file stored locally; sample files are included in this public repository.
SD0925_T004_4hao,SD0925_T004_4hao.xlsx,979011,Full hourly file stored locally; sample files are included in this public repository.
SD0925_T005_5hao,SD0925_T005_5hao.xlsx,991486,Full hourly file stored locally; sample files are included in this public repository.
SD0925_T006_6hao,SD0925_T006_6hao.xlsx,975728,Full hourly file stored locally; sample files are included in this public repository.
SD0926_T001_1hao,SD0926_T001_1hao.xlsx,980439,Full hourly file stored locally; sample files are included in this public repository.
SD0926_T002_2hao,SD0926_T002_2hao.xlsx,981189,Full hourly file stored locally; sample files are included in this public repository.
SD0926_T003_3hao,SD0926_T003_3hao.xlsx,987650,Full hourly file stored locally; sample files are included in this public repository.
SD0926_T004_4hao,SD0926_T004_4hao.xlsx,804354,Full hourly file stored locally; sample files are included in this public repository.
SD0926_T005_5hao,SD0926_T005_5hao.xlsx,985674,Full hourly file stored locally; sample files are included in this public repository.
SD0927_T001_1hao,SD0927_T001_1hao.xlsx,971533,Full hourly file stored locally; sample files are included in this public repository.
SD0928_T001_1hao,SD0928_T001_1hao.xlsx,989266,Full hourly file stored locally; sample files are included in this public repository.
SD0928_T002_2hao,SD0928_T002_2hao.xlsx,987091,Full hourly file stored locally; sample files are included in this public repository.
SD0928_T003_3hao,SD0928_T003_3hao.xlsx,980644,Full hourly file stored locally; sample files are included in this public repository.
SD0928_T004_4hao,SD0928_T004_4hao.xlsx,992948,Full hourly file stored locally; sample files are included in this public repository.
SD0928_T005_5hao,SD0928_T005_5hao.xlsx,811575,Full hourly file stored locally; sample files are included in this public repository.
SD0929_T001_1hao,SD0929_T001_1hao.xlsx,966297,Full hourly file stored locally; sample files are included in this public repository.
SD0930_T001_1hao,SD0930_T001_1hao.xlsx,987201,Full hourly file stored locally; sample files are included in this public repository.
SD0931_T001_1hao,SD0931_T001_1hao.xlsx,968088,Full hourly file stored locally; sample files are included in this public repository.
SD0932_T001_1hao,SD0932_T001_1hao.xlsx,970199,Full hourly file stored locally; sample files are included in this public repository.
SD0933_T001_1hao,SD0933_T001_1hao.xlsx,981586,Full hourly file stored locally; sample files are included in this public repository.
SD0933_T002_2hao,SD0933_T002_2hao.xlsx,991164,Full hourly file stored locally; sample files are included in this public repository.
SD0934_T001_1hao,SD0934_T001_1hao.xlsx,983540,Full hourly file stored locally; sample files are included in this public repository.
SD0934_T002_2hao,SD0934_T002_2hao.xlsx,995712,Full hourly file stored locally; sample files are included in this public repository.
SD0935_T001_1hao,SD0935_T001_1hao.xlsx,979276,Full hourly file stored locally; sample files are included in this public repository.
SD0936_T001_1hao,SD0936_T001_1hao.xlsx,979180,Full hourly file stored locally; sample files are included in this public repository.
SD0937_T001_1hao,SD0937_T001_1hao.xlsx,988019,Full hourly file stored locally; sample files are included in this public repository.
SD0937_T002_2hao,SD0937_T002_2hao.xlsx,986274,Full hourly file stored locally; sample files are included in this public repository.
SD0937_T003_3hao,SD0937_T003_3hao.xlsx,981708,Full hourly file stored locally; sample files are included in this public repository.
SD0937_T004_4hao,SD0937_T004_4hao.xlsx,999048,Full hourly file stored locally; sample files are included in this public repository.
SD0937_T005_5hao,SD0937_T005_5hao.xlsx,1003169,Full hourly file stored locally; sample files are included in this public repository.
SD0938_T001_1hao,SD0938_T001_1hao.xlsx,981856,Full hourly file stored locally; sample files are included in this public repository.
SD0939_T001_1hao,SD0939_T001_1hao.xlsx,985077,Full hourly file stored locally; sample files are included in this public repository.
SD0939_T002_2hao,SD0939_T002_2hao.xlsx,983514,Full hourly file stored locally; sample files are included in this public repository.
SD0939_T003_3hao,SD0939_T003_3hao.xlsx,985100,Full hourly file stored locally; sample files are included in this public repository.
SD0939_T004_4hao,SD0939_T004_4hao.xlsx,999971,Full hourly file stored locally; sample files are included in this public repository.
SD0939_T005_5hao,SD0939_T005_5hao.xlsx,984944,Full hourly file stored locally; sample files are included in this public repository.
SD0939_T006_6hao,SD0939_T006_6hao.xlsx,994489,Full hourly file stored locally; sample files are included in this public repository.
SD0939_T007_7hao,SD0939_T007_7hao.xlsx,981901,Full hourly file stored locally; sample files are included in this public repository.
SD0939_T008_8hao,SD0939_T008_8hao.xlsx,979288,Full hourly file stored locally; sample files are included in this public repository.
SD0939_T009_9hao,SD0939_T009_9hao.xlsx,987089,Full hourly file stored locally; sample files are included in this public repository.
SD0940_T001_1hao,SD0940_T001_1hao.xlsx,992661,Full hourly file stored locally; sample files are included in this public repository.
SD0941_T001_1hao,SD0941_T001_1hao.xlsx,988619,Full hourly file stored locally; sample files are included in this public repository.
SD0941_T002_2hao,SD0941_T002_2hao.xlsx,993603,Full hourly file stored locally; sample files are included in this public repository.
SD0941_T003_3hao,SD0941_T003_3hao.xlsx,989746,Full hourly file stored locally; sample files are included in this public repository.
SD0941_T004_4hao,SD0941_T004_4hao.xlsx,990292,Full hourly file stored locally; sample files are included in this public repository.
SD0941_T005_5hao,SD0941_T005_5hao.xlsx,1007378,Full hourly file stored locally; sample files are included in this public repository.
SD0941_T006_6hao,SD0941_T006_6hao.xlsx,984978,Full hourly file stored locally; sample files are included in this public repository.
SD0941_T007_7hao,SD0941_T007_7hao.xlsx,993404,Full hourly file stored locally; sample files are included in this public repository.
SD0941_T008_8hao,SD0941_T008_8hao.xlsx,992898,Full hourly file stored locally; sample files are included in this public repository.
SD0941_T009_9hao,SD0941_T009_9hao.xlsx,993859,Full hourly file stored locally; sample files are included in this public repository.
SD0941_T010_10hao,SD0941_T010_10hao.xlsx,998898,Full hourly file stored locally; sample files are included in this public repository.
SD0941_T011_11hao,SD0941_T011_11hao.xlsx,994651,Full hourly file stored locally; sample files are included in this public repository.
SD0941_T012_12hao,SD0941_T012_12hao.xlsx,994877,Full hourly file stored locally; sample files are included in this public repository.
SD0941_T013_13hao,SD0941_T013_13hao.xlsx,991599,Full hourly file stored locally; sample files are included in this public repository.
SD0941_T014_14hao,SD0941_T014_14hao.xlsx,1005176,Full hourly file stored locally; sample files are included in this public repository.
SD0941_T015_15hao,SD0941_T015_15hao.xlsx,998195,Full hourly file stored locally; sample files are included in this public repository.
SD0941_T016_16hao,SD0941_T016_16hao.xlsx,997883,Full hourly file stored locally; sample files are included in this public repository.
SD0941_T017_17hao,SD0941_T017_17hao.xlsx,1002653,Full hourly file stored locally; sample files are included in this public repository.
SD0941_T018_18hao,SD0941_T018_18hao.xlsx,1009085,Full hourly file stored locally; sample files are included in this public repository.
SD0941_T019_19hao,SD0941_T019_19hao.xlsx,999314,Full hourly file stored locally; sample files are included in this public repository.
SD0942_T001_1hao,SD0942_T001_1hao.xlsx,1007882,Full hourly file stored locally; sample files are included in this public repository.
SD0943_T001_1hao,SD0943_T001_1hao.xlsx,983823,Full hourly file stored locally; sample files are included in this public repository.
SD0943_T002_2hao,SD0943_T002_2hao.xlsx,986324,Full hourly file stored locally; sample files are included in this public repository.
SD0943_T003_3hao,SD0943_T003_3hao.xlsx,983454,Full hourly file stored locally; sample files are included in this public repository.
SD0944_T001_1hao,SD0944_T001_1hao.xlsx,995686,Full hourly file stored locally; sample files are included in this public repository.
SD0944_T002_2hao,SD0944_T002_2hao.xlsx,981891,Full hourly file stored locally; sample files are included in this public repository.
SD0944_T003_3hao,SD0944_T003_3hao.xlsx,996379,Full hourly file stored locally; sample files are included in this public repository.
SD0945_T001_1hao,SD0945_T001_1hao.xlsx,996321,Full hourly file stored locally; sample files are included in this public repository.
SD0945_T002_2hao,SD0945_T002_2hao.xlsx,993408,Full hourly file stored locally; sample files are included in this public repository.
SD0946_T001_1hao,SD0946_T001_1hao.xlsx,995569,Full hourly file stored locally; sample files are included in this public repository.
SD0947_T001_1hao,SD0947_T001_1hao.xlsx,1023693,Full hourly file stored locally; sample files are included in this public repository.
SD0948_T001_1hao,SD0948_T001_1hao.xlsx,1009470,Full hourly file stored locally; sample files are included in this public repository.
SD0949_T001_1hao,SD0949_T001_1hao.xlsx,995230,Full hourly file stored locally; sample files are included in this public repository.
SD0949_T002_2hao,SD0949_T002_2hao.xlsx,981462,Full hourly file stored locally; sample files are included in this public repository.
SD0949_T003_3hao,SD0949_T003_3hao.xlsx,985262,Full hourly file stored locally; sample files are included in this public repository.
SD0949_T004_4hao,SD0949_T004_4hao.xlsx,983736,Full hourly file stored locally; sample files are included in this public repository.
SD0949_T005_5hao,SD0949_T005_5hao.xlsx,997075,Full hourly file stored locally; sample files are included in this public repository.
SD0949_T006_6hao,SD0949_T006_6hao.xlsx,1001237,Full hourly file stored locally; sample files are included in this public repository.
SD0950_T001_1hao,SD0950_T001_1hao.xlsx,999306,Full hourly file stored locally; sample files are included in this public repository.
SD0950_T002_2hao,SD0950_T002_2hao.xlsx,996625,Full hourly file stored locally; sample files are included in this public repository.
SD0950_T003_3hao,SD0950_T003_3hao.xlsx,982741,Full hourly file stored locally; sample files are included in this public repository.
SD0951_T001_1hao,SD0951_T001_1hao.xlsx,990836,Full hourly file stored locally; sample files are included in this public repository.
SD0951_T002_2hao,SD0951_T002_2hao.xlsx,988575,Full hourly file stored locally; sample files are included in this public repository.
SD0951_T003_3hao,SD0951_T003_3hao.xlsx,986708,Full hourly file stored locally; sample files are included in this public repository.
SD0951_T004_4hao,SD0951_T004_4hao.xlsx,1003537,Full hourly file stored locally; sample files are included in this public repository.
SD0951_T005_5hao,SD0951_T005_5hao.xlsx,984838,Full hourly file stored locally; sample files are included in this public repository.
SD0951_T006_6hao,SD0951_T006_6hao.xlsx,988603,Full hourly file stored locally; sample files are included in this public repository.
SD0951_T007_7hao,SD0951_T007_7hao.xlsx,988279,Full hourly file stored locally; sample files are included in this public repository.
SD0951_T008_8hao,SD0951_T008_8hao.xlsx,988065,Full hourly file stored locally; sample files are included in this public repository.
SD0951_T009_9hao,SD0951_T009_9hao.xlsx,980163,Full hourly file stored locally; sample files are included in this public repository.
SD0951_T010_10hao,SD0951_T010_10hao.xlsx,991756,Full hourly file stored locally; sample files are included in this public repository.
SD0951_T011_11hao,SD0951_T011_11hao.xlsx,980581,Full hourly file stored locally; sample files are included in this public repository.
SD0951_T012_12hao,SD0951_T012_12hao.xlsx,987177,Full hourly file stored locally; sample files are included in this public repository.
SD0952_T001_1hao,SD0952_T001_1hao.xlsx,987494,Full hourly file stored locally; sample files are included in this public repository.
SD0952_T002_2hao,SD0952_T002_2hao.xlsx,994742,Full hourly file stored locally; sample files are included in this public repository.
SD0952_T003_3hao,SD0952_T003_3hao.xlsx,998599,Full hourly file stored locally; sample files are included in this public repository.
SD0952_T004_4hao,SD0952_T004_4hao.xlsx,993928,Full hourly file stored locally; sample files are included in this public repository.
SD0952_T005_5hao,SD0952_T005_5hao.xlsx,992719,Full hourly file stored locally; sample files are included in this public repository.
SD0952_T006_6hao,SD0952_T006_6hao.xlsx,983912,Full hourly file stored locally; sample files are included in this public repository.
SD0952_T007_7hao,SD0952_T007_7hao.xlsx,1011985,Full hourly file stored locally; sample files are included in this public repository.
SD0953_T001_1hao,SD0953_T001_1hao.xlsx,994851,Full hourly file stored locally; sample files are included in this public repository.
SD0953_T002_2hao,SD0953_T002_2hao.xlsx,984108,Full hourly file stored locally; sample files are included in this public repository.
SD0953_T003_3hao,SD0953_T003_3hao.xlsx,981405,Full hourly file stored locally; sample files are included in this public repository.
SD0953_T004_4hao,SD0953_T004_4hao.xlsx,982246,Full hourly file stored locally; sample files are included in this public repository.
SD0953_T005_5hao,SD0953_T005_5hao.xlsx,981493,Full hourly file stored locally; sample files are included in this public repository.
SD0954_T001_1hao,SD0954_T001_1hao.xlsx,1005191,Full hourly file stored locally; sample files are included in this public repository.
SD0954_T002_2hao,SD0954_T002_2hao.xlsx,985436,Full hourly file stored locally; sample files are included in this public repository.
SD0955_T001_1hao,SD0955_T001_1hao.xlsx,1010741,Full hourly file stored locally; sample files are included in this public repository.
SD0956_T001_1hao,SD0956_T001_1hao.xlsx,980796,Full hourly file stored locally; sample files are included in this public repository.
SD0956_T002_2hao,SD0956_T002_2hao.xlsx,981372,Full hourly file stored locally; sample files are included in this public repository.
SD0956_T003_3hao,SD0956_T003_3hao.xlsx,978750,Full hourly file stored locally; sample files are included in this public repository.
SD0957_T001_1hao,SD0957_T001_1hao.xlsx,980686,Full hourly file stored locally; sample files are included in this public repository.
SD0958_T001_1hao,SD0958_T001_1hao.xlsx,981352,Full hourly file stored locally; sample files are included in this public repository.
SD0958_T002_2hao,SD0958_T002_2hao.xlsx,985590,Full hourly file stored locally; sample files are included in this public repository.
SD0958_T003_3hao,SD0958_T003_3hao.xlsx,986998,Full hourly file stored locally; sample files are included in this public repository.
SD0958_T004_4hao,SD0958_T004_4hao.xlsx,980991,Full hourly file stored locally; sample files are included in this public repository.
SD0958_T005_5hao,SD0958_T005_5hao.xlsx,983427,Full hourly file stored locally; sample files are included in this public repository.
SD0958_T006_6hao,SD0958_T006_6hao.xlsx,1002361,Full hourly file stored locally; sample files are included in this public repository.
SD0958_T007_7hao,SD0958_T007_7hao.xlsx,983299,Full hourly file stored locally; sample files are included in this public repository.
SD0959_T001_1hao,SD0959_T001_1hao.xlsx,974621,Full hourly file stored locally; sample files are included in this public repository.
SD0959_T002_2hao,SD0959_T002_2hao.xlsx,981600,Full hourly file stored locally; sample files are included in this public repository.
SD0960_T001_1hao,SD0960_T001_1hao.xlsx,998210,Full hourly file stored locally; sample files are included in this public repository.
SD0960_T002_2hao,SD0960_T002_2hao.xlsx,978985,Full hourly file stored locally; sample files are included in this public repository.
SD0961_T001_1hao,SD0961_T001_1hao.xlsx,817170,Full hourly file stored locally; sample files are included in this public repository.
SD0961_T002_2hao,SD0961_T002_2hao.xlsx,989911,Full hourly file stored locally; sample files are included in this public repository.
SD0962_T001_1hao,SD0962_T001_1hao.xlsx,985528,Full hourly file stored locally; sample files are included in this public repository.
SD0963_T001_1hao,SD0963_T001_1hao.xlsx,1000477,Full hourly file stored locally; sample files are included in this public repository.
SD0964_T001_1hao,SD0964_T001_1hao.xlsx,976718,Full hourly file stored locally; sample files are included in this public repository.
SD0964_T002_2hao,SD0964_T002_2hao.xlsx,976320,Full hourly file stored locally; sample files are included in this public repository.
SD0964_T003_3hao,SD0964_T003_3hao.xlsx,975156,Full hourly file stored locally; sample files are included in this public repository.
SD0964_T004_4hao,SD0964_T004_4hao.xlsx,992680,Full hourly file stored locally; sample files are included in this public repository.
SD0964_T005_5hao,SD0964_T005_5hao.xlsx,981458,Full hourly file stored locally; sample files are included in this public repository.
SD0964_T006_6hao,SD0964_T006_6hao.xlsx,999047,Full hourly file stored locally; sample files are included in this public repository.
SD0964_T007_7hao,SD0964_T007_7hao.xlsx,998403,Full hourly file stored locally; sample files are included in this public repository.
SD0964_T008_8hao,SD0964_T008_8hao.xlsx,986833,Full hourly file stored locally; sample files are included in this public repository.
SD0965_T001_1hao,SD0965_T001_1hao.xlsx,967306,Full hourly file stored locally; sample files are included in this public repository.
SD0966_T001_1hao,SD0966_T001_1hao.xlsx,977824,Full hourly file stored locally; sample files are included in this public repository.
SD0966_T002_2hao,SD0966_T002_2hao.xlsx,818580,Full hourly file stored locally; sample files are included in this public repository.
SD0966_T003_3hao,SD0966_T003_3hao.xlsx,976343,Full hourly file stored locally; sample files are included in this public repository.
SD0966_T004_4hao,SD0966_T004_4hao.xlsx,974568,Full hourly file stored locally; sample files are included in this public repository.
SD0966_T005_5hao,SD0966_T005_5hao.xlsx,978233,Full hourly file stored locally; sample files are included in this public repository.
SD0966_T006_6hao,SD0966_T006_6hao.xlsx,981496,Full hourly file stored locally; sample files are included in this public repository.
SD0966_T007_7hao,SD0966_T007_7hao.xlsx,976125,Full hourly file stored locally; sample files are included in this public repository.
SD0966_T008_8hao,SD0966_T008_8hao.xlsx,976161,Full hourly file stored locally; sample files are included in this public repository.
SD0966_T009_9hao,SD0966_T009_9hao.xlsx,990357,Full hourly file stored locally; sample files are included in this public repository.
SD0967_T001_1hao,SD0967_T001_1hao.xlsx,968814,Full hourly file stored locally; sample files are included in this public repository.
SD0967_T002_2hao,SD0967_T002_2hao.xlsx,972671,Full hourly file stored locally; sample files are included in this public repository.
SD0967_T003_3hao,SD0967_T003_3hao.xlsx,973932,Full hourly file stored locally; sample files are included in this public repository.
SD0967_T004_4hao,SD0967_T004_4hao.xlsx,975073,Full hourly file stored locally; sample files are included in this public repository.
SD0967_T005_5hao,SD0967_T005_5hao.xlsx,974146,Full hourly file stored locally; sample files are included in this public repository.
SD0967_T006_6hao,SD0967_T006_6hao.xlsx,973752,Full hourly file stored locally; sample files are included in this public repository.
SD0968_T001_1hao,SD0968_T001_1hao.xlsx,975490,Full hourly file stored locally; sample files are included in this public repository.
SD0968_T002_2hao,SD0968_T002_2hao.xlsx,988242,Full hourly file stored locally; sample files are included in this public repository.
SD0968_T003_3hao,SD0968_T003_3hao.xlsx,976411,Full hourly file stored locally; sample files are included in this public repository.
SD0968_T004_4hao,SD0968_T004_4hao.xlsx,980061,Full hourly file stored locally; sample files are included in this public repository.
SD0968_T005_5hao,SD0968_T005_5hao.xlsx,981582,Full hourly file stored locally; sample files are included in this public repository.
SD0969_T001_1hao,SD0969_T001_1hao.xlsx,980355,Full hourly file stored locally; sample files are included in this public repository.
SD0969_T002_2hao,SD0969_T002_2hao.xlsx,997662,Full hourly file stored locally; sample files are included in this public repository.
SD0970_T001_1hao,SD0970_T001_1hao.xlsx,970520,Full hourly file stored locally; sample files are included in this public repository.
SD0971_T001_1hao,SD0971_T001_1hao.xlsx,972865,Full hourly file stored locally; sample files are included in this public repository.
SD0971_T002_2hao,SD0971_T002_2hao.xlsx,976708,Full hourly file stored locally; sample files are included in this public repository.
SD0971_T003_3hao,SD0971_T003_3hao.xlsx,977032,Full hourly file stored locally; sample files are included in this public repository.
SD0971_T004_4hao,SD0971_T004_4hao.xlsx,977607,Full hourly file stored locally; sample files are included in this public repository.
SD0972_T001_1hao,SD0972_T001_1hao.xlsx,977620,Full hourly file stored locally; sample files are included in this public repository.
SD0972_T002_2hao,SD0972_T002_2hao.xlsx,975956,Full hourly file stored locally; sample files are included in this public repository.
SD0972_T003_3hao,SD0972_T003_3hao.xlsx,976998,Full hourly file stored locally; sample files are included in this public repository.
SD0972_T004_4hao,SD0972_T004_4hao.xlsx,974886,Full hourly file stored locally; sample files are included in this public repository.
SD0973_T001_1hao,SD0973_T001_1hao.xlsx,996245,Full hourly file stored locally; sample files are included in this public repository.
SD0974_T001_1hao,SD0974_T001_1hao.xlsx,977342,Full hourly file stored locally; sample files are included in this public repository.
SD0975_T001_1hao,SD0975_T001_1hao.xlsx,988827,Full hourly file stored locally; sample files are included in this public repository.
SD0975_T002_2hao,SD0975_T002_2hao.xlsx,989222,Full hourly file stored locally; sample files are included in this public repository.
SD0975_T003_3hao,SD0975_T003_3hao.xlsx,985498,Full hourly file stored locally; sample files are included in this public repository.
SD0975_T004_4hao,SD0975_T004_4hao.xlsx,985278,Full hourly file stored locally; sample files are included in this public repository.
SD0975_T005_5hao,SD0975_T005_5hao.xlsx,1007137,Full hourly file stored locally; sample files are included in this public repository.
SD0975_T006_6hao,SD0975_T006_6hao.xlsx,984836,Full hourly file stored locally; sample files are included in this public repository.
SD0975_T007_7hao,SD0975_T007_7hao.xlsx,997278,Full hourly file stored locally; sample files are included in this public repository.
SD0975_T008_8hao,SD0975_T008_8hao.xlsx,995606,Full hourly file stored locally; sample files are included in this public repository.
SD0975_T009_9hao,SD0975_T009_9hao.xlsx,996682,Full hourly file stored locally; sample files are included in this public repository.
SD0976_T001_1hao,SD0976_T001_1hao.xlsx,987390,Full hourly file stored locally; sample files are included in this public repository.
SD0976_T002_2hao,SD0976_T002_2hao.xlsx,1003282,Full hourly file stored locally; sample files are included in this public repository.
SD0976_T003_3hao,SD0976_T003_3hao.xlsx,991441,Full hourly file stored locally; sample files are included in this public repository.
SD0976_T004_4hao,SD0976_T004_4hao.xlsx,991839,Full hourly file stored locally; sample files are included in this public repository.
SD0976_T005_5hao,SD0976_T005_5hao.xlsx,998450,Full hourly file stored locally; sample files are included in this public repository.
SD0977_T001_1hao,SD0977_T001_1hao.xlsx,978302,Full hourly file stored locally; sample files are included in this public repository.
SD0977_T002_2hao,SD0977_T002_2hao.xlsx,983567,Full hourly file stored locally; sample files are included in this public repository.
SD0977_T003_3hao,SD0977_T003_3hao.xlsx,996353,Full hourly file stored locally; sample files are included in this public repository.
SD0977_T004_4hao,SD0977_T004_4hao.xlsx,979604,Full hourly file stored locally; sample files are included in this public repository.
SD0977_T005_5hao,SD0977_T005_5hao.xlsx,987444,Full hourly file stored locally; sample files are included in this public repository.
SD0977_T006_6hao,SD0977_T006_6hao.xlsx,979746,Full hourly file stored locally; sample files are included in this public repository.
SD0977_T007_7hao,SD0977_T007_7hao.xlsx,982784,Full hourly file stored locally; sample files are included in this public repository.
SD0977_T008_8hao,SD0977_T008_8hao.xlsx,988890,Full hourly file stored locally; sample files are included in this public repository.
SD0977_T009_9hao,SD0977_T009_9hao.xlsx,982930,Full hourly file stored locally; sample files are included in this public repository.
SD0977_T010_10hao,SD0977_T010_10hao.xlsx,998050,Full hourly file stored locally; sample files are included in this public repository.
SD0977_T011_11hao,SD0977_T011_11hao.xlsx,974330,Full hourly file stored locally; sample files are included in this public repository.
SD0977_T012_12hao,SD0977_T012_12hao.xlsx,983354,Full hourly file stored locally; sample files are included in this public repository.
SD0977_T013_13hao,SD0977_T013_13hao.xlsx,984551,Full hourly file stored locally; sample files are included in this public repository.
SD0977_T014_14hao,SD0977_T014_14hao.xlsx,989378,Full hourly file stored locally; sample files are included in this public repository.
SD0978_T001_1hao,SD0978_T001_1hao.xlsx,827622,Full hourly file stored locally; sample files are included in this public repository.
SD0978_T002_2hao,SD0978_T002_2hao.xlsx,822784,Full hourly file stored locally; sample files are included in this public repository.
SD0978_T003_3hao,SD0978_T003_3hao.xlsx,989113,Full hourly file stored locally; sample files are included in this public repository.
SD0978_T004_4hao,SD0978_T004_4hao.xlsx,976938,Full hourly file stored locally; sample files are included in this public repository.
SD0978_T005_5hao,SD0978_T005_5hao.xlsx,994788,Full hourly file stored locally; sample files are included in this public repository.
SD0978_T006_6hao,SD0978_T006_6hao.xlsx,986289,Full hourly file stored locally; sample files are included in this public repository.
SD0979_T001_1hao,SD0979_T001_1hao.xlsx,971018,Full hourly file stored locally; sample files are included in this public repository.
SD0979_T002_2hao,SD0979_T002_2hao.xlsx,971239,Full hourly file stored locally; sample files are included in this public repository.
SD0979_T003_3hao,SD0979_T003_3hao.xlsx,970800,Full hourly file stored locally; sample files are included in this public repository.
SD0979_T004_4hao,SD0979_T004_4hao.xlsx,971281,Full hourly file stored locally; sample files are included in this public repository.
SD0979_T005_5hao,SD0979_T005_5hao.xlsx,980178,Full hourly file stored locally; sample files are included in this public repository.
SD0979_T006_6hao,SD0979_T006_6hao.xlsx,980129,Full hourly file stored locally; sample files are included in this public repository.
SD0979_T007_7hao,SD0979_T007_7hao.xlsx,971020,Full hourly file stored locally; sample files are included in this public repository.
SD0979_T008_8hao,SD0979_T008_8hao.xlsx,981600,Full hourly file stored locally; sample files are included in this public repository.
SD0979_T009_9hao,SD0979_T009_9hao.xlsx,981969,Full hourly file stored locally; sample files are included in this public repository.
SD0979_T010_10hao,SD0979_T010_10hao.xlsx,980285,Full hourly file stored locally; sample files are included in this public repository.
SD0979_T011_11hao,SD0979_T011_11hao.xlsx,979983,Full hourly file stored locally; sample files are included in this public repository.
SD0979_T012_12hao,SD0979_T012_12hao.xlsx,970913,Full hourly file stored locally; sample files are included in this public repository.
SD0979_T013_13hao,SD0979_T013_13hao.xlsx,971421,Full hourly file stored locally; sample files are included in this public repository.
SD0979_T014_14hao,SD0979_T014_14hao.xlsx,970678,Full hourly file stored locally; sample files are included in this public repository.
SD0979_T015_15hao,SD0979_T015_15hao.xlsx,968908,Full hourly file stored locally; sample files are included in this public repository.
SD0979_T016_16hao,SD0979_T016_16hao.xlsx,971256,Full hourly file stored locally; sample files are included in this public repository.
SD0980_T001_1hao,SD0980_T001_1hao.xlsx,983430,Full hourly file stored locally; sample files are included in this public repository.
SD0980_T002_2hao,SD0980_T002_2hao.xlsx,999642,Full hourly file stored locally; sample files are included in this public repository.
SD0980_T003_3hao,SD0980_T003_3hao.xlsx,982975,Full hourly file stored locally; sample files are included in this public repository.
SD0980_T004_4hao,SD0980_T004_4hao.xlsx,993072,Full hourly file stored locally; sample files are included in this public repository.
SD0981_T001_1hao,SD0981_T001_1hao.xlsx,1000254,Full hourly file stored locally; sample files are included in this public repository.
SD0981_T002_2hao,SD0981_T002_2hao.xlsx,998468,Full hourly file stored locally; sample files are included in this public repository.
SD0982_T001_1hao,SD0982_T001_1hao.xlsx,996949,Full hourly file stored locally; sample files are included in this public repository.
SD0983_T001_1hao,SD0983_T001_1hao.xlsx,976572,Full hourly file stored locally; sample files are included in this public repository.
SD0983_T002_2hao,SD0983_T002_2hao.xlsx,984266,Full hourly file stored locally; sample files are included in this public repository.
SD0983_T003_3hao,SD0983_T003_3hao.xlsx,980809,Full hourly file stored locally; sample files are included in this public repository.
SD0983_T004_4hao,SD0983_T004_4hao.xlsx,976802,Full hourly file stored locally; sample files are included in this public repository.
SD0984_T001_1hao,SD0984_T001_1hao.xlsx,983168,Full hourly file stored locally; sample files are included in this public repository.
SD0984_T002_2hao,SD0984_T002_2hao.xlsx,818063,Full hourly file stored locally; sample files are included in this public repository.
SD0984_T003_3hao,SD0984_T003_3hao.xlsx,995740,Full hourly file stored locally; sample files are included in this public repository.
SD0985_T001_1hao,SD0985_T001_1hao.xlsx,1001237,Full hourly file stored locally; sample files are included in this public repository.
SD0985_T002_2hao,SD0985_T002_2hao.xlsx,1005486,Full hourly file stored locally; sample files are included in this public repository.
SD0985_T003_3hao,SD0985_T003_3hao.xlsx,1002864,Full hourly file stored locally; sample files are included in this public repository.
SD0985_T004_4hao,SD0985_T004_4hao.xlsx,984762,Full hourly file stored locally; sample files are included in this public repository.
SD0985_T005_5hao,SD0985_T005_5hao.xlsx,980460,Full hourly file stored locally; sample files are included in this public repository.
SD0985_T006_6hao,SD0985_T006_6hao.xlsx,978698,Full hourly file stored locally; sample files are included in this public repository.
SD0986_T001_1hao,SD0986_T001_1hao.xlsx,987017,Full hourly file stored locally; sample files are included in this public repository.
SD0986_T002_2hao,SD0986_T002_2hao.xlsx,986172,Full hourly file stored locally; sample files are included in this public repository.
SD0986_T003_3hao,SD0986_T003_3hao.xlsx,986433,Full hourly file stored locally; sample files are included in this public repository.
SD0986_T004_4hao,SD0986_T004_4hao.xlsx,984601,Full hourly file stored locally; sample files are included in this public repository.
SD0986_T005_5hao,SD0986_T005_5hao.xlsx,984696,Full hourly file stored locally; sample files are included in this public repository.
SD0986_T006_6hao,SD0986_T006_6hao.xlsx,984750,Full hourly file stored locally; sample files are included in this public repository.
SD0987_T001_1hao,SD0987_T001_1hao.xlsx,975787,Full hourly file stored locally; sample files are included in this public repository.
SD0987_T002_2hao,SD0987_T002_2hao.xlsx,979703,Full hourly file stored locally; sample files are included in this public repository.
SD0987_T003_3hao,SD0987_T003_3hao.xlsx,975622,Full hourly file stored locally; sample files are included in this public repository.
SD0987_T004_4hao,SD0987_T004_4hao.xlsx,981477,Full hourly file stored locally; sample files are included in this public repository.
SD0987_T005_5hao,SD0987_T005_5hao.xlsx,981061,Full hourly file stored locally; sample files are included in this public repository.
SD0987_T006_6hao,SD0987_T006_6hao.xlsx,987865,Full hourly file stored locally; sample files are included in this public repository.
SD0987_T007_7hao,SD0987_T007_7hao.xlsx,979254,Full hourly file stored locally; sample files are included in this public repository.
SD0988_T001_1hao,SD0988_T001_1hao.xlsx,995827,Full hourly file stored locally; sample files are included in this public repository.
SD0988_T002_2hao,SD0988_T002_2hao.xlsx,989087,Full hourly file stored locally; sample files are included in this public repository.
SD0988_T003_3hao,SD0988_T003_3hao.xlsx,993797,Full hourly file stored locally; sample files are included in this public repository.
SD0988_T004_4hao,SD0988_T004_4hao.xlsx,976170,Full hourly file stored locally; sample files are included in this public repository.
SD0988_T005_5hao,SD0988_T005_5hao.xlsx,991009,Full hourly file stored locally; sample files are included in this public repository.
SD0989_T001_1hao,SD0989_T001_1hao.xlsx,975306,Full hourly file stored locally; sample files are included in this public repository.
SD0989_T002_2hao,SD0989_T002_2hao.xlsx,972680,Full hourly file stored locally; sample files are included in this public repository.
SD0989_T003_3hao,SD0989_T003_3hao.xlsx,991040,Full hourly file stored locally; sample files are included in this public repository.
SD0990_T001_1hao,SD0990_T001_1hao.xlsx,1002460,Full hourly file stored locally; sample files are included in this public repository.
SD0991_T001_1hao,SD0991_T001_1hao.xlsx,984762,Full hourly file stored locally; sample files are included in this public repository.
SD0991_T002_2hao,SD0991_T002_2hao.xlsx,987635,Full hourly file stored locally; sample files are included in this public repository.
SD0992_T001_1hao,SD0992_T001_1hao.xlsx,1001251,Full hourly file stored locally; sample files are included in this public repository.
SD0993_T001_1hao,SD0993_T001_1hao.xlsx,975452,Full hourly file stored locally; sample files are included in this public repository.
SD0993_T002_2hao,SD0993_T002_2hao.xlsx,982392,Full hourly file stored locally; sample files are included in this public repository.
SD0993_T003_3hao,SD0993_T003_3hao.xlsx,976322,Full hourly file stored locally; sample files are included in this public repository.
SD0993_T004_4hao,SD0993_T004_4hao.xlsx,981581,Full hourly file stored locally; sample files are included in this public repository.
SD0994_T001_1hao,SD0994_T001_1hao.xlsx,980039,Full hourly file stored locally; sample files are included in this public repository.
SD0995_T001_1hao,SD0995_T001_1hao.xlsx,1001946,Full hourly file stored locally; sample files are included in this public repository.
SD0996_T001_1hao,SD0996_T001_1hao.xlsx,979691,Full hourly file stored locally; sample files are included in this public repository.
SD0996_T002_2hao,SD0996_T002_2hao.xlsx,979366,Full hourly file stored locally; sample files are included in this public repository.
SD0996_T003_3hao,SD0996_T003_3hao.xlsx,981490,Full hourly file stored locally; sample files are included in this public repository.
SD0997_T001_1hao,SD0997_T001_1hao.xlsx,981323,Full hourly file stored locally; sample files are included in this public repository.
SD0997_T002_2hao,SD0997_T002_2hao.xlsx,980124,Full hourly file stored locally; sample files are included in this public repository.
SD0997_T003_3hao,SD0997_T003_3hao.xlsx,976330,Full hourly file stored locally; sample files are included in this public repository.
SD0997_T004_4hao,SD0997_T004_4hao.xlsx,982785,Full hourly file stored locally; sample files are included in this public repository.
SD0997_T005_5hao,SD0997_T005_5hao.xlsx,982815,Full hourly file stored locally; sample files are included in this public repository.
SD0997_T006_6hao,SD0997_T006_6hao.xlsx,984424,Full hourly file stored locally; sample files are included in this public repository.
SD0997_T007_7hao,SD0997_T007_7hao.xlsx,983413,Full hourly file stored locally; sample files are included in this public repository.
SD0997_T008_8hao,SD0997_T008_8hao.xlsx,979935,Full hourly file stored locally; sample files are included in this public repository.
SD0997_T009_9hao,SD0997_T009_9hao.xlsx,985373,Full hourly file stored locally; sample files are included in this public repository.
SD0997_T010_10hao,SD0997_T010_10hao.xlsx,983942,Full hourly file stored locally; sample files are included in this public repository.
SD0997_T011_11hao,SD0997_T011_11hao.xlsx,982502,Full hourly file stored locally; sample files are included in this public repository.
SD0997_T012_12hao,SD0997_T012_12hao.xlsx,982253,Full hourly file stored locally; sample files are included in this public repository.
SD0997_T013_13hao,SD0997_T013_13hao.xlsx,983368,Full hourly file stored locally; sample files are included in this public repository.
SD0997_T014_14hao,SD0997_T014_14hao.xlsx,983572,Full hourly file stored locally; sample files are included in this public repository.
SD0997_T015_15hao,SD0997_T015_15hao.xlsx,984207,Full hourly file stored locally; sample files are included in this public repository.
SD0997_T016_16hao,SD0997_T016_16hao.xlsx,983541,Full hourly file stored locally; sample files are included in this public repository.
SD0997_T017_17hao,SD0997_T017_17hao.xlsx,984311,Full hourly file stored locally; sample files are included in this public repository.
SD0997_T018_18hao,SD0997_T018_18hao.xlsx,984683,Full hourly file stored locally; sample files are included in this public repository.
SD0997_T019_19hao,SD0997_T019_19hao.xlsx,981073,Full hourly file stored locally; sample files are included in this public repository.
SD0997_T020_20hao,SD0997_T020_20hao.xlsx,983664,Full hourly file stored locally; sample files are included in this public repository.
SD0997_T021_21hao,SD0997_T021_21hao.xlsx,981134,Full hourly file stored locally; sample files are included in this public repository.
SD0997_T022_22hao,SD0997_T022_22hao.xlsx,985130,Full hourly file stored locally; sample files are included in this public repository.
SD0997_T023_23hao,SD0997_T023_23hao.xlsx,983776,Full hourly file stored locally; sample files are included in this public repository.
SD0997_T024_24hao,SD0997_T024_24hao.xlsx,984722,Full hourly file stored locally; sample files are included in this public repository.
SD0997_T025_25hao,SD0997_T025_25hao.xlsx,984727,Full hourly file stored locally; sample files are included in this public repository.
SD0997_T026_26hao,SD0997_T026_26hao.xlsx,982212,Full hourly file stored locally; sample files are included in this public repository.
SD0997_T027_27hao,SD0997_T027_27hao.xlsx,985940,Full hourly file stored locally; sample files are included in this public repository.
SD0997_T028_28hao,SD0997_T028_28hao.xlsx,980428,Full hourly file stored locally; sample files are included in this public repository.
SD0997_T029_29hao,SD0997_T029_29hao.xlsx,982512,Full hourly file stored locally; sample files are included in this public repository.
SD0997_T030_30hao,SD0997_T030_30hao.xlsx,984628,Full hourly file stored locally; sample files are included in this public repository.
SD0997_T031_31hao,SD0997_T031_31hao.xlsx,982830,Full hourly file stored locally; sample files are included in this public repository.
SD0997_T032_32hao,SD0997_T032_32hao.xlsx,983059,Full hourly file stored locally; sample files are included in this public repository.
SD0997_T033_33hao,SD0997_T033_33hao.xlsx,981718,Full hourly file stored locally; sample files are included in this public repository.
SD0998_T001_1hao,SD0998_T001_1hao.xlsx,978911,Full hourly file stored locally; sample files are included in this public repository.
SD0998_T002_2hao,SD0998_T002_2hao.xlsx,976292,Full hourly file stored locally; sample files are included in this public repository.
SD0998_T003_3hao,SD0998_T003_3hao.xlsx,978951,Full hourly file stored locally; sample files are included in this public repository.
SD0998_T004_4hao,SD0998_T004_4hao.xlsx,977696,Full hourly file stored locally; sample files are included in this public repository.
SD0998_T005_5hao,SD0998_T005_5hao.xlsx,977387,Full hourly file stored locally; sample files are included in this public repository.
SD0999_T001_1hao,SD0999_T001_1hao.xlsx,995232,Full hourly file stored locally; sample files are included in this public repository.
SD1000_T001_1hao,SD1000_T001_1hao.xlsx,988126,Full hourly file stored locally; sample files are included in this public repository.
SD1000_T002_2hao,SD1000_T002_2hao.xlsx,993752,Full hourly file stored locally; sample files are included in this public repository.
SD1000_T003_3hao,SD1000_T003_3hao.xlsx,975276,Full hourly file stored locally; sample files are included in this public repository.
SD1000_T004_4hao,SD1000_T004_4hao.xlsx,988161,Full hourly file stored locally; sample files are included in this public repository.
SD1000_T005_5hao,SD1000_T005_5hao.xlsx,987667,Full hourly file stored locally; sample files are included in this public repository.
SD1000_T006_6hao,SD1000_T006_6hao.xlsx,978469,Full hourly file stored locally; sample files are included in this public repository.
SD1000_T007_7hao,SD1000_T007_7hao.xlsx,988019,Full hourly file stored locally; sample files are included in this public repository.
SD1000_T008_8hao,SD1000_T008_8hao.xlsx,987938,Full hourly file stored locally; sample files are included in this public repository.
SD1000_T009_9hao,SD1000_T009_9hao.xlsx,988184,Full hourly file stored locally; sample files are included in this public repository.
SD1000_T010_10hao,SD1000_T010_10hao.xlsx,998139,Full hourly file stored locally; sample files are included in this public repository.
SD1000_T011_11hao,SD1000_T011_11hao.xlsx,980852,Full hourly file stored locally; sample files are included in this public repository.
SD1000_T012_12hao,SD1000_T012_12hao.xlsx,988524,Full hourly file stored locally; sample files are included in this public repository.
SD1000_T013_13hao,SD1000_T013_13hao.xlsx,995515,Full hourly file stored locally; sample files are included in this public repository.
SD1000_T014_14hao,SD1000_T014_14hao.xlsx,980889,Full hourly file stored locally; sample files are included in this public repository.
SD1000_T015_15hao,SD1000_T015_15hao.xlsx,981060,Full hourly file stored locally; sample files are included in this public repository.
SD1000_T016_16hao,SD1000_T016_16hao.xlsx,997404,Full hourly file stored locally; sample files are included in this public repository.
SD1000_T017_17hao,SD1000_T017_17hao.xlsx,1002227,Full hourly file stored locally; sample files are included in this public repository.
SD1000_T018_18hao,SD1000_T018_18hao.xlsx,981088,Full hourly file stored locally; sample files are included in this public repository.
SD1001_T001_1hao,SD1001_T001_1hao.xlsx,986023,Full hourly file stored locally; sample files are included in this public repository.
SD1001_T002_2hao,SD1001_T002_2hao.xlsx,980257,Full hourly file stored locally; sample files are included in this public repository.
SD1001_T003_3hao,SD1001_T003_3hao.xlsx,984574,Full hourly file stored locally; sample files are included in this public repository.
SD1001_T004_4hao,SD1001_T004_4hao.xlsx,978976,Full hourly file stored locally; sample files are included in this public repository.
SD1001_T005_5hao,SD1001_T005_5hao.xlsx,975299,Full hourly file stored locally; sample files are included in this public repository.
SD1001_T006_6hao,SD1001_T006_6hao.xlsx,975677,Full hourly file stored locally; sample files are included in this public repository.
SD1001_T007_7hao,SD1001_T007_7hao.xlsx,980313,Full hourly file stored locally; sample files are included in this public repository.
SD1001_T008_8hao,SD1001_T008_8hao.xlsx,977887,Full hourly file stored locally; sample files are included in this public repository.
